"cff = 2.0, order = 3, 2024-03-08 14:08:54.530004"
E,FWHM,Bandwidth,Flux,Intensity,Intensity_dict
101,0,0.0,0.0,0,"{'OE1': 48987.84312244332, 'OE2': 0.0, 'OE3': 0.0, 'OE4': 0.0, 'OE5': 0.0, 'OE6': 0.0, 'OE7': 0.0, 'OE8': 0.0, 'OE9': 0.0}"
151,0.02582818630685324,0.00027684089645197747,99261822.34166612,170.91028826172084,"{'OE1': 48181.80768217032, 'OE2': 1099.7735104574467, 'OE3': 736.6092347735906, 'OE4': 736.6092347735907, 'OE5': 736.6092347735907, 'OE6': 719.6556857701887, 'OE7': 178.61513926844316, 'OE8': 174.97170101206459, 'OE9': 170.91028826172084}"
201,0.03138644628162979,0.00028464509795643364,544850082.66155,1375.9012115422775,"{'OE1': 47170.03162453811, 'OE2': 16765.429856438437, 'OE3': 5611.264700852926, 'OE4': 5611.264700852926, 'OE5': 5611.264700852926, 'OE6': 5374.6530497389895, 'OE7': 1503.5369724471598, 'OE8': 1444.512590341974, 'OE9': 1375.9012115422775}"
251,0.03981436106448655,0.0003197250990015834,970803549.5703844,1975.1383624957757,"{'OE1': 45851.18863756109, 'OE2': 26027.8988296839, 'OE3': 8782.995143327922, 'OE4': 8782.995143327924, 'OE5': 8782.995143327924, 'OE6': 8196.132646416525, 'OE7': 2276.1165037230667, 'OE8': 2131.9871410296446, 'OE9': 1975.1383624957757}"
301,0.05086095256973522,0.0003556039104163411,1322278042.024244,1784.0200043180073,"{'OE1': 41138.74078593343, 'OE2': 29816.270575888804, 'OE3': 11066.0428722515, 'OE4': 11066.0428722515, 'OE5': 11066.0428722515, 'OE6': 9371.00288638285, 'OE7': 2524.3620551489907, 'OE8': 2143.754698868237, 'OE9': 1784.0200043180073}"
351,0.06632263621708034,0.0003660773079079789,638318932.4061651,644.4670046461861,"{'OE1': 28892.064543753615, 'OE2': 24700.596087324637, 'OE3': 10218.49776324615, 'OE4': 10218.49776324615, 'OE5': 10218.49776324615, 'OE6': 6268.063461297803, 'OE7': 1784.462556486559, 'OE8': 1103.4997144269596, 'OE9': 644.4670046461861}"
401,0.08282235101688684,0.000439525071894316,1943452102.989068,1307.987905015354,"{'OE1': 34056.39278054726, 'OE2': 32884.5478243336, 'OE3': 14546.270653451924, 'OE4': 14546.270653451924, 'OE5': 14546.270653451924, 'OE6': 10370.982268685322, 'OE7': 2648.6356461076975, 'OE8': 1899.2575489174892, 'OE9': 1307.987905015354}"
451,0.10127828946053796,0.0004154373583651048,3386123861.746488,2015.2026571775389,"{'OE1': 36220.67552536168, 'OE2': 36220.67552536168, 'OE3': 16901.039273803202, 'OE4': 16901.039273803202, 'OE5': 16901.039273803202, 'OE6': 12737.966438687161, 'OE7': 3632.280509182505, 'OE8': 2751.4938286701563, 'OE9': 2015.2026571775389}"
501,0.11200331907400596,0.0004717437832368887,4234520253.902708,1934.3977741782824,"{'OE1': 36288.708354382376, 'OE2': 36288.708354382376, 'OE3': 17290.916376520097, 'OE4': 17290.916376520097, 'OE5': 17290.916376520097, 'OE6': 13063.25565277725, 'OE7': 3476.36726474062, 'OE8': 2637.6086597111275, 'OE9': 1934.3977741782824}"
551,0.13894280758506738,0.0005062248699116898,5692619162.928301,2175.7851865499115,"{'OE1': 37491.85666777191, 'OE2': 37491.85666777191, 'OE3': 18258.612673360178, 'OE4': 18258.612673360178, 'OE5': 18258.612673360178, 'OE6': 14207.8284875877, 'OE7': 3673.663096396281, 'OE8': 2870.4582906409987, 'OE9': 2175.7851865499115}"
601,0.1480918655786354,0.0005219683652067397,6958903102.60992,2357.352453151213,"{'OE1': 38047.99720360148, 'OE2': 38047.99720360148, 'OE3': 18809.463031117066, 'OE4': 18809.46303111707, 'OE5': 18809.46303111707, 'OE6': 14829.498202721179, 'OE7': 3872.1214357462377, 'OE8': 3064.6020145003904, 'OE9': 2357.352453151213}"
651,0.17371434526239682,0.0005547681838751823,8510319625.278314,2504.038783899237,"{'OE1': 38380.964629046175, 'OE2': 38380.964629046175, 'OE3': 19535.442965832335, 'OE4': 19535.442965832335, 'OE5': 19535.442965832335, 'OE6': 15534.664670843089, 'OE7': 4044.281760218095, 'OE8': 3226.897555274923, 'OE9': 2504.038783899237}"
701,0.20127066838540486,0.0005883624888395567,10020132847.237612,2561.9122549001086,"{'OE1': 38877.76317694677, 'OE2': 38877.76317694677, 'OE3': 20114.770924946246, 'OE4': 20114.770924946246, 'OE5': 20114.770924946246, 'OE6': 16164.935156720734, 'OE7': 4044.9700964577623, 'OE8': 3261.4104864923165, 'OE9': 2561.9122549001086}"
751,0.22058674742947915,0.0006000055316220238,11374990080.353432,2685.121146754478,"{'OE1': 39195.518800128666, 'OE2': 39195.518800128666, 'OE3': 20208.604494149564, 'OE4': 20208.604494149564, 'OE5': 20208.604494149564, 'OE6': 16373.009992986039, 'OE7': 4169.969199928198, 'OE8': 3389.425592610569, 'OE9': 2685.121146754478}"
801,0.24345039612228447,0.0006076735625493766,13104984909.32437,2898.6026413806203,"{'OE1': 39433.45895123142, 'OE2': 39433.45895123142, 'OE3': 20796.465821275408, 'OE4': 20796.465821275408, 'OE5': 20796.465821275408, 'OE6': 16962.590371110993, 'OE7': 4441.647532006225, 'OE8': 3633.232733940469, 'OE9': 2898.6026413806203}"
851,0.2715144427531868,0.000626450865254139,14495951387.83143,2951.483034335989,"{'OE1': 39670.68046187013, 'OE2': 39670.68046187013, 'OE3': 21175.869487634067, 'OE4': 21175.869487634067, 'OE5': 21175.869487634067, 'OE6': 17345.29069197944, 'OE7': 4479.596312056076, 'OE8': 3679.814467077724, 'OE9': 2951.483034335989}"
901,0.2772530338654633,0.0006204537081881026,16107410178.414793,3130.756109514523,"{'OE1': 39832.904700747175, 'OE2': 39832.90470074718, 'OE3': 21447.930866559454, 'OE4': 21436.622421453318, 'OE5': 21436.622421453318, 'OE6': 17633.43857247731, 'OE7': 4713.253801321732, 'OE8': 3887.5540522598612, 'OE9': 3130.756109514523}"
951,0.3124052531511552,0.0006660974246227523,16052645973.494314,2751.365669979118,"{'OE1': 39309.13459003138, 'OE2': 39309.13459003138, 'OE3': 20717.04342809498, 'OE4': 20394.51674505547, 'OE5': 20394.51674505547, 'OE6': 16577.412041191412, 'OE7': 4248.373920781004, 'OE8': 3463.465107761266, 'OE9': 2751.365669979118}"
1001,0.32486939555212757,0.0006527377901078468,16109872215.746122,2662.511645709384,"{'OE1': 38825.09270328283, 'OE2': 38825.09270328283, 'OE3': 20027.312060178683, 'OE4': 19233.635667981536, 'OE5': 19233.635667981536, 'OE6': 15463.278711972573, 'OE7': 4211.34383940113, 'OE8': 3394.584714875965, 'OE9': 2662.511645709384}"
1051,0.3628679535563606,0.0006930025330943945,17349783523.69956,2538.2229763199093,"{'OE1': 38934.062977006215, 'OE2': 38934.062977006215, 'OE3': 20154.344536557976, 'OE4': 18945.514506842566, 'OE5': 18945.514506842566, 'OE6': 15265.387350458988, 'OE7': 3991.3841337975277, 'OE8': 3225.2443142818192, 'OE9': 2538.2229763199093}"
1101,0.39187302565756,0.0007116098440329848,18880243785.6808,2503.2452657060885,"{'OE1': 39029.87773838113, 'OE2': 39029.87773838113, 'OE3': 20269.52115101142, 'OE4': 18629.634515430516, 'OE5': 18629.634515430516, 'OE6': 15054.561178832246, 'OE7': 3914.133883970395, 'OE8': 3171.114467710259, 'OE9': 2503.2452657060885}"
1151,0.4057204505231766,0.0007105223444139895,20433395841.537586,2539.0057821755363,"{'OE1': 39143.99629478014, 'OE2': 39143.99629478014, 'OE3': 20387.537368858695, 'OE4': 18365.773953727316, 'OE5': 18365.773953727316, 'OE6': 14877.969092786785, 'OE7': 3957.411091743389, 'OE8': 3213.6225647377305, 'OE9': 2539.0057821755363}"
1201,0.41996820583881345,0.0006944553744145194,21795268301.272545,2603.2403084747552,"{'OE1': 39173.45384108736, 'OE2': 39173.45384108736, 'OE3': 20453.695814343977, 'OE4': 18114.099513623372, 'OE5': 18114.099513623372, 'OE6': 14697.237189767655, 'OE7': 4044.0731114794044, 'OE8': 3288.6575888890825, 'OE9': 2603.2403084747552}"
1251,0.46959905156654713,0.0007460011745462921,23280232682.447117,2457.093458926339,"{'OE1': 39245.86381657984, 'OE2': 39245.86381657984, 'OE3': 20430.12287951871, 'OE4': 17754.29395108609, 'OE5': 17754.29395108609, 'OE6': 14420.893034924356, 'OE7': 3805.7666154780345, 'OE8': 3099.3020596806673, 'OE9': 2457.093458926339}"
1301,0.4897563699635157,0.0007252207162098667,24746131493.35626,2573.1775585722276,"{'OE1': 39293.44813906138, 'OE2': 39293.44813906138, 'OE3': 20304.666634389607, 'OE4': 17347.654089409334, 'OE5': 17347.654089409334, 'OE6': 14117.671520058868, 'OE7': 3976.2359298037404, 'OE8': 3242.7405946984845, 'OE9': 2573.1775585722276}"
1351,0.5408372019389844,0.0007776260505689625,25863297134.35952,2396.422849088567,"{'OE1': 39260.1772603652, 'OE2': 39260.1772603652, 'OE3': 20116.525232453907, 'OE4': 16922.146083862976, 'OE5': 16922.146083862976, 'OE6': 13779.50988361449, 'OE7': 3694.0885876753355, 'OE8': 3014.8403242233253, 'OE9': 2396.422849088567}"
1401,0.5362701785384161,0.0007956082847316291,26552912523.287445,2321.349190029136,"{'OE1': 39287.5612657059, 'OE2': 39287.5612657059, 'OE3': 19936.700256749627, 'OE4': 16509.200153847116, 'OE5': 16509.200153847116, 'OE6': 13454.31749956871, 'OE7': 3576.3594597047563, 'OE8': 2920.229276528219, 'OE9': 2321.349190029136}"
1451,0.5809643184111337,0.0008036188293883855,26122681533.021027,2236.1690767509554,"{'OE1': 39308.44801615265, 'OE2': 39308.44801615265, 'OE3': 19728.495249368374, 'OE4': 16106.584013352189, 'OE5': 16106.584013352189, 'OE6': 13128.727600939652, 'OE7': 3444.317094118695, 'OE8': 2813.681801130215, 'OE9': 2236.1690767509554}"
1501,0.5974337270381511,0.0007894214783799454,26021064067.545223,2260.480475604363,"{'OE1': 39307.035077344844, 'OE2': 39307.035077344844, 'OE3': 19482.941542448276, 'OE4': 15691.302131966273, 'OE5': 15691.302131966273, 'OE6': 12792.10021481663, 'OE7': 3482.1272544735, 'OE8': 2845.7070589591826, 'OE9': 2260.480475604363}"
1551,0.6384513376683572,0.0007979709282340108,26007218929.839073,2227.364452388421,"{'OE1': 39346.42551158281, 'OE2': 39346.42551158281, 'OE3': 19082.064104557026, 'OE4': 15187.541779438588, 'OE5': 15187.541779438588, 'OE6': 12394.294764013524, 'OE7': 3423.545487450893, 'OE8': 2800.298341237265, 'OE9': 2227.364452388421}"
1601,0.648857028686507,0.0007962839246930508,24367422866.40077,2186.5582909891004,"{'OE1': 39331.585586141926, 'OE2': 39331.585586141926, 'OE3': 18584.954136937737, 'OE4': 14585.030771530128, 'OE5': 14585.030771530128, 'OE6': 11912.303997757941, 'OE7': 3364.5643301211067, 'OE8': 2752.7889188509944, 'OE9': 2186.5582909891004}"
1651,0.6887723302006634,0.0008350416412082678,22118269900.974606,2009.4391934343928,"{'OE1': 39320.081713661355, 'OE2': 39320.081713661355, 'OE3': 18027.173101410204, 'OE4': 13990.216170255066, 'OE5': 13990.216170255066, 'OE6': 11421.75270564607, 'OE7': 3089.8770595963915, 'OE8': 2528.4519476440532, 'OE9': 2009.4391934343928}"
1701,0.7527357559440588,0.0008745703690718808,19750397844.470192,1848.813160342516,"{'OE1': 39312.38445176534, 'OE2': 39312.38445176535, 'OE3': 17400.92374470539, 'OE4': 13362.52658980188, 'OE5': 13362.52658980188, 'OE6': 10912.583370262133, 'OE7': 2843.7857853365226, 'OE8': 2327.1813685298084, 'OE9': 1848.813160342516}"
1751,0.7968062832665055,0.0008404510621515653,17608341293.000114,1887.0095297158086,"{'OE1': 39275.55921139498, 'OE2': 39275.55921139498, 'OE3': 16625.701995151223, 'OE4': 12643.90407037981, 'OE5': 12643.90407037981, 'OE6': 10326.7756247286, 'OE7': 2903.8579735034396, 'OE8': 2376.1661613324413, 'OE9': 1887.0095297158086}"
1801,0.8436200172784538,0.0008986555699839488,14530725244.652552,1641.792819612725,"{'OE1': 39236.869456612214, 'OE2': 39236.869456612214, 'OE3': 15435.104903099074, 'OE4': 11615.53543800264, 'OE5': 11615.53543800264, 'OE6': 9483.404967854005, 'OE7': 2529.6275048999464, 'OE8': 2069.5284122070143, 'OE9': 1641.792819612725}"
1851,0.8188404619627363,0.0008636820073235017,11629661880.433414,1545.3387043827797,"{'OE1': 39143.597997878525, 'OE2': 39143.597997878525, 'OE3': 14092.425536801678, 'OE4': 10522.59544539321, 'OE5': 10522.59544539321, 'OE6': 8582.619780499339, 'OE7': 2387.6583602820747, 'OE8': 1951.8812259793874, 'OE9': 1545.3387043827797}"
1901,0.8637432531872946,0.0008966641035524197,9096922641.62764,1348.3251741778465,"{'OE1': 39103.14890460185, 'OE2': 39103.14890460185, 'OE3': 12660.429830770425, 'OE4': 9347.164754378946, 'OE5': 9347.164754378946, 'OE6': 7621.347524800114, 'OE7': 2090.3126432252634, 'OE8': 1707.1672402343138, 'OE9': 1348.3251741778465}"
1951,0.8340383808501883,0.0008751165894613444,6440335995.814044,1139.4260397138828,"{'OE1': 39024.236440322245, 'OE2': 39024.236440322245, 'OE3': 10658.103781360467, 'OE4': 7806.076691571951, 'OE5': 7806.076691571951, 'OE6': 6355.238384381041, 'OE7': 1771.6133520599933, 'OE8': 1445.2718083282507, 'OE9': 1139.4260397138828}"
2001,0.9283327220809952,0.0009524453943013868,4292293350.0406804,840.4680340664929,"{'OE1': 38935.839173460554, 'OE2': 38935.839173460554, 'OE3': 8500.479998571078, 'OE4': 6163.199387944198, 'OE5': 6163.199387944198, 'OE6': 5011.06880429198, 'OE7': 1311.1012284284539, 'OE8': 1068.2261336497943, 'OE9': 840.4680340664929}"
2051,0.9566389668907505,0.0009382902248068653,2485364069.265906,604.548987876884,"{'OE1': 38824.33603623688, 'OE2': 38824.33603623688, 'OE3': 6010.481047664642, 'OE4': 4315.153098782864, 'OE5': 4315.153098782864, 'OE6': 3505.403178468284, 'OE7': 946.9667848156747, 'OE8': 770.7285138735641, 'OE9': 604.548987876884}"
2101,0.9433828578225985,0.0009494296370335077,1072669725.12292,318.0012308653038,"{'OE1': 38738.22168890334, 'OE2': 38738.22168890334, 'OE3': 3204.1824900503802, 'OE4': 2284.531420408105, 'OE5': 2284.531420408105, 'OE6': 1852.8655227552574, 'OE7': 500.36806700760064, 'OE8': 406.7321566964658, 'OE9': 318.0012308653038}"
2151,1.0001052073494066,0.0009355079978738549,670320008.2493123,249.57116197202458,"{'OE1': 38592.94870567051, 'OE2': 38592.94870567051, 'OE3': 2469.160711424326, 'OE4': 1750.029521314233, 'OE5': 1750.029521314233, 'OE6': 1416.9125752925938, 'OE7': 394.96573323841596, 'OE8': 320.38250844857527, 'OE9': 249.57116197202458}"
2201,1.0402847023487993,0.0008878981899843112,624410287.7226845,334.62048920216193,"{'OE1': 38430.154950866956, 'OE2': 38430.154950866956, 'OE3': 3182.5831950040524, 'OE4': 2241.008384097685, 'OE5': 2241.008384097685, 'OE6': 1810.1607689092693, 'OE7': 532.3519323920331, 'OE8': 430.8134277865675, 'OE9': 334.62048920216193}"
2251,1.0571364278557667,0.0009622069116361387,264366687.2944977,366.0477703034647,"{'OE1': 38267.3028920288, 'OE2': 38267.3028920288, 'OE3': 3767.2598452177717, 'OE4': 2633.03788913433, 'OE5': 2633.03788913433, 'OE6': 2121.339231608516, 'OE7': 587.6143199437768, 'OE8': 474.2892988980375, 'OE9': 366.0477703034647}"
2301,1.1133370339994144,0.0009795292671886822,205594174.32989445,404.56800880511713,"{'OE1': 38072.55782670539, 'OE2': 38072.55782670539, 'OE3': 4278.857005286093, 'OE4': 2966.9666349540316, 'OE5': 2966.9666349540316, 'OE6': 2382.6075120799474, 'OE7': 654.3173300952878, 'OE8': 526.5844095701206, 'OE9': 404.56800880511713}"
2351,1.1941527324297567,0.0009952176269062735,175652680.02919576,420.1248925046028,"{'OE1': 37843.56548019266, 'OE2': 37843.56548019266, 'OE3': 4564.034453307391, 'OE4': 3140.2048117167074, 'OE5': 3140.2048117167074, 'OE6': 2513.8608672378073, 'OE7': 686.1880420678478, 'OE8': 550.4336120321791, 'OE9': 420.1248925046028}"
2401,1.217466788364618,0.0009867269147449248,230754919.45918992,446.5187939533614,"{'OE1': 37585.98391118809, 'OE2': 37585.98391118809, 'OE3': 4817.632289124885, 'OE4': 3301.5644837499003, 'OE5': 3301.5644837499003, 'OE6': 2631.80250800241, 'OE7': 737.4245203244974, 'OE8': 589.2534061825806, 'OE9': 446.5187939533614}"
2451,1.1758477271296215,0.000973024704984322,260436891.92610198,457.08990516712436,"{'OE1': 37238.41559817931, 'OE2': 37238.41559817931, 'OE3': 5012.872245061848, 'OE4': 3420.5798562574164, 'OE5': 3420.5798562574164, 'OE6': 2712.407176343751, 'OE7': 766.6773141902931, 'OE8': 609.3744070152432, 'OE9': 457.08990516712436}"
2501,1.2883555687026274,0.0010417076353271895,276650833.1688993,435.44644437090534,"{'OE1': 36805.02688999243, 'OE2': 36805.026889992434, 'OE3': 5173.414644014257, 'OE4': 3494.91123550963, 'OE5': 3494.91123550963, 'OE6': 2755.7922257006558, 'OE7': 742.5762810195955, 'OE8': 586.7309309598262, 'OE9': 435.44644437090534}"
2551,1.338160593604698,0.0010134056613519229,274189806.37535185,433.2922534736017,"{'OE1': 36334.32032238546, 'OE2': 36334.32032238546, 'OE3': 5147.414827633708, 'OE4': 3463.8086872707145, 'OE5': 3463.8086872707145, 'OE6': 2712.8563157780345, 'OE7': 753.5550336184109, 'OE8': 591.4744351560868, 'OE9': 433.2922534736017}"
2601,1.325198107817414,0.001094068633760657,247474945.58091214,365.0984113822323,"{'OE1': 35822.22914274913, 'OE2': 35822.22914274913, 'OE3': 4858.444926549772, 'OE4': 3242.6121749853983, 'OE5': 3242.6121749853983, 'OE6': 2519.5389685491327, 'OE7': 651.0040539716, 'OE8': 507.1934593906223, 'OE9': 365.0984113822323}"
2651,1.378251220421589,0.000998474464947734,217273458.45954478,367.0688342997819,"{'OE1': 35101.33004432747, 'OE2': 35101.33004432747, 'OE3': 4561.5310412110875, 'OE4': 3039.0482046714355, 'OE5': 3039.0482046714355, 'OE6': 2336.8369955764806, 'OE7': 675.0524110252525, 'OE8': 520.5310500983909, 'OE9': 367.0688342997819}"
2701,1.4917415942436492,0.0011173644207378135,196515355.24130538,325.4112099941573,"{'OE1': 34168.24354207908, 'OE2': 34168.243542079086, 'OE3': 4789.969173680112, 'OE4': 3174.4097557886257, 'OE5': 3174.4097557886257, 'OE6': 2409.5215909707467, 'OE7': 623.4836494641531, 'OE8': 474.780931616206, 'OE9': 325.4112099941573}"
2751,1.4548716430026616,0.001063528685086492,157038987.6122792,328.1603524179878,"{'OE1': 33049.871760948015, 'OE2': 33049.871760948015, 'OE3': 4832.52507705464, 'OE4': 3188.9634142136442, 'OE5': 3188.9634142136442, 'OE6': 2385.2826158571256, 'OE7': 662.3681583448289, 'OE8': 497.1020489373822, 'OE9': 328.1603524179878}"
2801,1.4661261451547034,0.0010713056111281026,133262425.86948395,277.83384187272094,"{'OE1': 31259.744784071863, 'OE2': 31259.74478407186, 'OE3': 4660.794422823968, 'OE4': 3052.8734828713646, 'OE5': 3052.8734828713646, 'OE6': 2229.6432024756878, 'OE7': 612.2496663400308, 'OE8': 448.9121277794108, 'OE9': 277.83384187272094}"
2851,1.509592551255082,0.0010883860091073737,110444944.83070461,219.0227410687453,"{'OE1': 28710.59995343712, 'OE2': 28710.59995343712, 'OE3': 4309.371776857414, 'OE4': 2816.221596173824, 'OE5': 2816.221596173824, 'OE6': 1994.744329069806, 'OE7': 547.924234359634, 'OE8': 389.90836637040945, 'OE9': 219.0227410687453}"
2901,1.6011024349718355,0.0011108903595540693,68491670.21884885,133.39729789400985,"{'OE1': 24093.630550103764, 'OE2': 24093.630550103764, 'OE3': 3598.8448729116717, 'OE4': 2336.939426343846, 'OE5': 2336.939426343846, 'OE6': 1564.6888813663643, 'OE7': 418.9263066053407, 'OE8': 282.5602889540685, 'OE9': 133.39729789400985}"
2951,1.63655002638734,0.0011284607068062751,23782637.103742477,45.75792184216698,"{'OE1': 15673.037787734855, 'OE2': 15673.037787734855, 'OE3': 2320.755533747402, 'OE4': 1500.3609303468525, 'OE5': 1500.3609303468525, 'OE6': 878.303530956023, 'OE7': 235.8424152534093, 'OE8': 140.16978864782928, 'OE9': 45.75792184216698}"
3001,1.6267005843574225,0.0010870471840829729,2522607.105575564,5.097030446462125,"{'OE1': 7804.988536755898, 'OE2': 7804.988536755898, 'OE3': 1118.2236759241225, 'OE4': 720.4316695293531, 'OE5': 720.4316695293531, 'OE6': 265.1010163565827, 'OE7': 79.95332597069827, 'OE8': 31.179665400403227, 'OE9': 5.097030446462125}"
3051,1.732118931239711,0.0011513236955881757,889817.598189435,1.7290503878613546,"{'OE1': 7566.220420750576, 'OE2': 7566.220420750576, 'OE3': 1067.7684449421731, 'OE4': 682.8629435873715, 'OE5': 682.8629435873715, 'OE6': 169.94349464119725, 'OE7': 45.27066068286249, 'OE8': 11.295774839069939, 'OE9': 1.7290503878613546}"
3101,1.757760923054775,0.0011270790525305559,1135404.3659973885,2.310692084359501,"{'OE1': 8003.461095306527, 'OE2': 8003.461095306527, 'OE3': 1139.0941865389639, 'OE4': 726.5608096903211, 'OE5': 726.5608096903211, 'OE6': 192.84341018177403, 'OE7': 53.68704604731797, 'OE8': 14.30298729723571, 'OE9': 2.310692084359501}"
3151,1.8818943145060985,0.0011983541398862263,506948.91341299406,1.0151860452454249,"{'OE1': 6818.099746404249, 'OE2': 6818.099746404249, 'OE3': 961.1259540193697, 'OE4': 611.7004363602134, 'OE5': 611.7004363602134, 'OE6': 131.38391774540654, 'OE7': 34.3641953140621, 'OE8': 7.3824076410367745, 'OE9': 1.0151860452454249}"
3201,1.8924989606712188,0.0011858534956498642,707488.5403178446,1.500890327730715,"{'OE1': 7510.242541061911, 'OE2': 7510.242541061911, 'OE3': 1047.4091940997585, 'OE4': 664.647848325302, 'OE5': 664.647848325302, 'OE6': 157.6566067881009, 'OE7': 41.655306374677934, 'OE8': 9.907087509476925, 'OE9': 1.500890327730715}"
3251,1.8907842556704963,0.0011850350707643946,897287.2540496931,1.9319578984298762,"{'OE1': 8017.8506208784665, 'OE2': 8017.8506208784665, 'OE3': 1089.6086673758452, 'OE4': 687.7328398159216, 'OE5': 687.7328398159216, 'OE6': 174.82621868290684, 'OE7': 46.77683678713673, 'OE8': 11.931411535792057, 'OE9': 1.9319578984298762}"
3301,1.8845120246837723,0.0011657839362660253,893291.2294961251,1.9540481625606274,"{'OE1': 7993.698507480544, 'OE2': 7993.698507480544, 'OE3': 1058.4752613374278, 'OE4': 666.3602729113252, 'OE5': 666.3602729113252, 'OE6': 171.6111030573992, 'OE7': 46.7549638816225, 'OE8': 12.081532957922581, 'OE9': 1.9540481625606274}"
3351,2.019149293020746,0.0011839771811142058,780528.6138111152,1.6885166440727852,"{'OE1': 7632.634669951972, 'OE2': 7632.634669951972, 'OE3': 1008.8603264165885, 'OE4': 632.5207762563571, 'OE5': 632.5207762563571, 'OE6': 159.09159988749184, 'OE7': 43.46785667714343, 'OE8': 10.963802052353538, 'OE9': 1.6885166440727852}"
3401,2.0544760535731257,0.0011635124141665186,679527.8747119616,1.5073721911945577,"{'OE1': 7278.7457413740685, 'OE2': 7278.7457413740685, 'OE3': 954.5973027205137, 'OE4': 596.8965963005584, 'OE5': 596.8965963005584, 'OE6': 146.49627436673674, 'OE7': 41.38028331212104, 'OE8': 10.177966224354726, 'OE9': 1.5073721911945577}"
3451,2.1223927177197766,0.0012377386432346942,582589.685482511,1.231286477100036,"{'OE1': 7187.949236964453, 'OE2': 7187.949236964452, 'OE3': 926.3076170681209, 'OE4': 577.9587458624355, 'OE5': 577.9587458624355, 'OE6': 136.68815590083352, 'OE7': 35.77096166814155, 'OE8': 8.477051472625654, 'OE9': 1.231286477100036}"
3501,2.1009283453931857,0.0010676171368644918,597425.2955472647,1.4668068927094047,"{'OE1': 7198.117409372927, 'OE2': 7198.117409372927, 'OE3': 911.3184872012209, 'OE4': 566.3109403839543, 'OE5': 566.3109403839543, 'OE6': 135.9975550019775, 'OE7': 41.922364637675976, 'OE8': 10.09357687723195, 'OE9': 1.4668068927094047}"
3551,2.175667071465341,0.0012522586802213413,576920.5417764753,1.18321829531468,"{'OE1': 7067.301685395182, 'OE2': 7067.301685395182, 'OE3': 878.8796287266902, 'OE4': 544.4609290538726, 'OE5': 544.4609290538726, 'OE6': 130.67583779972662, 'OE7': 34.353170269008416, 'OE8': 8.263746987645423, 'OE9': 1.18321829531468}"
3601,2.2285116978528094,0.001250129230338396,513361.76938257215,1.0375851976385095,"{'OE1': 6815.514754394732, 'OE2': 6815.514754394732, 'OE3': 826.8565444322867, 'OE4': 511.19922292517987, 'OE5': 511.19922292517987, 'OE6': 120.41047097536878, 'OE7': 31.791145923036165, 'OE8': 7.509259247285709, 'OE9': 1.0375851976385095}"
3651,2.2400416705086172,0.0012619092336133128,454174.3711081671,0.8943686527427352,"{'OE1': 6548.032604053764, 'OE2': 6548.032604053764, 'OE3': 774.216057649104, 'OE4': 477.06948134758085, 'OE5': 477.06948134758085, 'OE6': 110.11814085738123, 'OE7': 29.140321983112486, 'OE8': 6.734625078654158, 'OE9': 0.8943686527427352}"
3701,2.319189647191706,0.001223138976426067,397147.73627642565,0.7908841828958082,"{'OE1': 6262.066037367767, 'OE2': 6262.066037367767, 'OE3': 721.5410697092476, 'OE4': 442.99023210780973, 'OE5': 442.99023210780973, 'OE6': 99.65829597441487, 'OE7': 27.630733110088652, 'OE8': 6.216367782839246, 'OE9': 0.7908841828958082}"
3751,2.2899416954364824,0.001264919997715407,325078.2977637927,0.6125248096706727,"{'OE1': 5932.899515471572, 'OE2': 5932.899515471573, 'OE3': 666.1416417124392, 'OE4': 408.38879499986945, 'OE5': 408.38879499986945, 'OE6': 88.58832750669825, 'OE7': 23.53491787925357, 'OE8': 5.09961102014161, 'OE9': 0.6125248096706727}"
3801,2.473484104200452,0.00127775826537219,276457.5515019978,0.5029432027637044,"{'OE1': 5613.3429507945175, 'OE2': 5613.3429507945175, 'OE3': 614.117260974193, 'OE4': 376.0576948113198, 'OE5': 376.0576948113198, 'OE6': 78.44969407059035, 'OE7': 21.190345062082805, 'OE8': 4.411621104872796, 'OE9': 0.5029432027637044}"
3851,2.4299357373024577,0.0012589541682324317,225696.97692534843,0.4052107765297312,"{'OE1': 5309.56519266051, 'OE2': 5309.56519266051, 'OE3': 563.4384234671389, 'OE4': 344.0908800168967, 'OE5': 344.0908800168967, 'OE6': 68.73497506671694, 'OE7': 18.915869554315872, 'OE8': 3.7662303736939324, 'OE9': 0.4052107765297312}"
3901,2.4692054197998914,0.0012394213116241576,180741.77154447662,0.31967753243966734,"{'OE1': 4988.465074878582, 'OE2': 4988.465074878582, 'OE3': 513.4080827625744, 'OE4': 312.96377877730197, 'OE5': 312.96377877730197, 'OE6': 59.46192537106847, 'OE7': 16.697532770277355, 'OE8': 3.1560730075719623, 'OE9': 0.31967753243966734}"
3951,2.617798627328739,0.0013715026467016576,141705.73041970978,0.219533726180267,"{'OE1': 4690.063914819305, 'OE2': 4690.063914819305, 'OE3': 468.23069770987473, 'OE4': 284.70442047486455, 'OE5': 284.70442047486455, 'OE6': 51.34306095913894, 'OE7': 12.920181953749585, 'OE8': 2.313651699176777, 'OE9': 0.219533726180267}"
4001,2.666832417529804,0.001254552508337935,113839.19812852787,0.18657892151179256,"{'OE1': 4410.080857739795, 'OE2': 4410.080857739795, 'OE3': 427.1425787248452, 'OE4': 259.4200208025308, 'OE5': 259.4200208025308, 'OE6': 44.236305919006725, 'OE7': 12.343993058547031, 'OE8': 2.088149214701766, 'OE9': 0.18657892151179256}"
4051,2.6494049225416347,0.0013931100207635967,88924.10320170473,0.12687652021565368,"{'OE1': 4130.41260346855, 'OE2': 4130.41260346855, 'OE3': 388.24211653573764, 'OE4': 234.9267565624419, 'OE5': 234.9267565624419, 'OE6': 37.7159761318692, 'OE7': 9.552173225357244, 'OE8': 1.5183479213940267, 'OE9': 0.12687652021565368}"
4101,2.6105940015731903,0.0013127912037698287,69475.46887411035,0.10156144953233556,"{'OE1': 3872.8505722698605, 'OE2': 3872.8505722698605, 'OE3': 353.2529912596356, 'OE4': 213.34885914739067, 'OE5': 213.34885914739067, 'OE6': 32.19811547561477, 'OE7': 8.687700911407152, 'OE8': 1.2962512005912352, 'OE9': 0.10156144953233556}"
4151,2.7572096637959476,0.0013303571984529365,55395.98428597044,0.07722104425706316,"{'OE1': 3636.283242563445, 'OE2': 3636.283242563445, 'OE3': 320.8833609175723, 'OE4': 193.55150523119704, 'OE5': 193.55150523119704, 'OE6': 27.42835068702034, 'OE7': 7.488446838077147, 'OE8': 1.0481488958506113, 'OE9': 0.07722104425706316}"
4201,2.74013462412222,0.0012944566945915245,42422.029145589666,0.05847585547229709,"{'OE1': 3407.6346786534364, 'OE2': 3407.6346786534364, 'OE3': 291.033497989919, 'OE4': 175.4472376648107, 'OE5': 175.4472376648107, 'OE6': 23.279630946416617, 'OE7': 6.476393149374952, 'OE8': 0.8478811189238715, 'OE9': 0.05847585547229709}"
4251,2.930709154838951,0.0013922993083502284,32178.67091628067,0.03970207435571205,"{'OE1': 3198.0866157811965, 'OE2': 3198.0866157811965, 'OE3': 264.43174769456704, 'OE4': 158.99181427381382, 'OE5': 158.99181427381382, 'OE6': 19.720640396141818, 'OE7': 5.021153731701837, 'OE8': 0.6142149494982789, 'OE9': 0.03970207435571205}"
4301,2.883690408099028,0.0013582037462994132,25016.91059431818,0.03083469146745918,"{'OE1': 3001.938291901069, 'OE2': 3001.938291901069, 'OE3': 240.40035182745262, 'OE4': 144.29686463804433, 'OE5': 144.29686463804433, 'OE6': 16.734710719381724, 'OE7': 4.433799603343212, 'OE8': 0.5069919718779983, 'OE9': 0.03083469146745918}"
4351,3.0939925363563816,0.001290624658374133,19522.258366750702,0.02452598022048723,"{'OE1': 2818.624938053604, 'OE2': 2818.624938053604, 'OE3': 218.7093279859558, 'OE4': 130.8981335811991, 'OE5': 130.8981335811991, 'OE6': 14.194689407279554, 'OE7': 4.021233332154105, 'OE8': 0.429756202717152, 'OE9': 0.02452598022048723}"
4401,3.017143637043773,0.0013905141672381214,14877.441255668988,0.01681872310634227,"{'OE1': 2648.5072819731276, 'OE2': 2648.5072819731276, 'OE3': 199.2032654306197, 'OE4': 119.15322555755077, 'OE5': 119.15322555755077, 'OE6': 12.062911174152717, 'OE7': 3.1480373496392806, 'OE8': 0.3141610931265508, 'OE9': 0.01681872310634227}"
4451,3.1584985064455395,0.0014221961958042432,11656.875876731305,0.012517251289717183,"{'OE1': 2493.1140615148993, 'OE2': 2493.1140615148993, 'OE3': 181.83678702644258, 'OE4': 108.66136312796215, 'OE5': 108.66136312796215, 'OE6': 10.278090127532526, 'OE7': 2.6780703758336357, 'OE8': 0.249830162246722, 'OE9': 0.012517251289717183}"
4501,2.9946877116708492,0.0013253077230046327,9001.452692399556,0.010073216964902997,"{'OE1': 2343.736679959827, 'OE2': 2343.736679959827, 'OE3': 165.66771437740832, 'OE4': 98.80379071330216, 'OE5': 98.80379071330216, 'OE6': 8.74890520659545, 'OE7': 2.4289997739291365, 'OE8': 0.21206811288029673, 'OE9': 0.010073216964902997}"
4551,3.2704528199083143,0.0014295366479778423,7025.746551069417,0.007093434743007763,"{'OE1': 2206.3167879410416, 'OE2': 2206.3167879410416, 'OE3': 151.011526095263, 'OE4': 89.84774667257842, 'OE5': 89.84774667257842, 'OE6': 7.445628418204414, 'OE7': 1.9481949553130071, 'OE8': 0.15913358097136393, 'OE9': 0.007093434743007763}"
4601,3.2029601039312183,0.0013582209902652828,5564.132467889447,0.005759761939088376,"{'OE1': 2080.108121374502, 'OE2': 2080.108121374502, 'OE3': 137.9230419325573, 'OE4': 81.96335135738431, 'OE5': 81.96335135738431, 'OE6': 6.357896958055654, 'OE7': 1.7865729734427926, 'OE8': 0.1366891210261547, 'OE9': 0.005759761939088376}"
4651,3.1398516201888924,0.0014511517208523911,4347.778971874418,0.004109298196999338,"{'OE1': 1962.2487835504407, 'OE2': 1962.2487835504407, 'OE3': 126.10001487195271, 'OE4': 74.79716017711068, 'OE5': 74.79716017711068, 'OE6': 5.444103995324972, 'OE7': 1.43511329868214, 'OE8': 0.10298100681088493, 'OE9': 0.004109298196999338}"
4701,3.3418844279822224,0.0014497766750564546,3307.9242520566213,0.003057620451607128,"{'OE1': 1853.4160781059131, 'OE2': 1853.4160781059131, 'OE3': 115.48670558496148, 'OE4': 68.3380388716045, 'OE5': 68.3380388716045, 'OE6': 4.659751863767627, 'OE7': 1.2105429929986848, 'OE8': 0.08148841324845046, 'OE9': 0.003057620451607128}"
4751,3.4180754937478923,0.0014665940742982757,2553.695299110635,0.0022823869784616988,"{'OE1': 1749.0907423614365, 'OE2': 1749.0907423614367, 'OE3': 105.72254711585124, 'OE4': 62.57011110609277, 'OE5': 62.57011110609277, 'OE6': 4.006058432436675, 'OE7': 1.0227532687755418, 'OE8': 0.06465740965978613, 'OE9': 0.0022823869784616988}"
4801,3.593019937511599,0.0014677756268462031,2059.1225461600875,0.001802589143212388,"{'OE1': 1654.6695759665026, 'OE2': 1654.6695759665026, 'OE3': 97.06631301551025, 'OE4': 57.38372882566826, 'OE5': 57.38372882566826, 'OE6': 3.453480052894101, 'OE7': 0.9093959211487177, 'OE8': 0.054060649061264385, 'OE9': 0.001802589143212388}"
4851,3.6262321807607805,0.0014057532464919799,1627.8961931767547,0.0014606155403832023,"{'OE1': 1567.7243514022175, 'OE2': 1567.7243514022175, 'OE3': 89.29264683251485, 'OE4': 52.68113697970862, 'OE5': 52.68113697970862, 'OE6': 2.9854220274569085, 'OE7': 0.8228052283642552, 'OE8': 0.04605497636863437, 'OE9': 0.0014606155403832023}"
4901,3.425030897342367,0.0013972802043299968,1292.3248669417965,0.001146875030387148,"{'OE1': 1484.7373902728216, 'OE2': 1484.7373902728216, 'OE3': 82.09685143432853, 'OE4': 48.42260049023933, 'OE5': 48.42260049023933, 'OE6': 2.5827728161885313, 'OE7': 0.7260867565596484, 'OE8': 0.03828098802428158, 'OE9': 0.001146875030387148}"
4951,3.7690553008887946,0.0013944857272321519,1018.2866497360487,0.0008916508115013617,"{'OE1': 1406.679636104786, 'OE2': 1406.679636104786, 'OE3': 75.46193663477976, 'OE4': 44.43540792069669, 'OE5': 44.43540792069669, 'OE6': 2.2325884650258248, 'OE7': 0.6303043080753103, 'OE8': 0.03133608940753017, 'OE9': 0.0008916508115013617}"
5001,3.6482224901092195,0.0014994167495906265,790.4401000601681,0.0006348825925990397,"{'OE1': 1334.9987732454974, 'OE2': 1334.9987732454974, 'OE3': 69.51515597865748, 'OE4': 40.8673928880949, 'OE5': 40.8673928880949, 'OE6': 1.9396167232043702, 'OE7': 0.5025232440091729, 'OE8': 0.023587191547761607, 'OE9': 0.0006348825925990397}"
5051,3.5564150558275287,0.0014896001929487986,637.0480232276494,0.0005092169330761398,"{'OE1': 1267.4471482439287, 'OE2': 1267.4471482439287, 'OE3': 64.08654437544595, 'OE4': 37.675555626172454, 'OE5': 37.675555626172454, 'OE6': 1.689341241784687, 'OE7': 0.4480272900062054, 'OE8': 0.019873378863402652, 'OE9': 0.0005092169330761398}"
5101,3.7496506883981056,0.0014606630303747594,517.0713278764019,0.00041739629826763346,"{'OE1': 1204.2675897289664, 'OE2': 1204.2675897289664, 'OE3': 59.15609059794463, 'OE4': 34.74579960293567, 'OE5': 34.74579960293567, 'OE6': 1.472574016645743, 'OE7': 0.40978280209747703, 'OE8': 0.01718434064770994, 'OE9': 0.00041739629826763346}"
5151,3.890314989826038,0.0014897351401674296,404.7542185724749,0.0003180000360906625,"{'OE1': 1143.785388610377, 'OE2': 1143.785388610377, 'OE3': 54.60110399704195, 'OE4': 32.03827172089802, 'OE5': 32.03827172089802, 'OE6': 1.2846936282147157, 'OE7': 0.3456543117571579, 'OE8': 0.013718403519576452, 'OE9': 0.0003180000360906625}"
5201,3.9176701986525586,0.0014896733882058329,322.957317757254,0.00025278106441318956,"{'OE1': 1089.4376294523413, 'OE2': 1089.4376294523413, 'OE3': 50.565276437455324, 'OE4': 29.6124385743043, 'OE5': 29.6124385743043, 'OE6': 1.1241190724393528, 'OE7': 0.3046498547720796, 'OE8': 0.011455429585924805, 'OE9': 0.00025278106441318956}"
5251,3.944204199797241,0.0015760630679874364,255.9080779660288,0.000190230986218597,"{'OE1': 1037.5591088577987, 'OE2': 1037.5591088577987, 'OE3': 46.84101147695231, 'OE4': 27.40564723171923, 'OE5': 27.40564723171923, 'OE6': 0.9866939372723493, 'OE7': 0.25445264758827835, 'OE8': 0.009073042951704042, 'OE9': 0.000190230986218597}"
5301,4.071944649829675,0.0014838069663310896,199.9261411498453,0.0001599294195623928,"{'OE1': 987.7697048327873, 'OE2': 987.7697048327873, 'OE3': 43.39026279051139, 'OE4': 25.364806430151532, 'OE5': 25.364806430151532, 'OE6': 0.8665770200311165, 'OE7': 0.23710181065274563, 'OE8': 0.008022497679432552, 'OE9': 0.0001599294195623928}"
5351,3.9960654575224908,0.0015711193103156392,158.04733756928007,0.00012079766962360845,"{'OE1': 941.508696524448, 'OE2': 941.508696524448, 'OE3': 40.25794956645969, 'OE4': 23.513322189961325, 'OE5': 23.513322189961325, 'OE6': 0.7623150779036691, 'OE7': 0.19756952900199737, 'OE8': 0.006349101409574065, 'OE9': 0.00012079766962360845}"
5401,3.953098035729454,0.0014940809360753733,125.82680059643246,0.00010320492759352973,"{'OE1': 898.1176292712686, 'OE2': 898.1176292712687, 'OE3': 37.381685718144304, 'OE4': 21.81384365874451, 'OE5': 21.81384365874451, 'OE6': 0.6721106392289289, 'OE7': 0.18546616154569837, 'OE8': 0.005664835432962105, 'OE9': 0.00010320492759352973}"
5451,4.2784281485755855,0.001566871964730275,97.0349834107921,7.847954460273809e-05,"{'OE1': 857.8537522215959, 'OE2': 857.8537522215959, 'OE3': 34.75286028110066, 'OE4': 20.27746084253634, 'OE5': 20.27746084253634, 'OE6': 0.5941492980884646, 'OE7': 0.15631487112612585, 'OE8': 0.00454119921843105, 'OE9': 7.847954460273809e-05}"
5501,4.1163360614746125,0.0015023922975738204,74.50110437476289,6.584540536879607e-05,"{'OE1': 818.8524144307197, 'OE2': 818.8524144307197, 'OE3': 32.300067113059654, 'OE4': 18.807647006734655, 'OE5': 18.807647006734655, 'OE6': 0.5245588375293827, 'OE7': 0.14410623126021663, 'OE8': 0.003984883210111742, 'OE9': 6.584540536879607e-05}"
5551,4.238032294006189,0.0015626982619538952,57.54079099129743,5.202861345023596e-05,"{'OE1': 782.4653442074506, 'OE2': 782.4653442074506, 'OE3': 30.06003093378302, 'OE4': 17.501978986607497, 'OE5': 17.501978986607497, 'OE6': 0.4647401384839135, 'OE7': 0.12498749963490524, 'OE8': 0.003292118162631329, 'OE9': 5.202861345023596e-05}"
5601,4.211728106753071,0.001516736693545092,42.75552096561428,4.3236244808651735e-05,"{'OE1': 748.3450006448323, 'OE2': 748.3450006448323, 'OE3': 28.0045432631008, 'OE4': 16.31793821217594, 'OE5': 16.31793821217594, 'OE6': 0.41293564355418827, 'OE7': 0.11377972562070476, 'OE8': 0.00285660127483116, 'OE9': 4.3236244808651735e-05}"
5651,4.319465371860133,0.0015361562422220435,31.028395037878234,3.4522842807262313e-05,"{'OE1': 715.5309301793144, 'OE2': 715.5309301793144, 'OE3': 26.077267815313714, 'OE4': 15.175300592010899, 'OE5': 15.175300592010899, 'OE6': 0.3661409207092686, 'OE7': 0.0996524169719806, 'OE8': 0.002386398698369696, 'OE9': 3.4522842807262313e-05}"
5701,4.38394519189842,0.001642422388969736,21.832071588266786,2.623910135008391e-05,"{'OE1': 685.0220451666518, 'OE2': 685.0220451666518, 'OE3': 24.316932448486973, 'OE4': 14.150078215047579, 'OE5': 14.150078215047579, 'OE6': 0.32572060514082557, 'OE7': 0.08267258085308686, 'OE8': 0.001889510713463431, 'OE9': 2.623910135008391e-05}"
5751,4.520732694243634,0.001616655989016689,14.835418531051289,2.205079309987434e-05,"{'OE1': 656.0017399745788, 'OE2': 656.0017399745788, 'OE3': 22.682264097363227, 'OE4': 13.201760315155099, 'OE5': 13.201760315155099, 'OE6': 0.2903614121387097, 'OE7': 0.07613400145634788, 'OE8': 0.0016618646530790222, 'OE9': 2.205079309987434e-05}"
5801,4.578676591279873,0.0015929894734633846,9.172862648067497,1.8377604051361163e-05,"{'OE1': 628.4457552472778, 'OE2': 628.4457552472778, 'OE3': 21.175882540813383, 'OE4': 12.333110843485459, 'OE5': 12.333110843485459, 'OE6': 0.2590876846519458, 'OE7': 0.06934720739092992, 'OE8': 0.0014465782102211755, 'OE9': 1.8377604051361163e-05}"
5851,4.606261216849816,0.0015698578001902728,4.746112093556433,1.5227163721452121e-05,"{'OE1': 602.9694400649416, 'OE2': 602.9694400649416, 'OE3': 19.802820622139176, 'OE4': 11.532891446559072, 'OE5': 11.532891446559072, 'OE6': 0.23163377061381515, 'OE7': 0.06253927760901798, 'OE8': 0.0012474357926101944, 'OE9': 1.5227163721452121e-05}"
5901,4.710385409602168,0.0015916706688012343,1.4153186868904013,1.2450705999260727e-05,"{'OE1': 577.5717274030852, 'OE2': 577.5717274030852, 'OE3': 18.4878550989261, 'OE4': 10.768084072655101, 'OE5': 10.768084072655101, 'OE6': 0.20692749713068595, 'OE7': 0.05569597873236644, 'OE8': 0.0010629252187777608, 'OE9': 1.2450705999260727e-05}"
5951,4.621184803977485,0.0016194507445604787,-1.1122257748197049,9.985377612172857e-06,"{'OE1': 554.4547939291492, 'OE2': 554.4547939291492, 'OE3': 17.30659686227694, 'OE4': 10.104707622901085, 'OE5': 10.104707622901085, 'OE6': 0.18590390142102042, 'OE7': 0.04869265040165675, 'OE8': 0.000889665488480072, 'OE9': 9.985377612172857e-06}"
6001,4.924980849729764,0.0015369090075551502,-3.009129249265481,8.879757662928501e-06,"{'OE1': 532.3717661091034, 'OE2': 532.3717661091034, 'OE3': 16.202655135733597, 'OE4': 9.452885965671427, 'OE5': 9.452885965671427, 'OE6': 0.1665533521369393, 'OE7': 0.04707256683055708, 'OE8': 0.0008238788545267223, 'OE9': 8.879757662928501e-06}"
6051,4.811233777081725,0.0016218311377105693,-4.322278922802328,6.950355638510046e-06,"{'OE1': 511.44688776012475, 'OE2': 511.44688776012475, 'OE3': 15.183593294901224, 'OE4': 8.874297759380777, 'OE5': 8.874297759380777, 'OE6': 0.14985898273121742, 'OE7': 0.040242592229640425, 'OE8': 0.000675056852420282, 'OE9': 6.950355638510046e-06}"
6101,5.012619019566955,0.0016359745708536527,-5.342451870768695,5.855542893147858e-06,"{'OE1': 491.7026060847276, 'OE2': 491.7026060847276, 'OE3': 14.236733336913684, 'OE4': 8.319247189599745, 'OE5': 8.319247189599745, 'OE6': 0.13461758041556954, 'OE7': 0.03672286340444264, 'OE8': 0.0005906863102543642, 'OE9': 5.855542893147858e-06}"
6151,5.015635890075828,0.0016405694228558826,-5.883540236378297,4.834927647710336e-06,"{'OE1': 472.50692784193967, 'OE2': 472.50692784193967, 'OE3': 13.345855171386477, 'OE4': 7.807654692596008, 'OE5': 7.807654692596008, 'OE6': 0.1212506147518371, 'OE7': 0.032791265611124776, 'OE8': 0.0005060063897434767, 'OE9': 4.834927647710336e-06}"
6201,5.031647896566938,0.0016455894870254255,-6.135830699715346,3.992748635235225e-06,"{'OE1': 454.2878612603191, 'OE2': 454.2878612603191, 'OE3': 12.520039340063615, 'OE4': 7.34147953080799, 'OE5': 7.34147953080799, 'OE6': 0.10941246079870118, 'OE7': 0.029336717769208667, 'OE8': 0.0004345322495264808, 'OE9': 3.992748635235225e-06}"
6251,4.9684155900649785,0.0016914073602791275,-6.181899665817063,3.2266708845920237e-06,"{'OE1': 437.0544617338845, 'OE2': 437.0544617338845, 'OE3': 11.75902928041739, 'OE4': 6.888086695024227, 'OE5': 6.888086695024227, 'OE6': 0.09862491678371564, 'OE7': 0.02559969381590499, 'OE8': 0.0003641422347792725, 'OE9': 3.2266708845920237e-06}"
6301,5.022505868896587,0.0016827646281199371,-6.100775126929383,2.7121581237158105e-06,"{'OE1': 420.7583874272842, 'OE2': 420.7583874272842, 'OE3': 11.047361278959583, 'OE4': 6.4862749854976265, 'OE5': 6.4862749854976265, 'OE6': 0.08917377844942961, 'OE7': 0.023250748137517062, 'OE8': 0.00031774346015902053, 'OE9': 2.7121581237158105e-06}"
6351,5.193788848946497,0.001683933702967983,-5.990936210987921,2.303606068409975e-06,"{'OE1': 405.31411436391477, 'OE2': 405.31411436391477, 'OE3': 10.386623949845678, 'OE4': 6.110398826843258, 'OE5': 6.110398826843258, 'OE6': 0.08072308986086976, 'OE7': 0.021449875788403988, 'OE8': 0.0002817472440010617, 'OE9': 2.303606068409975e-06}"
6401,5.30056710010831,0.0016979417949791488,-5.698628945327697,1.914227952217266e-06,"{'OE1': 390.5769920270833, 'OE2': 390.5769920270833, 'OE3': 9.772234620064154, 'OE4': 5.75491745505395, 'OE5': 5.75491745505395, 'OE6': 0.0730697833704306, 'OE7': 0.019151909395877117, 'OE8': 0.00024190118122021748, 'OE9': 1.914227952217266e-06}"
6451,5.295126290548069,0.0016771980454780926,-5.338220109738338,1.6223151129344293e-06,"{'OE1': 376.02282484479724, 'OE2': 376.02282484479724, 'OE3': 9.187895249634101, 'OE4': 5.40998797401471, 'OE5': 5.40998797401471, 'OE6': 0.06610908548972869, 'OE7': 0.01757565607835372, 'OE8': 0.00021356519363362436, 'OE9': 1.6223151129344293e-06}"
6501,5.395174150545245,0.0017073020209379562,-5.095308028565011,1.3757815785133641e-06,"{'OE1': 362.91389594771783, 'OE2': 362.91389594771783, 'OE3': 8.659083934407496, 'OE4': 5.112274840100679, 'OE5': 5.112274840100679, 'OE6': 0.06013336260936941, 'OE7': 0.01603647030714052, 'OE8': 0.0001875449687539803, 'OE9': 1.3757815785133641e-06}"
6551,5.8492257533253,0.0017346110838882061,-4.635860271534311,1.1264539283909382e-06,"{'OE1': 349.86897872300415, 'OE2': 349.86897872300415, 'OE3': 8.15221444213895, 'OE4': 4.82150695937849, 'OE5': 4.82150695937849, 'OE6': 0.05458384805952162, 'OE7': 0.014125986469380786, 'OE8': 0.0001590650530328199, 'OE9': 1.1264539283909382e-06}"
6601,5.577368119335915,0.0016527589422415234,-4.25850937766122,1.0027999719397284e-06,"{'OE1': 337.7027972906119, 'OE2': 337.7027972906119, 'OE3': 7.686514454871956, 'OE4': 4.555216933800708, 'OE5': 4.555216933800708, 'OE6': 0.0496736234033438, 'OE7': 0.013536673451904848, 'OE8': 0.0001468292977367987, 'OE9': 1.0027999719397284e-06}"
6651,5.483208249699601,0.0017068301872045191,-3.900013118181731,8.27907935600338e-07,"{'OE1': 325.6690887679607, 'OE2': 325.6690887679607, 'OE3': 7.242393747204355, 'OE4': 4.2974552142177505, 'OE5': 4.2974552142177505, 'OE6': 0.04516471364855129, 'OE7': 0.011997964298784622, 'OE8': 0.00012540544306449875, 'OE9': 8.27907935600338e-07}"
6701,5.658771773408262,0.0017142278586040063,-3.532398492933224,7.000041045099518e-07,"{'OE1': 314.5106963215853, 'OE2': 314.5106963215853, 'OE3': 6.8336605358797025, 'OE4': 4.067927389043647, 'OE5': 4.067927389043647, 'OE6': 0.04117641062701835, 'OE7': 0.010908212266918418, 'OE8': 0.00010991026936718887, 'OE9': 7.000041045099518e-07}"
6751,5.408720455998264,0.0017663014525208074,-3.1864830586290913,5.787637730013394e-07,"{'OE1': 303.41507302182094, 'OE2': 303.41507302182094, 'OE3': 6.44053528916799, 'OE4': 3.8327914437350863, 'OE5': 3.8327914437350863, 'OE6': 0.0374532386431413, 'OE7': 0.009687672178954979, 'OE8': 9.413206267367324e-05, 'OE9': 5.787637730013394e-07}"
6801,5.750733881302949,0.0017252115073700803,-2.8251264619258256,4.993299428955422e-07,"{'OE1': 293.2765411947923, 'OE2': 293.27654119479234, 'OE3': 6.084890060421774, 'OE4': 3.633934300307021, 'OE5': 3.633934300307021, 'OE6': 0.034240591419539945, 'OE7': 0.008977554202051714, 'OE8': 8.415437223657579e-05, 'OE9': 4.993299428955422e-07}"
6851,5.871528272047726,0.0017185276084632213,-2.5215430044738736,4.275220465985959e-07,"{'OE1': 283.5731625509438, 'OE2': 283.5731625509438, 'OE3': 5.754022304588544, 'OE4': 3.43896038568845, 'OE5': 3.43896038568845, 'OE6': 0.031257484546165754, 'OE7': 0.008246017640060553, 'OE8': 7.459759230113227e-05, 'OE9': 4.275220465985959e-07}"
6901,6.421723430219572,0.0018395230502970393,-2.287869318725459,3.479716605088601e-07,"{'OE1': 273.9603687707199, 'OE2': 273.9603687707199, 'OE3': 5.434293548273711, 'OE4': 3.2547945536855676, 'OE5': 3.2547945536855676, 'OE6': 0.028577307498235675, 'OE7': 0.007174096498675853, 'OE8': 6.265446921293111e-05, 'OE9': 3.479716605088601e-07}"
6951,6.113819213326678,0.001731160382221801,-2.051340525098587,3.200076226281195e-07,"{'OE1': 264.839394487497, 'OE2': 264.839394487497, 'OE3': 5.136115209352599, 'OE4': 3.082472023940299, 'OE5': 3.082472023940299, 'OE6': 0.0261241732350356, 'OE7': 0.007060676326153993, 'OE8': 5.955322522367825e-05, 'OE9': 3.200076226281195e-07}"
7001,5.912258033478793,0.0016744968570992498,-1.8051438631503756,2.822423735221072e-07,"{'OE1': 256.19482081978487, 'OE2': 256.19482081978487, 'OE3': 4.859703581906939, 'OE4': 2.9204806122533533, 'OE5': 2.9204806122533533, 'OE6': 0.02391185488885779, 'OE7': 0.006644834265317957, 'OE8': 5.414564688886494e-05, 'OE9': 2.822423735221072e-07}"
7051,6.322909184513264,0.0018214977533513048,-1.5807285305945873,2.2104229866957052e-07,"{'OE1': 247.923297014383, 'OE2': 247.923297014383, 'OE3': 4.5990656920203845, 'OE4': 2.7725647167064893, 'OE5': 2.7725647167064893, 'OE6': 0.02192585544815939, 'OE7': 0.005586737500113169, 'OE8': 4.3995806241058915e-05, 'OE9': 2.2104229866957052e-07}"
7101,6.250619827773335,0.0017626147553791245,-1.3941370367353942,1.9671254062620404e-07,"{'OE1': 239.8155833028968, 'OE2': 239.8155833028968, 'OE3': 4.351787728136922, 'OE4': 2.627469211929208, 'OE5': 2.627469211929208, 'OE6': 0.02010257617775868, 'OE7': 0.005307563935910847, 'OE8': 4.040719203167593e-05, 'OE9': 1.9671254062620404e-07}"
7151,6.198221683202064,0.0017292276687397583,-1.2285256740856187,1.732073676267231e-07,"{'OE1': 232.42914722500612, 'OE2': 232.42914722500612, 'OE3': 4.127827490428119, 'OE4': 2.5007515746016558, 'OE5': 2.5007515746016558, 'OE6': 0.018495030164843405, 'OE7': 0.0050056229350699385, 'OE8': 3.6852695508781283e-05, 'OE9': 1.732073676267231e-07}"
7201,6.311443263984984,0.0017504015504644266,-1.085153575137735,1.4863940479405357e-07,"{'OE1': 224.97820966229273, 'OE2': 224.97820966229273, 'OE3': 3.908137210283862, 'OE4': 2.3742010237001145, 'OE5': 2.3742010237001145, 'OE6': 0.01698908750598952, 'OE7': 0.004584045862291667, 'OE8': 3.264765531945957e-05, 'OE9': 1.4863940479405357e-07}"
7251,6.417646241879993,0.0018208548934891531,-0.9523599251822167,1.2356740165297297e-07,"{'OE1': 217.93722458272276, 'OE2': 217.93722458272276, 'OE3': 3.704133153409195, 'OE4': 2.2566198347297646, 'OE5': 2.2566198347297646, 'OE6': 0.01562080181839296, 'OE7': 0.004063574830518394, 'OE8': 2.800413107264436e-05, 'OE9': 1.2356740165297297e-07}"
7301,6.418391691151555,0.0017561549034901059,-0.8283595725348408,1.1010673085446559e-07,"{'OE1': 211.1050687464059, 'OE2': 211.1050687464059, 'OE3': 3.511678507093623, 'OE4': 2.142623730885251, 'OE5': 2.142623730885251, 'OE6': 0.014353522810036805, 'OE7': 0.0038601099643560594, 'OE8': 2.5749241694834618e-05, 'OE9': 1.1010673085446559e-07}"
7351,6.586956068240397,0.0017634383082072338,-0.7239236201933539,9.496767623867412e-08,"{'OE1': 204.6037012128572, 'OE2': 204.6037012128572, 'OE3': 3.328404336664024, 'OE4': 2.035998528781805, 'OE5': 2.035998528781805, 'OE6': 0.013206056048794141, 'OE7': 0.003550024269732237, 'OE8': 2.292857275484749e-05, 'OE9': 9.496767623867412e-08}"
7401,6.451329671898748,0.0017695636989044996,-0.6337632030861685,8.230230872237646e-08,"{'OE1': 198.4158499704085, 'OE2': 198.4158499704085, 'OE3': 3.1592483394517026, 'OE4': 1.9371288097002057, 'OE5': 1.9371288097002057, 'OE6': 0.012162404922074248, 'OE7': 0.003280819475885963, 'OE8': 2.0522652175187408e-05, 'OE9': 8.230230872237646e-08}"
7451,6.913640203834802,0.001729028349971712,-0.5648800347575236,7.468223969418289e-08,"{'OE1': 192.36616681608743, 'OE2': 192.36616681608743, 'OE3': 2.998632508294884, 'OE4': 1.846791317484752, 'OE5': 1.846791317484752, 'OE6': 0.01124589577268432, 'OE7': 0.0031669702116813594, 'OE8': 1.919199298670467e-05, 'OE9': 7.468223969418289e-08}"
7501,6.675133332593759,0.0017968533230845862,-0.47965691068233485,6.079425792081247e-08,"{'OE1': 186.56726179699683, 'OE2': 186.56726179699686, 'OE3': 2.8473310237716545, 'OE4': 1.7562576082119843, 'OE5': 1.7562576082119843, 'OE6': 0.010356680507132328, 'OE7': 0.002738882146320451, 'OE8': 1.6084067306196204e-05, 'OE9': 6.079425792081247e-08}"
7551,6.873991997465055,0.0018142034187176152,-0.4193092335827844,5.25596418868637e-08,"{'OE1': 181.04131200391495, 'OE2': 181.04131200391495, 'OE3': 2.7052532147914023, 'OE4': 1.6740367809346954, 'OE5': 1.6740367809346954, 'OE6': 0.009570160636885816, 'OE7': 0.0025249693674129405, 'OE8': 1.4373089835778991e-05, 'OE9': 5.25596418868637e-08}"
7601,6.82069027840771,0.0018818909335838005,-0.3745109616342265,4.5257361241817496e-08,"{'OE1': 175.5794968200435, 'OE2': 175.5794968200435, 'OE3': 2.568752753731042, 'OE4': 1.593615567633737, 'OE5': 1.593615567633737, 'OE6': 0.008830778216404506, 'OE7': 0.0023041824573030467, 'OE8': 1.2717236505525801e-05, 'OE9': 4.5257361241817496e-08}"
7651,6.9983572379169345,0.001796961216318985,-0.32579287928072126,4.126953425166281e-08,"{'OE1': 170.51935290720402, 'OE2': 170.51935290720402, 'OE3': 2.4415598440704755, 'OE4': 1.5205490780388735, 'OE5': 1.5205490780388735, 'OE6': 0.008171839257255408, 'OE7': 0.0022359578969681554, 'OE8': 1.1968618523822752e-05, 'OE9': 4.126953425166281e-08}"
7701,7.066893769736453,0.0018201591134302457,-0.2820841449450285,3.5340545585563196e-08,"{'OE1': 165.59713356712393, 'OE2': 165.59713356712393, 'OE3': 2.321165300804919, 'OE4': 1.4501908220151707, 'OE5': 1.4501908220151707, 'OE6': 0.007559345147345312, 'OE7': 0.002026287580469303, 'OE8': 1.052167232185779e-05, 'OE9': 3.5340545585563196e-08}"
7751,6.985264609242222,0.0017996796335722478,-0.2470970775751957,3.1406350344179175e-08,"{'OE1': 160.62578093612757, 'OE2': 160.62578093612757, 'OE3': 2.2036355200726128, 'OE4': 1.3804528198962702, 'OE5': 1.3804528198962702, 'OE6': 0.006980672436469166, 'OE7': 0.0019167670372373558, 'OE8': 9.657757324420868e-06, 'OE9': 3.1406350344179175e-08}"
7801,7.2211447952631715,0.001874500489102264,-0.2179983433815133,2.6713114564159024e-08,"{'OE1': 156.33475830050702, 'OE2': 156.33475830050702, 'OE3': 2.101693921289483, 'OE4': 1.3213393027210139, 'OE5': 1.3213393027210139, 'OE6': 0.0064845954537642945, 'OE7': 0.0017262551793160278, 'OE8': 8.441823746224355e-06, 'OE9': 2.6713114564159024e-08}"
7851,7.272898945666384,0.0018759127847295144,-0.18929939710353552,2.3276172113288206e-08,"{'OE1': 151.93063314191735, 'OE2': 151.93063314191735, 'OE3': 1.9996280141288751, 'OE4': 1.2615949229350463, 'OE5': 1.2615949229350463, 'OE6': 0.006010782917664805, 'OE7': 0.0015944708877100987, 'OE8': 7.569700166432639e-06, 'OE9': 2.3276172113288206e-08}"
7901,7.093513323064144,0.001740298499924661,-0.16566537290679445,2.2051156655861516e-08,"{'OE1': 147.46653463308698, 'OE2': 147.46653463308698, 'OE3': 1.9015361821334853, 'OE4': 1.2038828244617759, 'OE5': 1.2038828244617759, 'OE6': 0.005568110291245801, 'OE7': 0.0016005186904567718, 'OE8': 7.378410561469841e-06, 'OE9': 2.2051156655861516e-08}"
7951,7.316612860774512,0.0018230654186237054,-0.14199684794541378,1.8128383502065583e-08,"{'OE1': 143.25202561068676, 'OE2': 143.25202561068676, 'OE3': 1.8102061119400354, 'OE4': 1.1482286416393646, 'OE5': 1.1482286416393646, 'OE6': 0.005160656624052835, 'OE7': 0.0013959728029339388, 'OE8': 6.2504846930075225e-06, 'OE9': 1.8128383502065583e-08}"
8001,6.8940944504138315,0.0017927207079779035,-0.12539397785014886,1.6366324003737354e-08,"{'OE1': 139.36757926464162, 'OE2': 139.36757926464165, 'OE3': 1.7255134751016232, 'OE4': 1.0987948755444892, 'OE5': 1.0987948755444892, 'OE6': 0.004795209880762175, 'OE7': 0.001331586813356082, 'OE8': 5.792109773174491e-06, 'OE9': 1.6366324003737354e-08}"
8051,7.416629562889284,0.0018435169729329062,-0.1096998319587403,1.399432538918163e-08,"{'OE1': 135.58775459753213, 'OE2': 135.58775459753213, 'OE3': 1.6444728554938368, 'OE4': 1.0507446271684426, 'OE5': 1.0507446271684426, 'OE6': 0.004457569346317436, 'OE7': 0.0012057339801218683, 'OE8': 5.0963754276719105e-06, 'OE9': 1.399432538918163e-08}"
8101,7.5616074848167045,0.001911895497988527,-0.09647112984992995,1.1912628378537554e-08,"{'OE1': 131.8053939050245, 'OE2': 131.8053939050245, 'OE3': 1.5664113945662916, 'OE4': 1.0036238841029645, 'OE5': 1.0036238841029645, 'OE6': 0.004137044537932019, 'OE7': 0.0010896353454159468, 'OE8': 4.4763770793834345e-06, 'OE9': 1.1912628378537554e-08}"
8151,7.252137864399629,0.0017713477333842003,-0.08463194187792383,1.1317859568816915e-08,"{'OE1': 128.28678079806244, 'OE2': 128.28678079806244, 'OE3': 1.4939758824666438, 'OE4': 0.9623101753254374, 'OE5': 0.9623101753254374, 'OE6': 0.0038553134826047413, 'OE7': 0.001091699498250655, 'OE8': 4.359886701354516e-06, 'OE9': 1.1317859568816915e-08}"
8201,7.680498805741081,0.001991099045992805,-0.07603559569022339,9.075702451950975e-09,"{'OE1': 124.81740882588052, 'OE2': 124.81740882588052, 'OE3': 1.4242345935994292, 'OE4': 0.9200902732591774, 'OE5': 0.9200902732591774, 'OE6': 0.0035848990032747033, 'OE7': 0.0009269815969346657, 'OE8': 3.599632561455447e-06, 'OE9': 9.075702451950975e-09}"
8251,7.943865920880853,0.0019233419815801412,-0.06558981471845322,8.12562312677717e-09,"{'OE1': 121.34319627402513, 'OE2': 121.34319627402513, 'OE3': 1.3569295583008216, 'OE4': 0.8800848751884158, 'OE5': 0.8800848751884158, 'OE6': 0.0033350856893392703, 'OE7': 0.0008750041977647393, 'OE8': 3.304484169048122e-06, 'OE9': 8.12562312677717e-09}"
8301,7.918231246152573,0.0019441595219163738,-0.05802857156774244,7.121268683110926e-09,"{'OE1': 118.17692779692295, 'OE2': 118.17692779692295, 'OE3': 1.2952043847778125, 'OE4': 0.8424871982623844, 'OE5': 0.8424871982623844, 'OE6': 0.0031069898674050737, 'OE7': 0.0008089421893633616, 'OE8': 2.9716914249538668e-06, 'OE9': 7.121268683110926e-09}"
8351,7.762820762491174,0.0018658296617497113,-0.052046236783356035,6.653584750562672e-09,"{'OE1': 115.02019739072259, 'OE2': 115.02019739072259, 'OE3': 1.2348089135413536, 'OE4': 0.8071144781711725, 'OE5': 0.8071144781711725, 'OE6': 0.0028956494217185122, 'OE7': 0.0008011467677453249, 'OE8': 2.863461719016964e-06, 'OE9': 6.653584750562672e-09}"
8401,8.078878304098907,0.0018643208557366628,-0.04554772552150571,5.819572846915597e-09,"{'OE1': 112.037685566043, 'OE2': 112.037685566043, 'OE3': 1.1784782342241902, 'OE4': 0.7730908521835208, 'OE5': 0.7730908521835208, 'OE6': 0.0026998795294441986, 'OE7': 0.0007387011820586501, 'OE8': 2.569308498118297e-06, 'OE9': 5.819572846915597e-09}"
8451,8.380803429310618,0.0019880419632510634,-0.04040585149363708,4.829918076226857e-09,"{'OE1': 109.13029055061982, 'OE2': 109.13029055061982, 'OE3': 1.1249227500891745, 'OE4': 0.7410452205448055, 'OE5': 0.7410452205448055, 'OE6': 0.0025175386393975234, 'OE7': 0.0006475160676316853, 'OE8': 2.192090632435458e-06, 'OE9': 4.829918076226857e-09}"
8501,8.63298261878117,0.0020046756002852087,-0.03604932770089315,4.256332921669001e-09,"{'OE1': 106.23495006413665, 'OE2': 106.23495006413665, 'OE3': 1.0729293263874962, 'OE4': 0.7099450736897005, 'OE5': 0.7099450736897005, 'OE6': 0.002348014998170296, 'OE7': 0.000601719309522628, 'OE8': 1.983100410944008e-06, 'OE9': 4.256332921669001e-09}"
8551,8.006717618129187,0.0018562812232171834,-0.032218419376836865,4.083935263319964e-09,"{'OE1': 103.50275009145987, 'OE2': 103.50275009145987, 'OE3': 1.023999124598992, 'OE4': 0.6812296558855424, 'OE5': 0.6812296558855424, 'OE6': 0.0021940725327403423, 'OE7': 0.0006080023638657584, 'OE8': 1.9511020579312704e-06, 'OE9': 4.083935263319964e-09}"
8601,8.655036894677323,0.0019830586451535363,-0.02845255895737605,3.3501849807085145e-09,"{'OE1': 100.84853308983986, 'OE2': 100.84853308983985, 'OE3': 0.978193582836805, 'OE4': 0.6532162751300236, 'OE5': 0.6532162751300236, 'OE6': 0.002048829458275812, 'OE7': 0.0005257026013173159, 'OE8': 1.6429285930946236e-06, 'OE9': 3.3501849807085145e-09}"
8651,8.358700312815927,0.001927156727711122,-0.025782770844606083,3.0953777666993772e-09,"{'OE1': 98.35117680440713, 'OE2': 98.35117680440713, 'OE3': 0.9350692425985768, 'OE4': 0.62669732531883, 'OE5': 0.62669732531883, 'OE6': 0.001913916947432101, 'OE7': 0.0005109493603202858, 'OE8': 1.5553980557049967e-06, 'OE9': 3.0953777666993772e-09}"
8701,8.641793993316242,0.0020104189148398076,-0.023306489707613436,2.6539689130037165e-09,"{'OE1': 95.82132337654615, 'OE2': 95.82132337654615, 'OE3': 0.8927750015143724, 'OE4': 0.6013204495777316, 'OE5': 0.6013204495777316, 'OE6': 0.0017896972628747751, 'OE7': 0.00046198496767682314, 'OE8': 1.3701176368167715e-06, 'OE9': 2.6539689130037165e-09}"
8751,8.51339688601729,0.0019460458003618902,-0.020733333899060045,2.4084949836251973e-09,"{'OE1': 93.39918443173099, 'OE2': 93.39918443173099, 'OE3': 0.8532327081531802, 'OE4': 0.5770035812652594, 'OE5': 0.5770035812652594, 'OE6': 0.0016735603908325965, 'OE7': 0.00044266591399329106, 'OE8': 1.2792749805575714e-06, 'OE9': 2.4084949836251973e-09}"
8801,8.594848858418118,0.0019378278764755274,-0.019214122233315152,2.2085414045034164e-09,"{'OE1': 91.10165721966305, 'OE2': 91.10165721966305, 'OE3': 0.8155054050442244, 'OE4': 0.5538735285257294, 'OE5': 0.5538735285257294, 'OE6': 0.0015654157461108041, 'OE7': 0.0004266403767699198, 'OE8': 1.2016588488089873e-06, 'OE9': 2.2085414045034164e-09}"
8851,8.922175426796457,0.002014599316279322,-0.017239240317358302,1.874932177183074e-09,"{'OE1': 88.89209842974218, 'OE2': 88.89209842974218, 'OE3': 0.7796881223778006, 'OE4': 0.5320285803570253, 'OE5': 0.5320285803570253, 'OE6': 0.001466128191304866, 'OE7': 0.00037906968939450584, 'OE8': 1.0407432184667297e-06, 'OE9': 1.874932177183074e-09}"
8901,8.789819708568757,0.0019438901846749615,-0.01571520381039094,1.7399864920470021e-09,"{'OE1': 86.69232688853349, 'OE2': 86.69232688853349, 'OE3': 0.7457682563026983, 'OE4': 0.5115552871809189, 'OE5': 0.5115552871809189, 'OE6': 0.0013738870477514188, 'OE7': 0.00037166641277961365, 'OE8': 9.949016074069642e-07, 'OE9': 1.7399864920470021e-09}"
8951,8.703635897792992,0.002002067374136992,-0.014203388166677865,1.497681623656327e-09,"{'OE1': 84.58630795301417, 'OE2': 84.58630795301417, 'OE3': 0.7132831105120874, 'OE4': 0.4915544860106644, 'OE5': 0.4915544860106644, 'OE6': 0.001287383010767516, 'OE7': 0.000336456734851062, 'OE8': 8.782609540805655e-07, 'OE9': 1.497681623656327e-09}"
9001,9.016960318496785,0.0019388969050556052,-0.013107281584305687,1.3977375558856537e-09,"{'OE1': 82.46097936084152, 'OE2': 82.46097936084152, 'OE3': 0.6815639909613667, 'OE4': 0.47158084182262017, 'OE5': 0.47158084182262017, 'OE6': 0.0012038666721530529, 'OE7': 0.0003277067283039013, 'OE8': 8.342874138205662e-07, 'OE9': 1.3977375558856537e-09}"
