"cff = 1.4, order = 2, 2024-03-07 15:55:07.163821"
E,FWHM,Bandwidth,Flux,Intensity,Intensity_dict
101,0,0.0,0.0,0,"{'OE1': 48987.84312244332, 'OE2': 0.0, 'OE3': 0.0, 'OE4': 0.0, 'OE5': 0.0, 'OE6': 0.0, 'OE7': 0.0, 'OE8': 0.0, 'OE9': 0.0}"
151,0.044903118135266595,0.0007139599150311508,16939568.131422937,6.152960300081154,"{'OE1': 48181.80954502656, 'OE2': 65.44421394947325, 'OE3': 40.021883795647504, 'OE4': 40.02188379564751, 'OE5': 40.02188379564751, 'OE6': 39.1442706396628, 'OE7': 6.424355029800324, 'OE8': 6.293367478470737, 'OE9': 6.152960300081154}"
201,0.053856559164728424,0.0005247111707339132,1012988414.5159855,843.4721480538677,"{'OE1': 47170.034241413494, 'OE2': 15775.265422347635, 'OE3': 4175.084289484813, 'OE4': 4175.084289484813, 'OE5': 4175.084289484813, 'OE6': 4001.198596663376, 'OE7': 922.1097346667427, 'OE8': 885.9241971100953, 'OE9': 843.4721480538677}"
251,0.06712346733911545,0.0005260175018168907,1510845761.3145375,1411.8519002024552,"{'OE1': 45850.25709375614, 'OE2': 25233.26029904396, 'OE3': 6800.389896950264, 'OE4': 6800.389896950264, 'OE5': 6800.389896950264, 'OE6': 6350.589300157728, 'OE7': 1627.9505027905286, 'OE8': 1524.892338335451, 'OE9': 1411.8519002024552}"
301,0.08542857713905505,0.0005231176516076252,1809120330.3533711,1477.4362121466079,"{'OE1': 41138.66594751035, 'OE2': 29126.64677244168, 'OE3': 8840.353103214236, 'OE4': 8840.353103214236, 'OE5': 8840.353103214236, 'OE6': 7490.095236231212, 'OE7': 2093.359152107382, 'OE8': 1777.8107931314169, 'OE9': 1477.4362121466079}"
351,0.11054451802630183,0.000631568380433633,798793877.4716682,465.1306901301434,"{'OE1': 28891.476536763712, 'OE2': 24234.86323323446, 'OE3': 8365.721407122497, 'OE4': 8365.721407122497, 'OE5': 8365.721407122497, 'OE6': 5133.6167874741195, 'OE7': 1287.407643883671, 'OE8': 796.2398024695573, 'OE9': 465.1306901301434}"
401,0.138893931795792,0.0006755246602139558,2290544634.407827,1067.4669674015722,"{'OE1': 34056.38364968998, 'OE2': 32347.14788584347, 'OE3': 12059.885032984475, 'OE4': 12059.885032984475, 'OE5': 12059.885032984475, 'OE6': 8601.67242409768, 'OE7': 2163.1928160491784, 'OE8': 1551.3556590155267, 'OE9': 1067.4669674015722}"
451,0.15890109401846075,0.0007158603256571071,3904891764.7491713,1505.1872444082073,"{'OE1': 36220.66446553455, 'OE2': 36220.66446553455, 'OE3': 14325.525658961958, 'OE4': 14325.525658961958, 'OE5': 14325.525658961958, 'OE6': 10801.951898947342, 'OE7': 2714.7245435566515, 'OE8': 2056.6385872636884, 'OE9': 1505.1872444082073}"
501,0.20737014915255259,0.000770041133615403,4645752649.010273,1522.1344484630295,"{'OE1': 36288.66115478556, 'OE2': 36288.66115478556, 'OE3': 14662.088604617866, 'OE4': 14662.088604617866, 'OE5': 14662.088604617866, 'OE6': 11082.116306984637, 'OE7': 2736.107672921289, 'OE8': 2076.1596557445237, 'OE9': 1522.1344484630295}"
551,0.2297020969388086,0.000803137342290443,5940296856.668186,1771.1051388663104,"{'OE1': 37491.844268137844, 'OE2': 37491.844268137844, 'OE3': 15526.180274430746, 'OE4': 15526.180274430746, 'OE5': 15526.180274430746, 'OE6': 12086.528902788461, 'OE7': 2992.0105972126926, 'OE8': 2338.053215417049, 'OE9': 1771.1051388663104}"
601,0.2660488036724473,0.000776029803065934,6784921404.784323,2039.6403483267547,"{'OE1': 38046.45376220635, 'OE2': 38046.45376220634, 'OE3': 15983.980996940069, 'OE4': 15983.980996940069, 'OE5': 15983.980996940069, 'OE6': 12607.028691674055, 'OE7': 3353.7178753102557, 'OE8': 2654.5260640353154, 'OE9': 2039.6403483267547}"
651,0.2954741490310653,0.0008227163720739457,7722912964.996066,2172.116825036802,"{'OE1': 38380.9575501667, 'OE2': 38380.9575501667, 'OE3': 16630.551025681278, 'OE4': 16630.55102568128, 'OE5': 16630.55102568128, 'OE6': 13229.5571978229, 'OE7': 3508.964171659558, 'OE8': 2799.9977713631897, 'OE9': 2172.116825036802}"
701,0.3206770773641665,0.0008663119736018198,8337604724.539968,2235.769084893538,"{'OE1': 38876.96385661711, 'OE2': 38876.96385661711, 'OE3': 17089.601635088307, 'OE4': 17089.601635088307, 'OE5': 17089.601635088307, 'OE6': 13738.872322120244, 'OE7': 3534.4602818371895, 'OE8': 2850.0144238059875, 'OE9': 2235.769084893538}"
751,0.3724533971578694,0.0009411823453979225,8485978469.562731,2190.33069390546,"{'OE1': 39197.107308095816, 'OE2': 39197.107308095816, 'OE3': 17086.439853718024, 'OE4': 17086.439853718024, 'OE5': 17086.439853718024, 'OE6': 13848.825418340006, 'OE7': 3404.6140726818203, 'OE8': 2767.535568828561, 'OE9': 2190.33069390546}"
801,0.3993252953341653,0.0009644887283892298,8453572007.073801,2279.750377836066,"{'OE1': 39439.064756779444, 'OE2': 39439.064756779444, 'OE3': 17577.40778326556, 'OE4': 17577.40778326556, 'OE5': 17577.40778326556, 'OE6': 14341.668548273974, 'OE7': 3497.6547706154424, 'OE8': 2861.256676272191, 'OE9': 2279.750377836066}"
851,0.42472685992674997,0.0010147048905011754,8299704497.716248,2328.840160266452,"{'OE1': 39670.67493978124, 'OE2': 39670.67493978124, 'OE3': 17820.285240191457, 'OE4': 17820.285240191457, 'OE5': 17820.285240191457, 'OE6': 14603.016440917692, 'OE7': 3535.8881538889605, 'OE8': 2904.8047928346887, 'OE9': 2328.840160266452}"
901,0.44962848044883685,0.0009352342844076187,7806784805.085503,2657.7813911699104,"{'OE1': 39840.17271848796, 'OE2': 39840.17271848796, 'OE3': 17954.82711733561, 'OE4': 17954.82711733561, 'OE5': 17954.82711733561, 'OE6': 14776.614056392522, 'OE7': 4002.658083264483, 'OE8': 3301.669711756847, 'OE9': 2657.7813911699104}"
951,0.5172916137638595,0.001153606498537537,6288175117.195279,2027.1096231628303,"{'OE1': 39309.15789819625, 'OE2': 39309.15789819625, 'OE3': 17148.483825004518, 'OE4': 17148.483825004518, 'OE5': 17148.483825004518, 'OE6': 13945.699376309061, 'OE7': 3129.8316454550945, 'OE8': 2551.7493568579675, 'OE9': 2027.1096231628303}"
1001,0.5333969904438618,0.001101935807713613,4966802647.54999,2056.0144200113186,"{'OE1': 38825.9178766976, 'OE2': 38825.9178766976, 'OE3': 16385.502925062432, 'OE4': 16385.502925062432, 'OE5': 16385.502925062432, 'OE6': 13178.5704749348, 'OE7': 3253.8586931373907, 'OE8': 2622.950516201788, 'OE9': 2056.0144200113186}"
1051,0.5772470955935205,0.0011011566809302287,3877770545.694787,2092.1296847243157,"{'OE1': 38934.852754064515, 'OE2': 38934.852754064515, 'OE3': 16322.473126789122, 'OE4': 16322.473126789122, 'OE5': 16322.473126789122, 'OE6': 13156.001495939747, 'OE7': 3292.9258947487856, 'OE8': 2660.991735051148, 'OE9': 2092.1296847243157}"
1101,0.627106976057803,0.0011480691692080857,2751761220.7988057,2050.794946316398,"{'OE1': 39031.44763730524, 'OE2': 39031.44763730524, 'OE3': 16233.852700066649, 'OE4': 16233.85270006665, 'OE5': 16233.85270006665, 'OE6': 13122.793832232997, 'OE7': 3208.4960213059967, 'OE8': 2599.539972392483, 'OE9': 2050.794946316398}"
1151,0.6619261786458992,0.00116078923071491,1644282590.7815557,2075.9040068863596,"{'OE1': 39126.533805901425, 'OE2': 39126.533805901425, 'OE3': 16120.316491098163, 'OE4': 16120.316491098165, 'OE5': 16120.316491098165, 'OE6': 13062.932831452032, 'OE7': 3236.968108674169, 'OE8': 2628.6835009943215, 'OE9': 2075.9040068863596}"
1201,0.6822127418436139,0.0011171680968090928,715517615.1529934,2155.4951968295272,"{'OE1': 39192.501158854844, 'OE2': 39192.501158854844, 'OE3': 15968.117905697347, 'OE4': 15968.117905697349, 'OE5': 15968.117905697349, 'OE6': 12958.70211399223, 'OE7': 3347.8818824943405, 'OE8': 2722.5999207469085, 'OE9': 2155.4951968295272}"
1251,0.7150144441047814,0.0011657377282956454,187741005.27397293,2100.582039963616,"{'OE1': 39247.457182254715, 'OE2': 39247.457182254715, 'OE3': 15654.15064699999, 'OE4': 15654.150646999991, 'OE5': 15654.150646999991, 'OE6': 12717.477013348222, 'OE7': 3252.035410976369, 'OE8': 2648.4309047754978, 'OE9': 2100.582039963616}"
1301,0.760591037867016,0.0012544349790335734,204984206.57534093,1974.5416097685718,"{'OE1': 39294.246057785196, 'OE2': 39294.246057785196, 'OE3': 15201.218668911393, 'OE4': 15201.218668911395, 'OE5': 15201.218668911395, 'OE6': 12371.519381201428, 'OE7': 3051.5284876688256, 'OE8': 2488.6754576858793, 'OE9': 1974.5416097685718}"
1351,0.8698639809490487,0.001228768196300348,879718774.1098757,1991.1271204521831,"{'OE1': 39260.97087568207, 'OE2': 39260.97087568207, 'OE3': 14663.267274612055, 'OE4': 14663.267274612057, 'OE5': 14663.267274612057, 'OE6': 11942.0785130474, 'OE7': 3072.278433926125, 'OE8': 2507.4138552648565, 'OE9': 1991.1271204521831}"
1401,0.8683153110750936,0.0012679192280290546,2250135687.79977,1862.9730239044948,"{'OE1': 39284.372422664106, 'OE2': 39284.372422664106, 'OE3': 14088.863747586374, 'OE4': 14088.863747586374, 'OE5': 14088.863747586374, 'OE6': 11484.104247088815, 'OE7': 2869.930571069523, 'OE8': 2343.4444787153498, 'OE9': 1862.9730239044948}"
1451,0.9560390308604383,0.0012532417995702277,4236742925.210603,1809.0880646538967,"{'OE1': 39308.44790239921, 'OE2': 39308.44790239921, 'OE3': 13454.525094412644, 'OE4': 13454.525094412647, 'OE5': 13454.525094412647, 'OE6': 10968.793043532796, 'OE7': 2788.7252902918244, 'OE8': 2278.1536582676267, 'OE9': 1809.0880646538967}"
1501,0.9558261710021725,0.0012987282528681742,6773007718.190327,1696.6519338879925,"{'OE1': 39306.299090764864, 'OE2': 39306.299090764864, 'OE3': 12753.196576167706, 'OE4': 12753.196576167706, 'OE5': 12753.196576167706, 'OE6': 10400.877581178062, 'OE7': 2615.2910745806175, 'OE8': 2137.321432804753, 'OE9': 1696.6519338879925}"
1551,1.0266439464467112,0.0014566643229697509,9719751627.705708,1432.2748730191383,"{'OE1': 39346.423193321476, 'OE2': 39346.423193321476, 'OE3': 11802.73691583726, 'OE4': 11802.736915837262, 'OE5': 11802.736915837262, 'OE6': 9632.645197551776, 'OE7': 2201.5080035576834, 'OE8': 1800.7437314770937, 'OE9': 1432.2748730191383}"
1601,1.1033827699770882,0.001320802531046251,12320037928.442873,1470.984796062555,"{'OE1': 39336.37488881827, 'OE2': 39336.37488881827, 'OE3': 10764.606483832824, 'OE4': 10764.606483832826, 'OE5': 10764.606483832826, 'OE6': 8792.2715300209, 'OE7': 2263.6474475131995, 'OE8': 1852.060380425869, 'OE9': 1470.984796062555}"
1651,1.1633369782271075,0.001411123989999155,14101182588.6414,1246.032617965982,"{'OE1': 39315.296202329504, 'OE2': 39315.296202329504, 'OE3': 9704.499623154166, 'OE4': 9704.499623154166, 'OE5': 9704.499623154166, 'OE6': 7924.188798115213, 'OE7': 1916.4360714282593, 'OE8': 1568.2302153430376, 'OE9': 1246.032617965982}"
1701,1.172364901403398,0.001448381726615602,15213930429.117447,1092.4792469188933,"{'OE1': 39310.78726563688, 'OE2': 39310.78726563688, 'OE3': 8668.727588148948, 'OE4': 8668.727588148948, 'OE5': 8668.727588148948, 'OE6': 7079.865963948039, 'OE7': 1680.4536199040272, 'OE8': 1375.1833681715757, 'OE9': 1092.4792469188933}"
1751,1.3065073752011358,0.001409406576556291,15959405760.650648,1035.2030203735808,"{'OE1': 39276.35310044383, 'OE2': 39276.35310044383, 'OE3': 7639.077817187373, 'OE4': 7639.077817187373, 'OE5': 7639.077817187373, 'OE6': 6238.793544628243, 'OE7': 1594.3563480293046, 'OE8': 1304.6296971544382, 'OE9': 1035.2030203735808}"
1801,1.2899837342624778,0.001432640044810651,14766923529.325577,870.0150451490307,"{'OE1': 39237.66878529024, 'OE2': 39237.66878529023, 'OE3': 6495.287755647407, 'OE4': 6495.287755647409, 'OE5': 6495.287755647409, 'OE6': 5302.915625002187, 'OE7': 1341.0313784571824, 'OE8': 1097.1182772947132, 'OE9': 870.0150451490307}"
1851,1.286891901376066,0.001252320910077392,13300545992.217834,846.8536335986482,"{'OE1': 39138.82248873465, 'OE2': 39138.822488734644, 'OE3': 5509.971726171231, 'OE4': 5509.971726171231, 'OE5': 5509.971726171231, 'OE6': 4493.739859467192, 'OE7': 1308.9599581861164, 'OE8': 1070.0548603743443, 'OE9': 846.8536335986482}"
1901,1.3550201599468892,0.0014729101681572414,11701975475.510586,622.1967143976618,"{'OE1': 39103.15163552191, 'OE2': 39103.15163552191, 'OE3': 4693.4687089907675, 'OE4': 4686.534935372808, 'OE5': 4686.534935372808, 'OE6': 3821.651140056119, 'OE7': 964.8210236803994, 'OE8': 787.970803570742, 'OE9': 622.1967143976618}"
1951,1.5204411165941565,0.0015349280782157187,9480521184.389963,484.52833555868114,"{'OE1': 39049.56733069953, 'OE2': 39049.56733069953, 'OE3': 3838.4841244265776, 'OE4': 3814.785139648055, 'OE5': 3814.785139648055, 'OE6': 3105.654744019519, 'OE7': 753.0066930266464, 'OE8': 614.2955681163278, 'OE9': 484.52833555868114}"
2001,1.4937399034192822,0.0015136273128004889,7236983744.577414,393.8732763457489,"{'OE1': 38935.93411399388, 'OE2': 38935.93411399388, 'OE3': 3075.685235183215, 'OE4': 3031.2615150142997, 'OE5': 3031.2615150142997, 'OE6': 2464.973353044964, 'OE7': 614.4472948041122, 'OE8': 500.6220039725189, 'OE9': 393.8732763457489}"
2051,1.5525688080879263,0.0015088127257907623,4903899037.925224,293.0004531411756,"{'OE1': 38825.12706685533, 'OE2': 38825.12706685533, 'OE3': 2280.364284211188, 'OE4': 2230.285949891461, 'OE5': 2230.285949891461, 'OE6': 1811.7392334272058, 'OE7': 458.82615533343653, 'OE8': 373.4339426314627, 'OE9': 293.0004531411756}"
2101,1.5325881548437792,0.0014612247490487385,2511220896.749187,179.2938946446455,"{'OE1': 38734.943099806165, 'OE2': 38734.943099806165, 'OE3': 1349.3097506271897, 'OE4': 1309.6724271595458, 'OE5': 1309.6724271595458, 'OE6': 1062.1545384304357, 'OE7': 282.17357529352455, 'OE8': 229.36827947959557, 'OE9': 179.2938946446455}"
2151,1.6762005665259494,0.0014752942430038152,1632413145.5707316,147.16128534691387,"{'OE1': 38594.52837893716, 'OE2': 38594.52837893716, 'OE3': 1122.8038247276459, 'OE4': 1081.3345165105002, 'OE5': 1081.3345165105002, 'OE6': 875.5609019041277, 'OE7': 232.8741904898036, 'OE8': 188.89929496816686, 'OE9': 147.16128534691387}"
2201,1.7821184715430718,0.0016192269825778761,1365378122.3598082,186.03364342808325,"{'OE1': 38440.28312426391, 'OE2': 38440.28312426391, 'OE3': 1561.5654432039248, 'OE4': 1494.1026628491916, 'OE5': 1494.1026628491916, 'OE6': 1206.774973318284, 'OE7': 296.0572140161182, 'OE8': 239.58794696920452, 'OE9': 186.03364342808325}"
2251,1.7732534353417577,0.0015331484948962212,679674335.5160297,230.62061275930753,"{'OE1': 38290.67575174004, 'OE2': 38290.67575174004, 'OE3': 1849.0339237954643, 'OE4': 1757.0515779223722, 'OE5': 1757.0515779223722, 'OE6': 1415.3947167015099, 'OE7': 370.41644070185487, 'OE8': 298.9788136778018, 'OE9': 230.62061275930753}"
2301,1.8955848260957282,0.0015857765218220078,718688255.1794784,250.89478940094045,"{'OE1': 38069.48926696266, 'OE2': 38069.48926696266, 'OE3': 2080.5770345189244, 'OE4': 1963.3032615715858, 'OE5': 1963.3032615715858, 'OE6': 1576.5300821953017, 'OE7': 406.13748163461463, 'OE8': 326.8532525862338, 'OE9': 250.89478940094045}"
2351,1.9531454154057428,0.0017631100979661639,912340107.9396099,235.8395119607964,"{'OE1': 37842.80131474438, 'OE2': 37842.801314744385, 'OE3': 2208.2478161458735, 'OE4': 2069.2445331060203, 'OE5': 2069.2445331060203, 'OE6': 1656.5374863667353, 'OE7': 385.464430193859, 'OE8': 309.20467355014677, 'OE9': 235.8395119607964}"
2401,1.9709272395243715,0.0016399363908947931,1368375098.2437348,265.27531535738,"{'OE1': 37589.046138685364, 'OE2': 37589.046138685364, 'OE3': 2321.3558037567796, 'OE4': 2161.2199772394238, 'OE5': 2161.2199772394238, 'OE6': 1722.7518228435497, 'OE7': 438.0488548965526, 'OE8': 350.0313929570806, 'OE9': 265.27531535738}"
2451,1.9063116683582848,0.0014738800882559226,1660015489.1018803,297.8344242301786,"{'OE1': 37239.24108177831, 'OE2': 37239.24108177831, 'OE3': 2406.8108794213445, 'OE4': 2226.96354178424, 'OE5': 2226.96354178424, 'OE6': 1766.1585145128072, 'OE7': 499.75546137792793, 'OE8': 397.21928235195054, 'OE9': 297.8344242301786}"
2501,2.117387953585421,0.0016738231151004971,1878605495.352476,267.7707984295027,"{'OE1': 36799.05695538334, 'OE2': 36799.05695538334, 'OE3': 2475.7622194928654, 'OE4': 2275.1092561872024, 'OE5': 2275.1092561872024, 'OE6': 1793.4632225557757, 'OE7': 456.61244508559724, 'OE8': 360.7831320136212, 'OE9': 267.7707984295027}"
2551,2.1048956396157337,0.0016002643580045634,1969826692.8687272,273.14688397660655,"{'OE1': 36334.31720741036, 'OE2': 36334.31720741036, 'OE3': 2457.887927147195, 'OE4': 2245.9479296128034, 'OE5': 2245.9479296128034, 'OE6': 1759.0042019157775, 'OE7': 475.0069499884189, 'OE8': 372.83905011305217, 'OE9': 273.14688397660655}"
2601,2.2466284499896574,0.0016806914904179259,1814486589.2898045,233.5814285047506,"{'OE1': 35822.95323659903, 'OE2': 35822.95323659903, 'OE3': 2317.067409566522, 'OE4': 2107.7146974827515, 'OE5': 2107.7146974827515, 'OE6': 1637.8101565718189, 'OE7': 416.4189706931411, 'OE8': 324.43044345884044, 'OE9': 233.5814285047506}"
2651,2.271329012713977,0.0016365970158836417,1727543253.7680128,228.6324140065335,"{'OE1': 35105.52462019248, 'OE2': 35105.52462019248, 'OE3': 2273.6893769327185, 'OE4': 2058.3955056972327, 'OE5': 2058.3955056972327, 'OE6': 1582.805117942785, 'OE7': 420.5111395874371, 'OE8': 324.2565675015416, 'OE9': 228.6324140065335}"
2701,2.24491104452909,0.001724396162247311,1574591420.3896673,214.30922536571376,"{'OE1': 34168.05187265902, 'OE2': 34168.05187265902, 'OE3': 2350.7541548878417, 'OE4': 2117.518807114762, 'OE5': 2117.518807114762, 'OE6': 1606.918909677825, 'OE7': 410.6596371595758, 'OE8': 312.71573535846767, 'OE9': 214.30922536571376}"
2751,2.4110918707087876,0.0017408667733478384,1358190050.1652727,197.75775229419116,"{'OE1': 33039.077410741615, 'OE2': 33039.077410741615, 'OE3': 2335.1555161502383, 'OE4': 2095.3040125348994, 'OE5': 2095.3040125348994, 'OE6': 1567.5447129215502, 'OE7': 399.2839345214231, 'OE8': 299.66065187519314, 'OE9': 197.75775229419116}"
2801,2.5123060492314835,0.0016462341348453056,1249505415.3302257,176.5258791903358,"{'OE1': 31257.598576206907, 'OE2': 31257.598576206907, 'OE3': 2219.0453082861854, 'OE4': 1976.7314193019517, 'OE5': 1976.7314193019517, 'OE6': 1443.365723831436, 'OE7': 388.80500980137913, 'OE8': 285.07981949980444, 'OE9': 176.5258791903358}"
2851,2.5737949272461265,0.0016994249205276016,1049562684.3115929,134.70648929210932,"{'OE1': 28705.962991511205, 'OE2': 28705.962991511205, 'OE3': 2021.4748257245724, 'OE4': 1794.611618032912, 'OE5': 1794.611618032912, 'OE6': 1270.9961440913266, 'OE7': 336.5015545015247, 'OE8': 239.45947949317826, 'OE9': 134.70648929210932}"
2901,2.6002663759632014,0.0017860909831163953,662541864.2276328,79.4658209763696,"{'OE1': 24090.093373294436, 'OE2': 24090.093373294436, 'OE3': 1664.5120881564203, 'OE4': 1470.1219332377204, 'OE5': 1470.1219332377204, 'OE6': 984.1241623053351, 'OE7': 249.54088292371858, 'OE8': 168.31370657221282, 'OE9': 79.4658209763696}"
2951,2.4240007460753077,0.0016921163297133426,227934277.8122764,28.71751677226853,"{'OE1': 15676.238605011438, 'OE2': 15676.238605011438, 'OE3': 1059.4891967661786, 'OE4': 931.0493935671833, 'OE5': 931.0493935671833, 'OE6': 544.7934738470863, 'OE7': 147.86139314413776, 'OE8': 87.88553258594573, 'OE9': 28.71751677226853}"
3001,2.59650065383903,0.001726497261040144,23266970.463555343,2.925047118321748,"{'OE1': 7653.124415627372, 'OE2': 7653.124415627372, 'OE3': 494.7431902386693, 'OE4': 432.96943785077036, 'OE5': 432.96943785077036, 'OE6': 151.45402803583661, 'OE7': 46.279774364911916, 'OE8': 17.972101978623805, 'OE9': 2.925047118321748}"
3051,2.67453952658434,0.0016831489836972413,8283460.614600538,1.1042489258083954,"{'OE1': 7567.683921298211, 'OE2': 7567.683921298211, 'OE3': 485.1651769750879, 'OE4': 422.46826700234334, 'OE5': 422.46826700234334, 'OE6': 105.1086402324257, 'OE7': 28.83600136440961, 'OE8': 7.195265122523068, 'OE9': 1.1042489258083954}"
3101,2.8189369674714726,0.0018935093785826197,10074861.074335825,1.2637075769454862,"{'OE1': 8003.509573850207, 'OE2': 8003.509573850207, 'OE3': 511.0731946138691, 'OE4': 443.5781508811064, 'OE5': 443.5781508811064, 'OE6': 117.68433390269296, 'OE7': 29.31933618510776, 'OE8': 7.811258021773643, 'OE9': 1.2637075769454862}"
3151,2.7999158750276365,0.0018290865562469525,4322559.175192395,0.6066664622006348,"{'OE1': 6883.778328230216, 'OE2': 6883.778328230216, 'OE3': 430.60532685294226, 'OE4': 372.7660415264207, 'OE5': 372.7660415264207, 'OE6': 81.66271693952955, 'OE7': 20.471739458020075, 'OE8': 4.40025995147311, 'OE9': 0.6066664622006348}"
3201,3.004499103280523,0.001879414339426089,5920907.064175113,0.8576909436414708,"{'OE1': 7509.746018794077, 'OE2': 7509.746018794077, 'OE3': 459.9265708246459, 'OE4': 396.12293006093813, 'OE5': 396.12293006093813, 'OE6': 93.91813364394633, 'OE7': 23.796394136756795, 'OE8': 5.659731540913148, 'OE9': 0.8576909436414708}"
3251,2.9282788020645967,0.0018979663823166279,7238361.014207316,1.073698631797039,"{'OE1': 8017.026152080981, 'OE2': 8017.026152080981, 'OE3': 474.5106717890015, 'OE4': 407.11053645902837, 'OE5': 407.11053645902837, 'OE6': 103.44953697192565, 'OE7': 25.94766967640914, 'OE8': 6.618625325747749, 'OE9': 1.073698631797039}"
3301,2.957855600210223,0.0018825231165293709,6991170.0839091735,1.0896582669614645,"{'OE1': 7993.258180067266, 'OE2': 7993.258180067266, 'OE3': 462.66571394273103, 'OE4': 395.8278850047018, 'OE5': 395.8278850047018, 'OE6': 101.89217311867887, 'OE7': 26.062846335597538, 'OE8': 6.7347938905542115, 'OE9': 1.0896582669614645}"
3351,3.159246042470386,0.001849170047613591,5606744.244222295,0.9504486561356464,"{'OE1': 7633.293625823534, 'OE2': 7633.293625823534, 'OE3': 436.961339643751, 'OE4': 372.5999104742607, 'OE5': 372.5999104742607, 'OE6': 93.66018129835261, 'OE7': 24.433316058201083, 'OE8': 6.162926307237155, 'OE9': 0.9504486561356464}"
3401,2.936124636033128,0.0018100771828867019,4525811.269187176,0.8529885821036731,"{'OE1': 7278.763187564674, 'OE2': 7278.763187564674, 'OE3': 409.9244291300677, 'OE4': 348.4890530562702, 'OE5': 348.4890530562702, 'OE6': 85.49563710193647, 'OE7': 23.471181843804676, 'OE8': 5.773113696509616, 'OE9': 0.8529885821036731}"
3451,3.1906355943137896,0.0018535265281067266,3618097.2577986373,0.7249156522616791,"{'OE1': 7186.700763291551, 'OE2': 7186.700763291551, 'OE3': 394.975616484641, 'OE4': 334.89015291585525, 'OE5': 334.89015291585525, 'OE6': 79.16886922037314, 'OE7': 20.991948490723075, 'OE8': 4.974763759229776, 'OE9': 0.7249156522616791}"
3501,3.1182063119035774,0.0018430867943676256,3492325.8502871045,0.7453690233693551,"{'OE1': 7198.868092636078, 'OE2': 7198.868092636076, 'OE3': 386.2848071843338, 'OE4': 326.6604001813029, 'OE5': 326.6604001813029, 'OE6': 78.41248600024618, 'OE7': 21.242577443346974, 'OE8': 5.1145712017058065, 'OE9': 0.7453690233693551}"
3551,3.340437288628891,0.001801019796363938,3125669.40432993,0.7199649838805149,"{'OE1': 7067.103691892243, 'OE2': 7067.103691892243, 'OE3': 370.41173156452885, 'OE4': 311.889396442137, 'OE5': 311.889396442137, 'OE6': 74.83546228770142, 'OE7': 20.905854116989662, 'OE8': 5.028912937045196, 'OE9': 0.7199649838805149}"
3601,3.7193679923611853,0.0018998661369286282,2510079.668922269,0.5933937117724832,"{'OE1': 6815.325459518206, 'OE2': 6815.325459518206, 'OE3': 347.08053330898537, 'OE4': 291.60241057836066, 'OE5': 291.60241057836066, 'OE6': 68.66569756961981, 'OE7': 18.158908872462682, 'OE8': 4.289322694940996, 'OE9': 0.5933937117724832}"
3651,3.5028179460118736,0.001882393796904767,2000381.2970819923,0.519554592440495,"{'OE1': 6548.776732272518, 'OE2': 6548.776732272518, 'OE3': 323.95813842454373, 'OE4': 271.26200632442186, 'OE5': 271.26200632442186, 'OE6': 62.587374869610514, 'OE7': 16.901649589652433, 'OE8': 3.906210250541027, 'OE9': 0.519554592440495}"
3701,3.505890197478493,0.001978576175737676,1549465.2130077376,0.41680485878616186,"{'OE1': 6257.399000165147, 'OE2': 6257.399000165147, 'OE3': 300.8574415285774, 'OE4': 251.2159047075578, 'OE5': 251.2159047075578, 'OE6': 56.48636364954427, 'OE7': 14.586788801454425, 'OE8': 3.2818064265452405, 'OE9': 0.41680485878616186}"
3751,3.626839720001499,0.0018924695706225099,1141154.2558021198,0.34860598305279433,"{'OE1': 5932.840870320512, 'OE2': 5932.840870320512, 'OE3': 277.37137006857813, 'OE4': 231.03031179916104, 'OE5': 231.03031179916104, 'OE6': 50.08178268847195, 'OE7': 13.358066538359878, 'OE8': 2.894471818433371, 'OE9': 0.34860598305279433}"
3801,3.791352909703619,0.001904475895912254,874823.3216079545,0.2870853793641516,"{'OE1': 5613.360732640256, 'OE2': 5613.360732640256, 'OE3': 255.29812293102893, 'OE4': 212.07084158138994, 'OE5': 212.07084158138994, 'OE6': 44.224622419570416, 'OE7': 12.092153334398034, 'OE8': 2.5175157019781067, 'OE9': 0.2870853793641516}"
3851,3.9442214159598734,0.0020048122451967465,651953.583964304,0.21797881624199253,"{'OE1': 5309.703129809283, 'OE2': 5309.703129809283, 'OE3': 234.1652857920639, 'OE4': 194.3359536707947, 'OE5': 194.3359536707947, 'OE6': 38.80335496284923, 'OE7': 10.16242694607903, 'OE8': 2.0234206149798943, 'OE9': 0.21797881624199253}"
3901,3.7114143218350364,0.0019935324608531197,477408.53295040724,0.17086690301208235,"{'OE1': 4988.280582619704, 'OE2': 4988.280582619704, 'OE3': 213.37851521029165, 'OE4': 176.61431955632492, 'OE5': 176.61431955632492, 'OE6': 33.52894621325558, 'OE7': 8.920719712782045, 'OE8': 1.6861879805169966, 'OE9': 0.17086690301208235}"
3951,4.081913834029365,0.0021309238178526028,346921.0906068589,0.1223841676098927,"{'OE1': 4689.920588187037, 'OE2': 4689.920588187037, 'OE3': 194.70021290544034, 'OE4': 160.6955001854979, 'OE5': 160.6955001854979, 'OE6': 28.951908071980466, 'OE7': 7.1660298839000305, 'OE8': 1.2832684745918295, 'OE9': 0.1223841676098927}"
4001,4.148464198669899,0.001921664731729783,256738.4792478771,0.104417237906312,"{'OE1': 4409.095639474067, 'OE2': 4409.095639474067, 'OE3': 177.72669487876664, 'OE4': 146.37667931513357, 'OE5': 146.37667931513357, 'OE6': 24.946072549771497, 'OE7': 6.887332130495234, 'OE8': 1.1651281653420118, 'OE9': 0.104417237906312}"
4051,4.009126244811341,0.0020129004194801713,190667.4141217632,0.07583842454258644,"{'OE1': 4130.5040082863425, 'OE2': 4130.504008286343, 'OE3': 161.7516966171658, 'OE4': 132.8690479251093, 'OE5': 132.8690479251093, 'OE6': 21.31370300452945, 'OE7': 5.696662347608338, 'OE8': 0.9055387507121362, 'OE9': 0.07583842454258644}"
4101,4.337686545265569,0.0020258690296864985,142018.9047560322,0.05661913203635954,"{'OE1': 3873.0899507111385, 'OE2': 3873.0899507111385, 'OE3': 147.38492857657812, 'OE4': 120.85778416115595, 'OE5': 120.85778416115595, 'OE6': 18.22923593429676, 'OE7': 4.835947377985965, 'OE8': 0.7215672469539952, 'OE9': 0.05661913203635954}"
4151,4.23296224776368,0.002044855477038939,109025.08147398222,0.04279788502518138,"{'OE1': 3636.1991141170956, 'OE2': 3636.1991141170956, 'OE3': 134.15832169903823, 'OE4': 109.86716182823122, 'OE5': 109.86716182823122, 'OE6': 15.557693946866497, 'OE7': 4.151753203108919, 'OE8': 0.5811449908563948, 'OE9': 0.04279788502518138}"
4201,4.350751708618191,0.0020384168793465556,82454.17017702761,0.031856858353661144,"{'OE1': 3407.7673030717924, 'OE2': 3407.7673030717924, 'OE3': 121.97296836910085, 'OE4': 99.61842280112367, 'OE5': 99.61842280112367, 'OE6': 13.205981672108187, 'OE7': 3.524189291977864, 'OE8': 0.46139279696109237, 'OE9': 0.031856858353661144}"
4251,4.444867352292931,0.00210231735848978,62307.770869077336,0.02274604923418634,"{'OE1': 3198.0208648652774, 'OE2': 3198.0208648652774, 'OE3': 111.09491894429425, 'OE4': 90.53397354061059, 'OE5': 90.53397354061059, 'OE6': 11.221429249905071, 'OE7': 2.876747409904271, 'OE8': 0.35190091028958326, 'OE9': 0.02274604923418634}"
4301,4.355385648406809,0.002029164326706348,48616.09891861534,0.01800102116527029,"{'OE1': 3001.2816942416657, 'OE2': 3001.2816942416657, 'OE3': 101.24512838198046, 'OE4': 82.42676881883708, 'OE5': 82.42676881883708, 'OE6': 9.556236877191605, 'OE7': 2.5857004747543852, 'OE8': 0.2956686376516425, 'OE9': 0.01800102116527029}"
4351,4.918751163668276,0.0021504946279408883,38450.07268451988,0.012867518435672305,"{'OE1': 2818.2307885487785, 'OE2': 2818.2307885487785, 'OE3': 92.3749433796192, 'OE4': 74.99059105229817, 'OE5': 74.99059105229817, 'OE6': 8.130436825054577, 'OE7': 2.1082964848261394, 'OE8': 0.22533023247443706, 'OE9': 0.012867518435672305}"
4401,4.773286946561711,0.002118277110171327,29856.99518147903,0.009666730829291011,"{'OE1': 2648.403540766968, 'OE2': 2648.403540766968, 'OE3': 84.38371439523829, 'OE4': 68.47581943685755, 'OE5': 68.47581943685755, 'OE6': 6.92785375408112, 'OE7': 1.8051227188239178, 'OE8': 0.18014732463578015, 'OE9': 0.009666730829291011}"
4451,4.854787832979127,0.00221973078424642,23818.63709391818,0.007012376724401209,"{'OE1': 2493.1555679776425, 'OE2': 2493.1555679776425, 'OE3': 77.25507149723765, 'OE4': 62.54983693831545, 'OE5': 62.54983693831545, 'OE6': 5.9150397681689375, 'OE7': 1.4989476553850247, 'OE8': 0.1398350619477461, 'OE9': 0.007012376724401209}"
4501,4.768790014788465,0.0021200761609420672,18951.681815189684,0.005549711927883725,"{'OE1': 2343.658990002045, 'OE2': 2343.6589900020454, 'OE3': 70.60002221599028, 'OE4': 57.064584615207224, 'OE5': 57.064584615207224, 'OE6': 5.050710917415964, 'OE7': 1.3386864360172617, 'OE8': 0.11687816626726727, 'OE9': 0.005549711927883725}"
4551,4.916009606316038,0.002238214639739363,15186.597431312643,0.0040057803300792595,"{'OE1': 2206.418679555428, 'OE2': 2206.418679555428, 'OE3': 64.57460365189752, 'OE4': 52.11090443916882, 'OE5': 52.11090443916882, 'OE6': 4.315239422909698, 'OE7': 1.0959145961863586, 'OE8': 0.08951896596992563, 'OE9': 0.0040057803300792595}"
4601,5.008200115776162,0.0021968187750515495,12215.880898029563,0.0031267447360882657,"{'OE1': 2079.7557519348497, 'OE2': 2079.7557519348497, 'OE3': 59.164288326182, 'OE4': 47.670736692805235, 'OE5': 47.670736692805235, 'OE6': 3.6953738754874084, 'OE7': 0.9708691476568292, 'OE8': 0.07428289672782665, 'OE9': 0.0031267447360882657}"
4651,5.07384165268104,0.0021082107474753435,9693.301626750139,0.002466807469265334,"{'OE1': 1962.3037661557055, 'OE2': 1962.3037661557055, 'OE3': 54.282090274051995, 'OE4': 43.65233927241587, 'OE5': 43.65233927241587, 'OE6': 3.1747906093163127, 'OE7': 0.8613090005371964, 'OE8': 0.06180850927232211, 'OE9': 0.002466807469265334}"
4701,5.039463435787184,0.002158827363422607,7700.120490662358,0.0018310952626705323,"{'OE1': 1853.5852174386116, 'OE2': 1853.5852174386116, 'OE3': 49.88152628131711, 'OE4': 40.05497002838826, 'OE5': 40.05497002838826, 'OE6': 2.729761220748396, 'OE7': 0.7225665116115394, 'OE8': 0.04864321011979738, 'OE9': 0.0018310952626705323}"
4751,5.353544258798138,0.002245032657640195,6107.610815507244,0.0013407592486767836,"{'OE1': 1748.9197612469598, 'OE2': 1748.9197612469598, 'OE3': 45.80595904491833, 'OE4': 36.723015285944946, 'OE5': 36.723015285944946, 'OE6': 2.3503578895326065, 'OE7': 0.5981527004361198, 'OE8': 0.03781576807190944, 'OE9': 0.0013407592486767836}"
4801,5.051223449074314,0.0022673430556233495,5050.374687716684,0.0010574785566322496,"{'OE1': 1654.6452159988255, 'OE2': 1654.6452159988255, 'OE3': 42.197297015635286, 'OE4': 33.797349129609366, 'OE5': 33.797349129609366, 'OE6': 2.0330392153975323, 'OE7': 0.5329566861178316, 'OE8': 0.03168327225968355, 'OE9': 0.0010574785566322496}"
4851,5.207786907803893,0.0020598375748753645,3998.7234285848963,0.0008911465088291041,"{'OE1': 1567.5768939428078, 'OE2': 1567.5768939428078, 'OE3': 38.94073535945771, 'OE4': 31.17316158786617, 'OE5': 31.17316158786617, 'OE6': 1.7653876885410473, 'OE7': 0.5019233443160621, 'OE8': 0.028094685476385738, 'OE9': 0.0008911465088291041}"
4901,5.232893093929306,0.0021922465744182726,3200.9812658847236,0.0006505365845773142,"{'OE1': 1484.786776258185, 'OE2': 1484.786776258185, 'OE3': 35.924383272756614, 'OE4': 28.69062463975726, 'OE5': 28.69062463975726, 'OE6': 1.5293383796791802, 'OE7': 0.41091350954554773, 'OE8': 0.021664834103010025, 'OE9': 0.0006505365845773142}"
4951,5.698760295895227,0.002309868574511562,2596.2460140311373,0.0004875907702250159,"{'OE1': 1406.7009391795934, 'OE2': 1406.7009391795934, 'OE3': 33.13224431530991, 'OE4': 26.416797459486812, 'OE5': 26.416797459486812, 'OE6': 1.3272774105998313, 'OE7': 0.3440475263545621, 'OE8': 0.017105013125342752, 'OE9': 0.0004875907702250159}"
5001,5.673179356939727,0.002144573282485597,2052.2701969349737,0.0004059497269988428,"{'OE1': 1335.005763422322, 'OE2': 1335.005763422322, 'OE3': 30.62168849803273, 'OE4': 24.402346150663192, 'OE5': 24.402346150663192, 'OE6': 1.1574665285725882, 'OE7': 0.32085911382492815, 'OE8': 0.01506025915389122, 'OE9': 0.0004059497269988428}"
5051,5.917600299132573,0.0021624439963621365,1665.6975336188864,0.00032080428457743513,"{'OE1': 1267.187049897265, 'OE2': 1267.187049897265, 'OE3': 28.315398580809145, 'OE4': 22.529889693830896, 'OE5': 22.529889693830896, 'OE6': 1.009592795580807, 'OE7': 0.2821461989221846, 'OE8': 0.012515473178480166, 'OE9': 0.00032080428457743513}"
5101,5.781341574700491,0.0021429037581959217,1339.420307927642,0.00025631895881804065,"{'OE1': 1204.3212875140248, 'OE2': 1204.3212875140248, 'OE3': 26.227964319885373, 'OE4': 20.84848951753358, 'OE5': 20.84848951753358, 'OE6': 0.883098081186672, 'OE7': 0.25110124641881115, 'OE8': 0.010530267942285194, 'OE9': 0.00025631895881804065}"
5151,5.63878108082281,0.002426647069188886,1075.8572944011453,0.0001800137906693363,"{'OE1': 1143.8210854658328, 'OE2': 1143.8210854658328, 'OE3': 24.284024441007926, 'OE4': 19.28107685818808, 'OE5': 19.28107685818808, 'OE6': 0.7727578505973682, 'OE7': 0.19541474501043576, 'OE8': 0.007755671418409285, 'OE9': 0.0001800137906693363}"
5201,6.125564436188142,0.0022735316252304044,853.0738119678361,0.00015181921190559515,"{'OE1': 1089.1071865012823, 'OE2': 1089.1071865012823, 'OE3': 22.549022169402058, 'OE4': 17.882551651412303, 'OE5': 17.882551651412303, 'OE6': 0.6786361344794852, 'OE7': 0.18283277791984362, 'OE8': 0.006874725080391485, 'OE9': 0.00015181921190559515}"
5251,6.022471885802588,0.002289762180376495,682.7394562072695,0.00012123823919130044,"{'OE1': 1037.5579614326853, 'OE2': 1037.5579614326853, 'OE3': 20.95899342569263, 'OE4': 16.62091378083136, 'OE5': 16.62091378083136, 'OE6': 0.5980390999061422, 'OE7': 0.1619474301846857, 'OE8': 0.0057745929068469025, 'OE9': 0.00012123823919130044}"
5301,6.265271269197001,0.002296261285015978,527.6652397205618,9.47689481313223e-05,"{'OE1': 987.9210924099547, 'OE2': 987.9210924099547, 'OE3': 19.475462118411546, 'OE4': 15.420604868012965, 'OE5': 15.420604868012965, 'OE6': 0.5264485109788758, 'OE7': 0.1401807676859584, 'OE8': 0.004743079732837489, 'OE9': 9.47689481313223e-05}"
5351,6.28609659911308,0.0024123889939479046,421.8467696413356,7.326977630779736e-05,"{'OE1': 941.5371232976938, 'OE2': 941.5371232976938, 'OE3': 18.11933717642517, 'OE4': 14.337551188926625, 'OE5': 14.337551188926625, 'OE6': 0.464558187297782, 'OE7': 0.11924314692365261, 'OE8': 0.003831961856477292, 'OE9': 7.326977630779736e-05}"
5401,6.210914354994202,0.0022570859818575656,331.2742079902031,6.322906031022719e-05,"{'OE1': 898.1503724495082, 'OE2': 898.1503724495082, 'OE3': 16.87345780320152, 'OE4': 13.335249566494651, 'OE5': 13.335249566494651, 'OE6': 0.4106863347153461, 'OE7': 0.11355469073102162, 'OE8': 0.0034684461459835282, 'OE9': 6.322906031022719e-05}"
5451,6.829935884030419,0.0023290887703330105,252.33124392512775,4.878603651954615e-05,"{'OE1': 857.8580959682129, 'OE2': 857.8580959682129, 'OE3': 15.731275268484353, 'OE4': 12.418396201258528, 'OE5': 12.418396201258528, 'OE6': 0.363715530177054, 'OE7': 0.09690845639430833, 'OE8': 0.0028154715180154985, 'OE9': 4.878603651954615e-05}"
5501,6.3381829004320025,0.0023316043244799587,194.01611770296014,3.973604605488941e-05,"{'OE1': 818.8860178920017, 'OE2': 818.8860178920017, 'OE3': 14.662979949184022, 'OE4': 11.558702988397942, 'OE5': 11.558702988397942, 'OE6': 0.32227599455527167, 'OE7': 0.08669845472021971, 'OE8': 0.002397428849796728, 'OE9': 3.973604605488941e-05}"
5551,6.511626430219621,0.002434726797129769,147.22879966009077,3.1147600234689404e-05,"{'OE1': 782.4638101660261, 'OE2': 782.4638101660261, 'OE3': 13.683476804054871, 'OE4': 10.790874632882616, 'OE5': 10.790874632882616, 'OE6': 0.28630385099762956, 'OE7': 0.07480128706383704, 'OE8': 0.0019702781080242404, 'OE9': 3.1147600234689404e-05}"
5601,6.268588461131003,0.0022058228512713174,108.28563271930622,2.7885656450422e-05,"{'OE1': 748.3599933924066, 'OE2': 748.3599933924066, 'OE3': 12.786302228316151, 'OE4': 10.072498636945987, 'OE5': 10.072498636945987, 'OE6': 0.2547592012878724, 'OE7': 0.07336888426335998, 'OE8': 0.0018420620548717935, 'OE9': 2.7885656450422e-05}"
5651,7.106222999386773,0.0024234183318805344,76.73977402922841,2.0387367089893703e-05,"{'OE1': 715.5059882002555, 'OE2': 715.5059882002555, 'OE3': 11.946449941051034, 'OE4': 9.395971662643174, 'OE5': 9.395971662643174, 'OE6': 0.2265579245791684, 'OE7': 0.058820928053385166, 'OE8': 0.0014085739716039039, 'OE9': 2.0387367089893703e-05}"
5701,6.961833005567314,0.002316950973258095,53.74194301998858,1.7569035040919067e-05,"{'OE1': 685.0579739189527, 'OE2': 685.0579739189527, 'OE3': 11.180470160466252, 'OE4': 8.788615150107068, 'OE5': 8.788615150107068, 'OE6': 0.202222237179435, 'OE7': 0.05539239166576297, 'OE8': 0.0012660277851285755, 'OE9': 1.7569035040919067e-05}"
5751,6.832462547936302,0.0025444031094507464,35.634338048707974,1.3179335185522279e-05,"{'OE1': 656.0332924238343, 'OE2': 656.0332924238344, 'OE3': 10.46892556695412, 'OE4': 8.217670481393315, 'OE5': 8.217670481393315, 'OE6': 0.18065070227349603, 'OE7': 0.04551507354742862, 'OE8': 0.0009935249563922696, 'OE9': 1.3179335185522279e-05}"
5801,6.8735132554966185,0.0023981677066583764,21.625417713641717,1.149696777775516e-05,"{'OE1': 627.8859536704499, 'OE2': 627.8859536704499, 'OE3': 9.79851374519592, 'OE4': 7.688480396516468, 'OE5': 7.688480396516468, 'OE6': 0.16149366013951932, 'OE7': 0.04329381701917662, 'OE8': 0.0009031233661925907, 'OE9': 1.149696777775516e-05}"
5851,7.3086041671049315,0.002523969987537197,11.0688544203708,9.017367109790682e-06,"{'OE1': 603.1160113591667, 'OE2': 603.1160113591667, 'OE3': 9.206767355951149, 'OE4': 7.2127838244549265, 'OE5': 7.2127838244549265, 'OE6': 0.14475343191128476, 'OE7': 0.036987558753400075, 'OE8': 0.000737782978396098, 'OE9': 9.017367109790682e-06}"
5901,7.108833025888998,0.0023955755668105213,3.206798550898121,7.848626939212005e-06,"{'OE1': 577.6134926798153, 'OE2': 577.6134926798153, 'OE3': 8.626507781175397, 'OE4': 6.751823531295628, 'OE5': 6.751823531295628, 'OE6': 0.12967269168594375, 'OE7': 0.03507400215352089, 'OE8': 0.0006693497760484615, 'OE9': 7.848626939212005e-06}"
5951,7.059559767357314,0.0024163641877043727,-2.463094200775623,6.365630517839981e-06,"{'OE1': 554.4693463780511, 'OE2': 554.4693463780511, 'OE3': 8.104156687624474, 'OE4': 6.342302574587772, 'OE5': 6.342302574587772, 'OE6': 0.11659352107167037, 'OE7': 0.030995890779521966, 'OE8': 0.0005663175371440582, 'OE9': 6.365630517839981e-06}"
6001,7.339107922325638,0.002483790174474387,-6.5099378592355235,5.227491406806949e-06,"{'OE1': 532.3426506163479, 'OE2': 532.3426506163479, 'OE3': 7.6162383591658145, 'OE4': 5.948834688465388, 'OE5': 5.948834688465388, 'OE6': 0.10473244649367891, 'OE7': 0.027686069744738546, 'OE8': 0.00048456417611645274, 'OE9': 5.227491406806949e-06}"
