"cff = 2, order = 3, 2024-03-08 15:16:51.068191"
E,FWHM,Bandwidth,Flux,Intensity,Intensity_dict,Height_dict
101,0,0.0,0.0,0,"{'OE1': 48987.84312244332, 'OE2': 0.0, 'OE3': 0.0, 'OE4': 0.0, 'OE5': 0.0, 'OE6': 0.0, 'OE7': 0.0, 'OE8': 0.0, 'OE9': 0.0}","{'OE1': 9.466378394406991, 'OE2': 0, 'OE3': 0, 'OE4': 0, 'OE5': 0, 'OE6': 0, 'OE7': 0, 'OE8': 0, 'OE9': 0}"
151,0.02582818630685324,0.00027684089645197747,99261822.34166612,170.91028826172084,"{'OE1': 48181.80768217032, 'OE2': 1099.7735104574467, 'OE3': 736.6092347735906, 'OE4': 736.6092347735907, 'OE5': 736.6092347735907, 'OE6': 719.6556857701887, 'OE7': 178.61513926844316, 'OE8': 174.97170101206459, 'OE9': 170.91028826172084}","{'OE1': 9.424126491945707, 'OE2': 0.1136754152576902, 'OE3': 0.11366761964819894, 'OE4': 0.22727864940138787, 'OE5': 0.22727864940138787, 'OE6': 0.17982565020971758, 'OE7': 5.738278422094206, 'OE8': 0.1137448739844078, 'OE9': 0.03650836893527509}"
201,0.03138644628162979,0.00028464509795643364,544850082.66155,1375.9012115422775,"{'OE1': 47170.03162453811, 'OE2': 16765.429856438437, 'OE3': 5611.264700852926, 'OE4': 5611.264700852926, 'OE5': 5611.264700852926, 'OE6': 5374.6530497389895, 'OE7': 1503.5369724471598, 'OE8': 1444.512590341974, 'OE9': 1375.9012115422775}","{'OE1': 9.438720533287274, 'OE2': 2.242600793285362, 'OE3': 2.24259206163412, 'OE4': 4.4833340516079545, 'OE5': 4.4833340516079545, 'OE6': 0.22685020663067368, 'OE7': 6.086529197983451, 'OE8': 1.1538078989985587, 'OE9': 0.05086832442491876}"
251,0.03981436106448655,0.0003197250990015834,970803549.5703844,1975.1383624957757,"{'OE1': 45851.18863756109, 'OE2': 26027.8988296839, 'OE3': 8782.995143327922, 'OE4': 8782.995143327924, 'OE5': 8782.995143327924, 'OE6': 8196.132646416525, 'OE7': 2276.1165037230667, 'OE8': 2131.9871410296446, 'OE9': 1975.1383624957757}","{'OE1': 9.414415613343898, 'OE2': 3.645433780009416, 'OE3': 3.6454527945170696, 'OE4': 7.287240855704368, 'OE5': 7.287240855704368, 'OE6': 0.22099446343719664, 'OE7': 6.224225505519305, 'OE8': 1.9044325278935648, 'OE9': 0.0500076682660508}"
301,0.05086095256973522,0.0003556039104163411,1322278042.024244,1784.0200043180073,"{'OE1': 41138.74078593343, 'OE2': 29816.270575888804, 'OE3': 11066.0428722515, 'OE4': 11066.0428722515, 'OE5': 11066.0428722515, 'OE6': 9371.00288638285, 'OE7': 2524.3620551489907, 'OE8': 2143.754698868237, 'OE9': 1784.0200043180073}","{'OE1': 9.434426037584233, 'OE2': 4.684930516991525, 'OE3': 4.684922946052566, 'OE4': 9.3685548222482, 'OE5': 9.3685548222482, 'OE6': 0.21511966397621807, 'OE7': 6.134594396057231, 'OE8': 2.379388975557082, 'OE9': 0.05421892544915714}"
351,0.06632263621708034,0.0003660773079079789,638318932.4061651,644.4670046461861,"{'OE1': 28892.064543753615, 'OE2': 24700.596087324637, 'OE3': 10218.49776324615, 'OE4': 10218.49776324615, 'OE5': 10218.49776324615, 'OE6': 6268.063461297803, 'OE7': 1784.462556486559, 'OE8': 1103.4997144269596, 'OE9': 644.4670046461861}","{'OE1': 9.447248252679707, 'OE2': 5.611696596363231, 'OE3': 5.611696090356545, 'OE4': 11.220922316312517, 'OE5': 11.220922316312517, 'OE6': 0.22042559038436949, 'OE7': 6.165837360564468, 'OE8': 2.759620899165971, 'OE9': 0.052042574046453044}"
401,0.08282235101688684,0.000439525071894316,1943452102.989068,1307.987905015354,"{'OE1': 34056.39278054726, 'OE2': 32884.5478243336, 'OE3': 14546.270653451924, 'OE4': 14546.270653451924, 'OE5': 14546.270653451924, 'OE6': 10370.982268685322, 'OE7': 2648.6356461076975, 'OE8': 1899.2575489174892, 'OE9': 1307.987905015354}","{'OE1': 9.439403578384269, 'OE2': 6.273425210170771, 'OE3': 6.273410820517798, 'OE4': 12.544426560643235, 'OE5': 12.544426560643235, 'OE6': 0.21963008299690512, 'OE7': 5.9932754079613675, 'OE8': 3.0612868549565677, 'OE9': 0.05491117646210408}"
451,0.10127828946053796,0.0004154373583651048,3386123861.746488,2015.2026571775389,"{'OE1': 36220.67552536168, 'OE2': 36220.67552536168, 'OE3': 16901.039273803202, 'OE4': 16901.039273803202, 'OE5': 16901.039273803202, 'OE6': 12737.966438687161, 'OE7': 3632.280509182505, 'OE8': 2751.4938286701563, 'OE9': 2015.2026571775389}","{'OE1': 9.470509961561444, 'OE2': 6.539811806663452, 'OE3': 6.539776264306813, 'OE4': 13.076605297056526, 'OE5': 13.076605297056526, 'OE6': 0.22059667673214967, 'OE7': 6.0956899230335875, 'OE8': 3.2339909523388193, 'OE9': 0.0482562604098104}"
501,0.11200331907400596,0.0004717437832368887,4234520253.902708,1934.3977741782824,"{'OE1': 36288.708354382376, 'OE2': 36288.708354382376, 'OE3': 17290.916376520097, 'OE4': 17290.916376520097, 'OE5': 17290.916376520097, 'OE6': 13063.25565277725, 'OE7': 3476.36726474062, 'OE8': 2637.6086597111275, 'OE9': 1934.3977741782824}","{'OE1': 9.404783535822876, 'OE2': 6.547296042194974, 'OE3': 6.547299856063244, 'OE4': 13.088288998226997, 'OE5': 13.088288998227041, 'OE6': 0.2239547684914442, 'OE7': 6.076618494200053, 'OE8': 3.2426515748209157, 'OE9': 0.05165490772501277}"
551,0.13894280758506738,0.0005062248699116898,5692619162.928301,2175.7851865499115,"{'OE1': 37491.85666777191, 'OE2': 37491.85666777191, 'OE3': 18258.612673360178, 'OE4': 18258.612673360178, 'OE5': 18258.612673360178, 'OE6': 14207.8284875877, 'OE7': 3673.663096396281, 'OE8': 2870.4582906409987, 'OE9': 2175.7851865499115}","{'OE1': 9.40396853755224, 'OE2': 6.539423371391235, 'OE3': 6.539475162716121, 'OE4': 13.072681175769564, 'OE5': 13.072681175769564, 'OE6': 0.2321876283208979, 'OE7': 5.9267346906325145, 'OE8': 3.227940654735484, 'OE9': 0.052193572188498766}"
601,0.1480918655786354,0.0005219683652067397,6958903102.60992,2357.352453151213,"{'OE1': 38047.99720360148, 'OE2': 38047.99720360148, 'OE3': 18809.463031117066, 'OE4': 18809.46303111707, 'OE5': 18809.46303111707, 'OE6': 14829.498202721179, 'OE7': 3872.1214357462377, 'OE8': 3064.6020145003904, 'OE9': 2357.352453151213}","{'OE1': 9.401106376886045, 'OE2': 6.5283555046553925, 'OE3': 6.528335560740395, 'OE4': 13.05206813786038, 'OE5': 13.052068137860424, 'OE6': 0.2206483197948007, 'OE7': 6.102302907770831, 'OE8': 3.164755390143391, 'OE9': 0.0497013288329539}"
651,0.17371434526239682,0.0005547681838751823,8510319625.278314,2504.038783899237,"{'OE1': 38380.964629046175, 'OE2': 38380.964629046175, 'OE3': 19535.442965832335, 'OE4': 19535.442965832335, 'OE5': 19535.442965832335, 'OE6': 15534.664670843089, 'OE7': 4044.281760218095, 'OE8': 3226.897555274923, 'OE9': 2504.038783899237}","{'OE1': 9.481116113127513, 'OE2': 6.413809471862514, 'OE3': 6.413808543561132, 'OE4': 13.088949502995554, 'OE5': 13.088949502995554, 'OE6': 0.2227267610384021, 'OE7': 6.181280578453516, 'OE8': 3.2283126837755973, 'OE9': 0.05131160597253409}"
701,0.20127066838540486,0.0005883624888395567,10020132847.237612,2561.9122549001086,"{'OE1': 38877.76317694677, 'OE2': 38877.76317694677, 'OE3': 20114.770924946246, 'OE4': 20114.770924946246, 'OE5': 20114.770924946246, 'OE6': 16164.935156720734, 'OE7': 4044.9700964577623, 'OE8': 3261.4104864923165, 'OE9': 2561.9122549001086}","{'OE1': 9.383543219651687, 'OE2': 6.541633025220415, 'OE3': 6.541653380522522, 'OE4': 13.078449731026794, 'OE5': 13.078449731026794, 'OE6': 0.22705030590544872, 'OE7': 6.110507325372245, 'OE8': 3.165549116262212, 'OE9': 0.055734690375948276}"
751,0.22058674742947915,0.0006000055316220238,11374990080.353432,2685.121146754478,"{'OE1': 39195.518800128666, 'OE2': 39195.518800128666, 'OE3': 20208.604494149564, 'OE4': 20208.604494149564, 'OE5': 20208.604494149564, 'OE6': 16373.009992986039, 'OE7': 4169.969199928198, 'OE8': 3389.425592610569, 'OE9': 2685.121146754478}","{'OE1': 9.43115652623908, 'OE2': 6.534147008649702, 'OE3': 6.5341542827816, 'OE4': 13.062247021977841, 'OE5': 13.062247021977841, 'OE6': 0.2212887879300164, 'OE7': 6.138164921463835, 'OE8': 3.1608391882324627, 'OE9': 0.05247116944267126}"
801,0.24345039612228447,0.0006076735625493766,13104984909.32437,2898.6026413806203,"{'OE1': 39433.45895123142, 'OE2': 39433.45895123142, 'OE3': 20796.465821275408, 'OE4': 20796.465821275408, 'OE5': 20796.465821275408, 'OE6': 16962.590371110993, 'OE7': 4441.647532006225, 'OE8': 3633.232733940469, 'OE9': 2898.6026413806203}","{'OE1': 9.474965688255269, 'OE2': 6.423763405269703, 'OE3': 6.423737769120137, 'OE4': 12.840624664531006, 'OE5': 12.840624664531006, 'OE6': 0.2273665126684119, 'OE7': 6.053919842488886, 'OE8': 3.173353388974427, 'OE9': 0.05124022617852658}"
851,0.2715144427531868,0.000626450865254139,14495951387.83143,2951.483034335989,"{'OE1': 39670.68046187013, 'OE2': 39670.68046187013, 'OE3': 21175.869487634067, 'OE4': 21175.869487634067, 'OE5': 21175.869487634067, 'OE6': 17345.29069197944, 'OE7': 4479.596312056076, 'OE8': 3679.814467077724, 'OE9': 2951.483034335989}","{'OE1': 9.386267024405386, 'OE2': 6.541257882009916, 'OE3': 6.5412669648063195, 'OE4': 13.076633999026896, 'OE5': 13.076633999026896, 'OE6': 0.22423806715183747, 'OE7': 6.144866151826365, 'OE8': 3.1622382194433927, 'OE9': 0.05281457242947862}"
901,0.2772530338654633,0.0006204537081881026,16107410178.414793,3130.756109514523,"{'OE1': 39832.904700747175, 'OE2': 39832.90470074718, 'OE3': 21447.930866559454, 'OE4': 21436.622421453318, 'OE5': 21436.622421453318, 'OE6': 17633.43857247731, 'OE7': 4713.253801321732, 'OE8': 3887.5540522598612, 'OE9': 3130.756109514523}","{'OE1': 9.425211526252397, 'OE2': 6.413563603880348, 'OE3': 6.413600269679854, 'OE4': 12.993595704163909, 'OE5': 12.993595704163909, 'OE6': 0.22062013154223292, 'OE7': 6.077386639880562, 'OE8': 3.1533945184658982, 'OE9': 0.04842924836447271}"
951,0.3124052531511552,0.0006660974246227523,16052645973.494314,2751.365669979118,"{'OE1': 39309.13459003138, 'OE2': 39309.13459003138, 'OE3': 20717.04342809498, 'OE4': 20394.51674505547, 'OE5': 20394.51674505547, 'OE6': 16577.412041191412, 'OE7': 4248.373920781004, 'OE8': 3463.465107761266, 'OE9': 2751.365669979118}","{'OE1': 9.42404115119706, 'OE2': 6.280106134626552, 'OE3': 6.280082441157205, 'OE4': 12.653110322342746, 'OE5': 12.653110322342746, 'OE6': 0.21993207965011918, 'OE7': 5.950916872601271, 'OE8': 3.1868040648305467, 'OE9': 0.050355911068746095}"
1001,0.32486939555212757,0.0006527377901078468,16109872215.746122,2662.511645709384,"{'OE1': 38825.09270328283, 'OE2': 38825.09270328283, 'OE3': 20027.312060178683, 'OE4': 19233.635667981536, 'OE5': 19233.635667981536, 'OE6': 15463.278711972573, 'OE7': 4211.34383940113, 'OE8': 3394.584714875965, 'OE9': 2662.511645709384}","{'OE1': 9.417455856664988, 'OE2': 6.530729837168747, 'OE3': 6.530746597330024, 'OE4': 12.334593376023715, 'OE5': 12.334593376023715, 'OE6': 0.2254811120538407, 'OE7': 6.093624939156209, 'OE8': 3.048281171345255, 'OE9': 0.05385313145332726}"
1051,0.3628679535563606,0.0006930025330943945,17349783523.69956,2538.2229763199093,"{'OE1': 38934.062977006215, 'OE2': 38934.062977006215, 'OE3': 20154.344536557976, 'OE4': 18945.514506842566, 'OE5': 18945.514506842566, 'OE6': 15265.387350458988, 'OE7': 3991.3841337975277, 'OE8': 3225.2443142818192, 'OE9': 2538.2229763199093}","{'OE1': 9.443805320827561, 'OE2': 6.406169761754654, 'OE3': 6.406186447482057, 'OE4': 12.036067318893313, 'OE5': 12.036067318893313, 'OE6': 0.20731977116536116, 'OE7': 5.737545293947485, 'OE8': 2.970515196779041, 'OE9': 0.054379390285611146}"
1101,0.39187302565756,0.0007116098440329848,18880243785.6808,2503.2452657060885,"{'OE1': 39029.87773838113, 'OE2': 39029.87773838113, 'OE3': 20269.52115101142, 'OE4': 18629.634515430516, 'OE5': 18629.634515430516, 'OE6': 15054.561178832246, 'OE7': 3914.133883970395, 'OE8': 3171.114467710259, 'OE9': 2503.2452657060885}","{'OE1': 9.462512051879688, 'OE2': 6.413657188621606, 'OE3': 6.4136109690877205, 'OE4': 11.760593839793202, 'OE5': 11.760593839793202, 'OE6': 0.24113365597568492, 'OE7': 6.033029150863708, 'OE8': 2.968088709248925, 'OE9': 0.05010544744585954}"
1151,0.4057204505231766,0.0007105223444139895,20433395841.537586,2539.0057821755363,"{'OE1': 39143.99629478014, 'OE2': 39143.99629478014, 'OE3': 20387.537368858695, 'OE4': 18365.773953727316, 'OE5': 18365.773953727316, 'OE6': 14877.969092786785, 'OE7': 3957.411091743389, 'OE8': 3213.6225647377305, 'OE9': 2539.0057821755363}","{'OE1': 9.414024564619773, 'OE2': 6.411152872458459, 'OE3': 6.411190302306245, 'OE4': 11.500607236712955, 'OE5': 11.500607236712955, 'OE6': 0.22820746384074253, 'OE7': 6.12052984197312, 'OE8': 2.8209385007571286, 'OE9': 0.05038180666482456}"
1201,0.41996820583881345,0.0006944553744145194,21795268301.272545,2603.2403084747552,"{'OE1': 39173.45384108736, 'OE2': 39173.45384108736, 'OE3': 20453.695814343977, 'OE4': 18114.099513623372, 'OE5': 18114.099513623372, 'OE6': 14697.237189767655, 'OE7': 4044.0731114794044, 'OE8': 3288.6575888890825, 'OE9': 2603.2403084747552}","{'OE1': 9.484410059725757, 'OE2': 6.398277697107375, 'OE3': 6.398232988251813, 'OE4': 11.260126463462129, 'OE5': 11.260126463462129, 'OE6': 0.22672739194787128, 'OE7': 6.065090373696387, 'OE8': 2.783296401736362, 'OE9': 0.04639978568399544}"
1251,0.46959905156654713,0.0007460011745462921,23280232682.447117,2457.093458926339,"{'OE1': 39245.86381657984, 'OE2': 39245.86381657984, 'OE3': 20430.12287951871, 'OE4': 17754.29395108609, 'OE5': 17754.29395108609, 'OE6': 14420.893034924356, 'OE7': 3805.7666154780345, 'OE8': 3099.3020596806673, 'OE9': 2457.093458926339}","{'OE1': 9.392869436289075, 'OE2': 6.283455132444142, 'OE3': 6.28343696270886, 'OE4': 11.0317176818224, 'OE5': 11.0317176818224, 'OE6': 0.20259133418966768, 'OE7': 6.028192933781321, 'OE8': 2.721728667755185, 'OE9': 0.053200169272948}"
1301,0.4897563699635157,0.0007252207162098667,24746131493.35626,2573.1775585722276,"{'OE1': 39293.44813906138, 'OE2': 39293.44813906138, 'OE3': 20304.666634389607, 'OE4': 17347.654089409334, 'OE5': 17347.654089409334, 'OE6': 14117.671520058868, 'OE7': 3976.2359298037404, 'OE8': 3242.7405946984845, 'OE9': 2573.1775585722276}","{'OE1': 9.37720393464732, 'OE2': 6.277965142274802, 'OE3': 6.277939078952027, 'OE4': 10.819229523780674, 'OE5': 10.819229523780674, 'OE6': 0.232727132560138, 'OE7': 6.11457412326909, 'OE8': 2.6668975680291758, 'OE9': 0.05153629299536641}"
1351,0.5408372019389844,0.0007776260505689625,25863297134.35952,2396.422849088567,"{'OE1': 39260.1772603652, 'OE2': 39260.1772603652, 'OE3': 20116.525232453907, 'OE4': 16922.146083862976, 'OE5': 16922.146083862976, 'OE6': 13779.50988361449, 'OE7': 3694.0885876753355, 'OE8': 3014.8403242233253, 'OE9': 2396.422849088567}","{'OE1': 9.390477302331288, 'OE2': 6.280351487183692, 'OE3': 6.2803939527147445, 'OE4': 10.617326516203946, 'OE5': 10.617326516203946, 'OE6': 0.21658269410254372, 'OE7': 6.093890586586667, 'OE8': 2.625685663418053, 'OE9': 0.0507809947552066}"
1401,0.5362701785384161,0.0007956082847316291,26552912523.287445,2321.349190029136,"{'OE1': 39287.5612657059, 'OE2': 39287.5612657059, 'OE3': 19936.700256749627, 'OE4': 16509.200153847116, 'OE5': 16509.200153847116, 'OE6': 13454.31749956871, 'OE7': 3576.3594597047563, 'OE8': 2920.229276528219, 'OE9': 2321.349190029136}","{'OE1': 9.483810458485438, 'OE2': 6.274440085885263, 'OE3': 6.274468224837914, 'OE4': 10.42681859644765, 'OE5': 10.42681859644765, 'OE6': 0.2087293488604372, 'OE7': 6.063646734483737, 'OE8': 2.615567823253393, 'OE9': 0.048938212924682645}"
1451,0.5809643184111337,0.0008036188293883855,26122681533.021027,2236.1690767509554,"{'OE1': 39308.44801615265, 'OE2': 39308.44801615265, 'OE3': 19728.495249368374, 'OE4': 16106.584013352189, 'OE5': 16106.584013352189, 'OE6': 13128.727600939652, 'OE7': 3444.317094118695, 'OE8': 2813.681801130215, 'OE9': 2236.1690767509554}","{'OE1': 9.429612999533607, 'OE2': 6.275463639480096, 'OE3': 6.275524336811814, 'OE4': 10.246978000604841, 'OE5': 10.246978000604841, 'OE6': 0.22065498811736917, 'OE7': 5.690817524736737, 'OE8': 2.5083901594210496, 'OE9': 0.05416409029513475}"
1501,0.5974337270381511,0.0007894214783799454,26021064067.545223,2260.480475604363,"{'OE1': 39307.035077344844, 'OE2': 39307.035077344844, 'OE3': 19482.941542448276, 'OE4': 15691.302131966273, 'OE5': 15691.302131966273, 'OE6': 12792.10021481663, 'OE7': 3482.1272544735, 'OE8': 2845.7070589591826, 'OE9': 2260.480475604363}","{'OE1': 9.399505839487238, 'OE2': 6.276055062034024, 'OE3': 6.276106551648414, 'OE4': 10.073607113871242, 'OE5': 10.073607113871242, 'OE6': 0.22137637396127485, 'OE7': 6.065281218546232, 'OE8': 2.5182112482219643, 'OE9': 0.05439269854129049}"
1551,0.6384513376683572,0.0007979709282340108,26007218929.839073,2227.364452388421,"{'OE1': 39346.42551158281, 'OE2': 39346.42551158281, 'OE3': 19082.064104557026, 'OE4': 15187.541779438588, 'OE5': 15187.541779438588, 'OE6': 12394.294764013524, 'OE7': 3423.545487450893, 'OE8': 2800.298341237265, 'OE9': 2227.364452388421}","{'OE1': 9.398985211589364, 'OE2': 6.2733767473402935, 'OE3': 6.273401945533675, 'OE4': 9.910626782262215, 'OE5': 9.910626782262215, 'OE6': 0.22981375272586563, 'OE7': 6.040035820551884, 'OE8': 2.4833685928547338, 'OE9': 0.05555500488119369}"
1601,0.648857028686507,0.0007962839246930508,24367422866.40077,2186.5582909891004,"{'OE1': 39331.585586141926, 'OE2': 39331.585586141926, 'OE3': 18584.954136937737, 'OE4': 14585.030771530128, 'OE5': 14585.030771530128, 'OE6': 11912.303997757941, 'OE7': 3364.5643301211067, 'OE8': 2752.7889188509944, 'OE9': 2186.5582909891004}","{'OE1': 9.461612610638708, 'OE2': 6.276946117407986, 'OE3': 6.276887325562686, 'OE4': 9.75254859505351, 'OE5': 9.75254859505351, 'OE6': 0.21387452039555854, 'OE7': 5.993876196764685, 'OE8': 2.4463922041194186, 'OE9': 0.05587716683048116}"
1651,0.6887723302006634,0.0008350416412082678,22118269900.974606,2009.4391934343928,"{'OE1': 39320.081713661355, 'OE2': 39320.081713661355, 'OE3': 18027.173101410204, 'OE4': 13990.216170255066, 'OE5': 13990.216170255066, 'OE6': 11421.75270564607, 'OE7': 3089.8770595963915, 'OE8': 2528.4519476440532, 'OE9': 2009.4391934343928}","{'OE1': 9.439325796416224, 'OE2': 6.273729604475648, 'OE3': 6.273741684260377, 'OE4': 9.605981896151341, 'OE5': 9.605981896151341, 'OE6': 0.21812302172664333, 'OE7': 6.006991300266867, 'OE8': 2.3592983315743288, 'OE9': 0.05069827745309251}"
1701,0.7527357559440588,0.0008745703690718808,19750397844.470192,1848.813160342516,"{'OE1': 39312.38445176534, 'OE2': 39312.38445176535, 'OE3': 17400.92374470539, 'OE4': 13362.52658980188, 'OE5': 13362.52658980188, 'OE6': 10912.583370262133, 'OE7': 2843.7857853365226, 'OE8': 2327.1813685298084, 'OE9': 1848.813160342516}","{'OE1': 9.473083420292594, 'OE2': 6.274390563841859, 'OE3': 6.274380651015831, 'OE4': 9.46357908572725, 'OE5': 9.46357908572725, 'OE6': 0.2165683404260889, 'OE7': 6.195447882065432, 'OE8': 2.328305092875183, 'OE9': 0.04249907386142822}"
1751,0.7968062832665055,0.0008404510621515653,17608341293.000114,1887.0095297158086,"{'OE1': 39275.55921139498, 'OE2': 39275.55921139498, 'OE3': 16625.701995151223, 'OE4': 12643.90407037981, 'OE5': 12643.90407037981, 'OE6': 10326.7756247286, 'OE7': 2903.8579735034396, 'OE8': 2376.1661613324413, 'OE9': 1887.0095297158086}","{'OE1': 9.401312663739443, 'OE2': 6.264302835206574, 'OE3': 6.264250440177101, 'OE4': 9.327087859409632, 'OE5': 9.327087859409632, 'OE6': 0.21857324408042378, 'OE7': 6.128052558879807, 'OE8': 2.29740243586028, 'OE9': 0.05316699799417268}"
1801,0.8436200172784538,0.0008986555699839488,14530725244.652552,1641.792819612725,"{'OE1': 39236.869456612214, 'OE2': 39236.869456612214, 'OE3': 15435.104903099074, 'OE4': 11615.53543800264, 'OE5': 11615.53543800264, 'OE6': 9483.404967854005, 'OE7': 2529.6275048999464, 'OE8': 2069.5284122070143, 'OE9': 1641.792819612725}","{'OE1': 9.369887486923503, 'OE2': 6.275817639791902, 'OE3': 6.275828061785097, 'OE4': 9.196395274834899, 'OE5': 9.196395274834899, 'OE6': 0.21408650418369368, 'OE7': 6.070301230403135, 'OE8': 2.2561509295245363, 'OE9': 0.05330913249371322}"
1851,0.8188404619627363,0.0008636820073235017,11629661880.433414,1545.3387043827797,"{'OE1': 39143.597997878525, 'OE2': 39143.597997878525, 'OE3': 14092.425536801678, 'OE4': 10522.59544539321, 'OE5': 10522.59544539321, 'OE6': 8582.619780499339, 'OE7': 2387.6583602820747, 'OE8': 1951.8812259793874, 'OE9': 1545.3387043827797}","{'OE1': 9.448093541766177, 'OE2': 6.263301657189187, 'OE3': 6.2633524727804195, 'OE4': 9.072386343778653, 'OE5': 9.072386343778653, 'OE6': 0.223469634601966, 'OE7': 6.144090626917173, 'OE8': 2.2324422498093233, 'OE9': 0.052068038340533}"
1901,0.8637432531872946,0.0008966641035524197,9096922641.62764,1348.3251741778465,"{'OE1': 39103.14890460185, 'OE2': 39103.14890460185, 'OE3': 12660.429830770425, 'OE4': 9347.164754378946, 'OE5': 9347.164754378946, 'OE6': 7621.347524800114, 'OE7': 2090.3126432252634, 'OE8': 1707.1672402343138, 'OE9': 1348.3251741778465}","{'OE1': 9.46947553004758, 'OE2': 6.278728170766794, 'OE3': 6.278655610490304, 'OE4': 8.95344122475563, 'OE5': 8.95344122475563, 'OE6': 0.2162879090436935, 'OE7': 6.195108087642234, 'OE8': 2.2086936268069794, 'OE9': 0.0542237752253687}"
1951,0.8340383808501883,0.0008751165894613444,6440335995.814044,1139.4260397138828,"{'OE1': 39024.236440322245, 'OE2': 39024.236440322245, 'OE3': 10658.103781360467, 'OE4': 7806.076691571951, 'OE5': 7806.076691571951, 'OE6': 6355.238384381041, 'OE7': 1771.6133520599933, 'OE8': 1445.2718083282507, 'OE9': 1139.4260397138828}","{'OE1': 9.405695633909952, 'OE2': 6.278380565267522, 'OE3': 6.278411625617247, 'OE4': 8.837184027339413, 'OE5': 8.837184027339413, 'OE6': 0.22661588936910282, 'OE7': 6.0308987841203585, 'OE8': 2.2207844725439667, 'OE9': 0.05368959640680737}"
2001,0.9283327220809952,0.0009524453943013868,4292293350.0406804,840.4680340664929,"{'OE1': 38935.839173460554, 'OE2': 38935.839173460554, 'OE3': 8500.479998571078, 'OE4': 6163.199387944198, 'OE5': 6163.199387944198, 'OE6': 5011.06880429198, 'OE7': 1311.1012284284539, 'OE8': 1068.2261336497943, 'OE9': 840.4680340664929}","{'OE1': 9.416644582240027, 'OE2': 6.2762816929630025, 'OE3': 6.276358198672997, 'OE4': 8.72641224198481, 'OE5': 8.72641224198481, 'OE6': 0.2187211941895002, 'OE7': 6.133647843817782, 'OE8': 2.1052533622437664, 'OE9': 0.050943872195656825}"
2051,0.9566389668907505,0.0009382902248068653,2485364069.265906,604.548987876884,"{'OE1': 38824.33603623688, 'OE2': 38824.33603623688, 'OE3': 6010.481047664642, 'OE4': 4315.153098782864, 'OE5': 4315.153098782864, 'OE6': 3505.403178468284, 'OE7': 946.9667848156747, 'OE8': 770.7285138735641, 'OE9': 604.548987876884}","{'OE1': 9.424411608725803, 'OE2': 6.267105760414067, 'OE3': 6.267016352547305, 'OE4': 8.618935401075026, 'OE5': 8.618935401075026, 'OE6': 0.23317237477540692, 'OE7': 5.694459045172993, 'OE8': 2.1606624370793335, 'OE9': 0.05021672720024126}"
2101,0.9433828578225985,0.0009494296370335077,1072669725.12292,318.0012308653038,"{'OE1': 38738.22168890334, 'OE2': 38738.22168890334, 'OE3': 3204.1824900503802, 'OE4': 2284.531420408105, 'OE5': 2284.531420408105, 'OE6': 1852.8655227552574, 'OE7': 500.36806700760064, 'OE8': 406.7321566964658, 'OE9': 318.0012308653038}","{'OE1': 9.38483238338696, 'OE2': 6.280585238488319, 'OE3': 6.280507789688473, 'OE4': 8.515916424005571, 'OE5': 8.515916424005571, 'OE6': 0.21833126908322464, 'OE7': 6.063253517061451, 'OE8': 2.1312805993538415, 'OE9': 0.05423359952911658}"
2151,1.0001052073494066,0.0009355079978738549,670320008.2493123,249.57116197202458,"{'OE1': 38592.94870567051, 'OE2': 38592.94870567051, 'OE3': 2469.160711424326, 'OE4': 1750.029521314233, 'OE5': 1750.029521314233, 'OE6': 1416.9125752925938, 'OE7': 394.96573323841596, 'OE8': 320.38250844857527, 'OE9': 249.57116197202458}","{'OE1': 9.432519811064516, 'OE2': 6.2806980590029955, 'OE3': 6.280718117771208, 'OE4': 8.414522431225834, 'OE5': 8.414522431225834, 'OE6': 0.2131192727548662, 'OE7': 5.705113126113569, 'OE8': 2.1077876045067327, 'OE9': 0.04640977050442849}"
2201,1.0402847023487993,0.0008878981899843112,624410287.7226845,334.62048920216193,"{'OE1': 38430.154950866956, 'OE2': 38430.154950866956, 'OE3': 3182.5831950040524, 'OE4': 2241.008384097685, 'OE5': 2241.008384097685, 'OE6': 1810.1607689092693, 'OE7': 532.3519323920331, 'OE8': 430.8134277865675, 'OE9': 334.62048920216193}","{'OE1': 9.377842349379938, 'OE2': 6.2860622832467365, 'OE3': 6.286025804467958, 'OE4': 8.319351286638085, 'OE5': 8.319351286638085, 'OE6': 0.21444811861515645, 'OE7': 6.089488477789585, 'OE8': 2.036760601671424, 'OE9': 0.05529879033079155}"
2251,1.0571364278557667,0.0009622069116361387,264366687.2944977,366.0477703034647,"{'OE1': 38267.3028920288, 'OE2': 38267.3028920288, 'OE3': 3767.2598452177717, 'OE4': 2633.03788913433, 'OE5': 2633.03788913433, 'OE6': 2121.339231608516, 'OE7': 587.6143199437768, 'OE8': 474.2892988980375, 'OE9': 366.0477703034647}","{'OE1': 9.4380853121603, 'OE2': 6.278854563553556, 'OE3': 6.2789032849049935, 'OE4': 8.228140193304577, 'OE5': 8.228140193304577, 'OE6': 0.2028247657500809, 'OE7': 6.072782176057059, 'OE8': 2.014209040996957, 'OE9': 0.054543979587132335}"
2301,1.1133370339994144,0.0009795292671886822,205594174.32989445,404.56800880511713,"{'OE1': 38072.55782670539, 'OE2': 38072.55782670539, 'OE3': 4278.857005286093, 'OE4': 2966.9666349540316, 'OE5': 2966.9666349540316, 'OE6': 2382.6075120799474, 'OE7': 654.3173300952878, 'OE8': 526.5844095701206, 'OE9': 404.56800880511713}","{'OE1': 9.416845266044923, 'OE2': 6.268507787511248, 'OE3': 6.2685962846255725, 'OE4': 8.139574076239235, 'OE5': 8.139574076239235, 'OE6': 0.20943205762498818, 'OE7': 6.1276926453049825, 'OE8': 2.035538566520919, 'OE9': 0.051362514258167444}"
2351,1.1941527324297567,0.0009952176269062735,175652680.02919576,420.1248925046028,"{'OE1': 37843.56548019266, 'OE2': 37843.56548019266, 'OE3': 4564.034453307391, 'OE4': 3140.2048117167074, 'OE5': 3140.2048117167074, 'OE6': 2513.8608672378073, 'OE7': 686.1880420678478, 'OE8': 550.4336120321791, 'OE9': 420.1248925046028}","{'OE1': 9.41520742676489, 'OE2': 6.283042369180641, 'OE3': 6.283178680855363, 'OE4': 8.050593718954513, 'OE5': 8.050593718954513, 'OE6': 0.214805524688232, 'OE7': 5.990187171877794, 'OE8': 2.005828184591757, 'OE9': 0.05193387008761527}"
2401,1.217466788364618,0.0009867269147449248,230754919.45918992,446.5187939533614,"{'OE1': 37585.98391118809, 'OE2': 37585.98391118809, 'OE3': 4817.632289124885, 'OE4': 3301.5644837499003, 'OE5': 3301.5644837499003, 'OE6': 2631.80250800241, 'OE7': 737.4245203244974, 'OE8': 589.2534061825806, 'OE9': 446.5187939533614}","{'OE1': 9.437068298603647, 'OE2': 6.265448462740718, 'OE3': 6.26553602415952, 'OE4': 7.967287251048177, 'OE5': 7.967287251048177, 'OE6': 0.2343907315757452, 'OE7': 6.135728973493773, 'OE8': 1.9581504108920798, 'OE9': 0.04548167167986625}"
2451,1.1758477271296215,0.000973024704984322,260436891.92610198,457.08990516712436,"{'OE1': 37238.41559817931, 'OE2': 37238.41559817931, 'OE3': 5012.872245061848, 'OE4': 3420.5798562574164, 'OE5': 3420.5798562574164, 'OE6': 2712.407176343751, 'OE7': 766.6773141902931, 'OE8': 609.3744070152432, 'OE9': 457.08990516712436}","{'OE1': 9.39814313909224, 'OE2': 6.279114157126443, 'OE3': 6.279161649652636, 'OE4': 7.885462653561344, 'OE5': 7.885462653561344, 'OE6': 0.21881032828338154, 'OE7': 6.096333929567745, 'OE8': 1.93319884535644, 'OE9': 0.05034202075637595}"
2501,1.2883555687026274,0.0010417076353271895,276650833.1688993,435.44644437090534,"{'OE1': 36805.02688999243, 'OE2': 36805.026889992434, 'OE3': 5173.414644014257, 'OE4': 3494.91123550963, 'OE5': 3494.91123550963, 'OE6': 2755.7922257006558, 'OE7': 742.5762810195955, 'OE8': 586.7309309598262, 'OE9': 435.44644437090534}","{'OE1': 9.454832477106226, 'OE2': 6.277696353676862, 'OE3': 6.2777244529426035, 'OE4': 7.805967588730334, 'OE5': 7.805967588730334, 'OE6': 0.22294884809373347, 'OE7': 6.123997258311336, 'OE8': 1.9186017923029524, 'OE9': 0.05152301116745206}"
2551,1.338160593604698,0.0010134056613519229,274189806.37535185,433.2922534736017,"{'OE1': 36334.32032238546, 'OE2': 36334.32032238546, 'OE3': 5147.414827633708, 'OE4': 3463.8086872707145, 'OE5': 3463.8086872707145, 'OE6': 2712.8563157780345, 'OE7': 753.5550336184109, 'OE8': 591.4744351560868, 'OE9': 433.2922534736017}","{'OE1': 9.41198854907894, 'OE2': 6.277107643229082, 'OE3': 6.2770568492861125, 'OE4': 7.729047657890984, 'OE5': 7.729047657890984, 'OE6': 0.2340687193546559, 'OE7': 6.061209501683146, 'OE8': 1.9362761657122323, 'OE9': 0.05235173197266289}"
2601,1.325198107817414,0.001094068633760657,247474945.58091214,365.0984113822323,"{'OE1': 35822.22914274913, 'OE2': 35822.22914274913, 'OE3': 4858.444926549772, 'OE4': 3242.6121749853983, 'OE5': 3242.6121749853983, 'OE6': 2519.5389685491327, 'OE7': 651.0040539716, 'OE8': 507.1934593906223, 'OE9': 365.0984113822323}","{'OE1': 9.45816814543059, 'OE2': 6.279572335532913, 'OE3': 6.279522333648732, 'OE4': 7.653931702818539, 'OE5': 7.653931702818539, 'OE6': 0.20702932205194724, 'OE7': 6.11564329374349, 'OE8': 1.855337795903541, 'OE9': 0.04735610556008352}"
2651,1.378251220421589,0.000998474464947734,217273458.45954478,367.0688342997819,"{'OE1': 35101.33004432747, 'OE2': 35101.33004432747, 'OE3': 4561.5310412110875, 'OE4': 3039.0482046714355, 'OE5': 3039.0482046714355, 'OE6': 2336.8369955764806, 'OE7': 675.0524110252525, 'OE8': 520.5310500983909, 'OE9': 367.0688342997819}","{'OE1': 9.415735386200774, 'OE2': 6.271249530536565, 'OE3': 6.27122830021104, 'OE4': 7.582246927106582, 'OE5': 7.582246927106582, 'OE6': 0.21054456272745847, 'OE7': 6.11341883618185, 'OE8': 1.8751657680634595, 'OE9': 0.051470672988091604}"
2701,1.4917415942436492,0.0011173644207378135,196515355.24130538,325.4112099941573,"{'OE1': 34168.24354207908, 'OE2': 34168.243542079086, 'OE3': 4789.969173680112, 'OE4': 3174.4097557886257, 'OE5': 3174.4097557886257, 'OE6': 2409.5215909707467, 'OE7': 623.4836494641531, 'OE8': 474.780931616206, 'OE9': 325.4112099941573}","{'OE1': 9.397313780780078, 'OE2': 6.147927347426342, 'OE3': 6.147934208883657, 'OE4': 7.511096620618117, 'OE5': 7.511096620618117, 'OE6': 0.20858084620598827, 'OE7': 6.062008785906526, 'OE8': 1.8487718497111314, 'OE9': 0.05070355587199177}"
2751,1.4548716430026616,0.001063528685086492,157038987.6122792,328.1603524179878,"{'OE1': 33049.871760948015, 'OE2': 33049.871760948015, 'OE3': 4832.52507705464, 'OE4': 3188.9634142136442, 'OE5': 3188.9634142136442, 'OE6': 2385.2826158571256, 'OE7': 662.3681583448289, 'OE8': 497.1020489373822, 'OE9': 328.1603524179878}","{'OE1': 9.364222720304706, 'OE2': 6.139291669788548, 'OE3': 6.139176009517065, 'OE4': 7.442748740600523, 'OE5': 7.442748740600523, 'OE6': 0.21608680960521764, 'OE7': 6.131586618533906, 'OE8': 1.8274927768369078, 'OE9': 0.04973986454051166}"
2801,1.4661261451547034,0.0010713056111281026,133262425.86948395,277.83384187272094,"{'OE1': 31259.744784071863, 'OE2': 31259.74478407186, 'OE3': 4660.794422823968, 'OE4': 3052.8734828713646, 'OE5': 3052.8734828713646, 'OE6': 2229.6432024756878, 'OE7': 612.2496663400308, 'OE8': 448.9121277794108, 'OE9': 277.83384187272094}","{'OE1': 9.448300347919538, 'OE2': 5.881140360078859, 'OE3': 5.881095282426145, 'OE4': 7.375774445866817, 'OE5': 7.375774445866817, 'OE6': 0.2179664429578001, 'OE7': 5.99129140289442, 'OE8': 1.8428620164921756, 'OE9': 0.04828082710854262}"
2851,1.509592551255082,0.0010883860091073737,110444944.83070461,219.0227410687453,"{'OE1': 28710.59995343712, 'OE2': 28710.59995343712, 'OE3': 4309.371776857414, 'OE4': 2816.221596173824, 'OE5': 2816.221596173824, 'OE6': 1994.744329069806, 'OE7': 547.924234359634, 'OE8': 389.90836637040945, 'OE9': 219.0227410687453}","{'OE1': 9.44321032223866, 'OE2': 6.009366906624061, 'OE3': 6.009368509300033, 'OE4': 7.310510064103315, 'OE5': 7.310510064103315, 'OE6': 0.22918845623289136, 'OE7': 6.049598672436993, 'OE8': 1.8332938563102976, 'OE9': 0.053910989697890516}"
2901,1.6011024349718355,0.0011108903595540693,68491670.21884885,133.39729789400985,"{'OE1': 24093.630550103764, 'OE2': 24093.630550103764, 'OE3': 3598.8448729116717, 'OE4': 2336.939426343846, 'OE5': 2336.939426343846, 'OE6': 1564.6888813663643, 'OE7': 418.9263066053407, 'OE8': 282.5602889540685, 'OE9': 133.39729789400985}","{'OE1': 9.411514550820577, 'OE2': 6.009202670543845, 'OE3': 6.009134669175149, 'OE4': 7.246195378376791, 'OE5': 7.24619537837677, 'OE6': 0.2298613629372177, 'OE7': 6.037839502284035, 'OE8': 1.8410745064243592, 'OE9': 0.056468779645108214}"
2951,1.63655002638734,0.0011284607068062751,23782637.103742477,45.75792184216698,"{'OE1': 15673.037787734855, 'OE2': 15673.037787734855, 'OE3': 2320.755533747402, 'OE4': 1500.3609303468525, 'OE5': 1500.3609303468525, 'OE6': 878.303530956023, 'OE7': 235.8424152534093, 'OE8': 140.16978864782928, 'OE9': 45.75792184216698}","{'OE1': 9.390689138650027, 'OE2': 5.884876000488092, 'OE3': 5.884814590310848, 'OE4': 7.18676978766506, 'OE5': 7.18676978766506, 'OE6': 0.21134872640072716, 'OE7': 6.123202668504364, 'OE8': 1.812279279773076, 'OE9': 0.04716449288479432}"
3001,1.6267005843574225,0.0010870471840829729,2522607.105575564,5.097030446462125,"{'OE1': 7804.988536755898, 'OE2': 7804.988536755898, 'OE3': 1118.2236759241225, 'OE4': 720.4316695293531, 'OE5': 720.4316695293531, 'OE6': 265.1010163565827, 'OE7': 79.95332597069827, 'OE8': 31.179665400403227, 'OE9': 5.097030446462125}","{'OE1': 9.45800037616028, 'OE2': 5.73951478201179, 'OE3': 5.739505203909678, 'OE4': 7.1270848995227984, 'OE5': 7.127084899522776, 'OE6': 0.22730019568911936, 'OE7': 6.094366017294188, 'OE8': 1.7363053293770871, 'OE9': 0.049624541908747544}"
3051,1.732118931239711,0.0011513236955881757,889817.598189435,1.7290503878613546,"{'OE1': 7566.220420750576, 'OE2': 7566.220420750576, 'OE3': 1067.7684449421731, 'OE4': 682.8629435873715, 'OE5': 682.8629435873715, 'OE6': 169.94349464119725, 'OE7': 45.27066068286249, 'OE8': 11.295774839069939, 'OE9': 1.7290503878613546}","{'OE1': 9.401873746722751, 'OE2': 5.745326568834486, 'OE3': 5.745356276500917, 'OE4': 7.065821321475806, 'OE5': 7.065821321475806, 'OE6': 0.20875642924330406, 'OE7': 6.075951781956068, 'OE8': 1.7148477963007929, 'OE9': 0.051403130577875183}"
3101,1.757760923054775,0.0011270790525305559,1135404.3659973885,2.310692084359501,"{'OE1': 8003.461095306527, 'OE2': 8003.461095306527, 'OE3': 1139.0941865389639, 'OE4': 726.5608096903211, 'OE5': 726.5608096903211, 'OE6': 192.84341018177403, 'OE7': 53.68704604731797, 'OE8': 14.30298729723571, 'OE9': 2.310692084359501}","{'OE1': 9.403240310927925, 'OE2': 5.609481824550084, 'OE3': 5.609567185390459, 'OE4': 7.008827016430513, 'OE5': 7.008827016430513, 'OE6': 0.22251785213678577, 'OE7': 5.997766301495082, 'OE8': 1.7373906437158326, 'OE9': 0.05137365034617636}"
3151,1.8818943145060985,0.0011983541398862263,506948.91341299406,1.0151860452454249,"{'OE1': 6818.099746404249, 'OE2': 6818.099746404249, 'OE3': 961.1259540193697, 'OE4': 611.7004363602134, 'OE5': 611.7004363602134, 'OE6': 131.38391774540654, 'OE7': 34.3641953140621, 'OE8': 7.3824076410367745, 'OE9': 1.0151860452454249}","{'OE1': 9.426830033925544, 'OE2': 5.4766838608668476, 'OE3': 5.47666508656946, 'OE4': 6.954056646406807, 'OE5': 6.954056646406807, 'OE6': 0.22207513017857894, 'OE7': 6.14665141792146, 'OE8': 1.7312423954590752, 'OE9': 0.04931894399550385}"
3201,1.8924989606712188,0.0011858534956498642,707488.5403178446,1.500890327730715,"{'OE1': 7510.242541061911, 'OE2': 7510.242541061911, 'OE3': 1047.4091940997585, 'OE4': 664.647848325302, 'OE5': 664.647848325302, 'OE6': 157.6566067881009, 'OE7': 41.655306374677934, 'OE8': 9.907087509476925, 'OE9': 1.500890327730715}","{'OE1': 9.490731819437448, 'OE2': 5.739798800462152, 'OE3': 5.73977251305893, 'OE4': 6.899779271226817, 'OE5': 6.899779271226817, 'OE6': 0.2202021316819855, 'OE7': 5.677028012341771, 'OE8': 1.6892348783410258, 'OE9': 0.051063221821850496}"
3251,1.8907842556704963,0.0011850350707643946,897287.2540496931,1.9319578984298762,"{'OE1': 8017.8506208784665, 'OE2': 8017.8506208784665, 'OE3': 1089.6086673758452, 'OE4': 687.7328398159216, 'OE5': 687.7328398159216, 'OE6': 174.82621868290684, 'OE7': 46.77683678713673, 'OE8': 11.931411535792057, 'OE9': 1.9319578984298762}","{'OE1': 9.386917608249929, 'OE2': 5.602088900074157, 'OE3': 5.735405894323678, 'OE4': 6.848199906407039, 'OE5': 6.848199906407039, 'OE6': 0.20921884428475956, 'OE7': 6.109362565011555, 'OE8': 1.6443417363261807, 'OE9': 0.05225036736434818}"
3301,1.8845120246837723,0.0011657839362660253,893291.2294961251,1.9540481625606274,"{'OE1': 7993.698507480544, 'OE2': 7993.698507480544, 'OE3': 1058.4752613374278, 'OE4': 666.3602729113252, 'OE5': 666.3602729113252, 'OE6': 171.6111030573992, 'OE7': 46.7549638816225, 'OE8': 12.081532957922581, 'OE9': 1.9540481625606274}","{'OE1': 9.444181941776085, 'OE2': 5.737095578635143, 'OE3': 5.737131437832417, 'OE4': 6.794669160699691, 'OE5': 6.794669160699691, 'OE6': 0.22329520653522517, 'OE7': 6.095897852282322, 'OE8': 1.6729440513728013, 'OE9': 0.052278229240223795}"
3351,2.019149293020746,0.0011839771811142058,780528.6138111152,1.6885166440727852,"{'OE1': 7632.634669951972, 'OE2': 7632.634669951972, 'OE3': 1008.8603264165885, 'OE4': 632.5207762563571, 'OE5': 632.5207762563571, 'OE6': 159.09159988749184, 'OE7': 43.46785667714343, 'OE8': 10.963802052353538, 'OE9': 1.6885166440727852}","{'OE1': 9.40242013287689, 'OE2': 5.3369720791263475, 'OE3': 5.336989699670518, 'OE4': 6.74357977709521, 'OE5': 6.74357977709521, 'OE6': 0.21991286326153026, 'OE7': 6.01895083431755, 'OE8': 1.6548406665904274, 'OE9': 0.048802812852432514}"
3401,2.0544760535731257,0.0011635124141665186,679527.8747119616,1.5073721911945577,"{'OE1': 7278.7457413740685, 'OE2': 7278.7457413740685, 'OE3': 954.5973027205137, 'OE4': 596.8965963005584, 'OE5': 596.8965963005584, 'OE6': 146.49627436673674, 'OE7': 41.38028331212104, 'OE8': 10.177966224354726, 'OE9': 1.5073721911945577}","{'OE1': 9.395049629425626, 'OE2': 5.33872948055965, 'OE3': 5.3387568398517615, 'OE4': 6.6931213709149, 'OE5': 6.6931213709149, 'OE6': 0.22823272554967883, 'OE7': 6.086110827916162, 'OE8': 1.6464074273424953, 'OE9': 0.048641622915474775}"
3451,2.1223927177197766,0.0012377386432346942,582589.685482511,1.231286477100036,"{'OE1': 7187.949236964453, 'OE2': 7187.949236964452, 'OE3': 926.3076170681209, 'OE4': 577.9587458624355, 'OE5': 577.9587458624355, 'OE6': 136.68815590083352, 'OE7': 35.77096166814155, 'OE8': 8.477051472625654, 'OE9': 1.231286477100036}","{'OE1': 9.471400636530301, 'OE2': 5.334620396668868, 'OE3': 5.3346025028273125, 'OE4': 6.643304938522654, 'OE5': 6.643304938522675, 'OE6': 0.22402689009380694, 'OE7': 6.0671782688521425, 'OE8': 1.6353416624995154, 'OE9': 0.05092584063477368}"
3501,2.1009283453931857,0.0010676171368644918,597425.2955472647,1.4668068927094047,"{'OE1': 7198.117409372927, 'OE2': 7198.117409372927, 'OE3': 911.3184872012209, 'OE4': 566.3109403839543, 'OE5': 566.3109403839543, 'OE6': 135.9975550019775, 'OE7': 41.922364637675976, 'OE8': 10.09357687723195, 'OE9': 1.4668068927094047}","{'OE1': 9.422624886027315, 'OE2': 5.335427210899333, 'OE3': 5.335353094777204, 'OE4': 6.598106128562935, 'OE5': 6.598106128562935, 'OE6': 0.22254665735067486, 'OE7': 6.1988675094822465, 'OE8': 1.6262809302264756, 'OE9': 0.04637276817384395}"
3551,2.175667071465341,0.0012522586802213413,576920.5417764753,1.18321829531468,"{'OE1': 7067.301685395182, 'OE2': 7067.301685395182, 'OE3': 878.8796287266902, 'OE4': 544.4609290538726, 'OE5': 544.4609290538726, 'OE6': 130.67583779972662, 'OE7': 34.353170269008416, 'OE8': 8.263746987645423, 'OE9': 1.18321829531468}","{'OE1': 9.405941041537023, 'OE2': 5.340893301362488, 'OE3': 5.340904310323076, 'OE4': 6.551523568297602, 'OE5': 6.551523568297602, 'OE6': 0.2184837582903676, 'OE7': 6.126820094865062, 'OE8': 1.6100162388813315, 'OE9': 0.04733957451315679}"
3601,2.2285116978528094,0.001250129230338396,513361.76938257215,1.0375851976385095,"{'OE1': 6815.514754394732, 'OE2': 6815.514754394732, 'OE3': 826.8565444322867, 'OE4': 511.19922292517987, 'OE5': 511.19922292517987, 'OE6': 120.41047097536878, 'OE7': 31.791145923036165, 'OE8': 7.509259247285709, 'OE9': 1.0375851976385095}","{'OE1': 9.420100855269771, 'OE2': 5.475362385692667, 'OE3': 5.475494793787959, 'OE4': 6.506151442272958, 'OE5': 6.506151442272936, 'OE6': 0.21701213560296986, 'OE7': 6.171857577951332, 'OE8': 1.5887391249106104, 'OE9': 0.05031357831864425}"
3651,2.2400416705086172,0.0012619092336133128,454174.3711081671,0.8943686527427352,"{'OE1': 6548.032604053764, 'OE2': 6548.032604053764, 'OE3': 774.216057649104, 'OE4': 477.06948134758085, 'OE5': 477.06948134758085, 'OE6': 110.11814085738123, 'OE7': 29.140321983112486, 'OE8': 6.734625078654158, 'OE9': 0.8943686527427352}","{'OE1': 9.438531586056335, 'OE2': 5.214817656910142, 'OE3': 5.214830282868574, 'OE4': 6.462161742260185, 'OE5': 6.462161742260185, 'OE6': 0.21862928035193255, 'OE7': 6.236542936981699, 'OE8': 1.6191201048027026, 'OE9': 0.051295654323845336}"
3701,2.319189647191706,0.001223138976426067,397147.73627642565,0.7908841828958082,"{'OE1': 6262.066037367767, 'OE2': 6262.066037367767, 'OE3': 721.5410697092476, 'OE4': 442.99023210780973, 'OE5': 442.99023210780973, 'OE6': 99.65829597441487, 'OE7': 27.630733110088652, 'OE8': 6.216367782839246, 'OE9': 0.7908841828958082}","{'OE1': 9.423025421018654, 'OE2': 5.207256450318356, 'OE3': 5.2072331251240485, 'OE4': 6.417452007770665, 'OE5': 6.417452007770665, 'OE6': 0.227596419738684, 'OE7': 6.023553846005893, 'OE8': 1.5910291751807057, 'OE9': 0.04955583410861712}"
3751,2.2899416954364824,0.001264919997715407,325078.2977637927,0.6125248096706727,"{'OE1': 5932.899515471572, 'OE2': 5932.899515471573, 'OE3': 666.1416417124392, 'OE4': 408.38879499986945, 'OE5': 408.38879499986945, 'OE6': 88.58832750669825, 'OE7': 23.53491787925357, 'OE8': 5.09961102014161, 'OE9': 0.6125248096706727}","{'OE1': 9.400017125848398, 'OE2': 5.18956822722042, 'OE3': 5.189673386370552, 'OE4': 6.373364769316222, 'OE5': 6.3733647693162, 'OE6': 0.23352048699149586, 'OE7': 6.130677087783891, 'OE8': 1.5979612093909417, 'OE9': 0.05052532044681847}"
3801,2.473484104200452,0.00127775826537219,276457.5515019978,0.5029432027637044,"{'OE1': 5613.3429507945175, 'OE2': 5613.3429507945175, 'OE3': 614.117260974193, 'OE4': 376.0576948113198, 'OE5': 376.0576948113198, 'OE6': 78.44969407059035, 'OE7': 21.190345062082805, 'OE8': 4.411621104872796, 'OE9': 0.5029432027637044}","{'OE1': 9.413156138486443, 'OE2': 5.079731899551875, 'OE3': 5.07974128586191, 'OE4': 6.332232644656775, 'OE5': 6.332232644656775, 'OE6': 0.21498157637710652, 'OE7': 6.027527196822621, 'OE8': 1.577790936896951, 'OE9': 0.05003706335863167}"
3851,2.4299357373024577,0.0012589541682324317,225696.97692534843,0.4052107765297312,"{'OE1': 5309.56519266051, 'OE2': 5309.56519266051, 'OE3': 563.4384234671389, 'OE4': 344.0908800168967, 'OE5': 344.0908800168967, 'OE6': 68.73497506671694, 'OE7': 18.915869554315872, 'OE8': 3.7662303736939324, 'OE9': 0.4052107765297312}","{'OE1': 9.427337449240078, 'OE2': 5.205854777246702, 'OE3': 5.205849625066099, 'OE4': 6.29137665120567, 'OE5': 6.29137665120567, 'OE6': 0.2141407115017585, 'OE7': 6.1507727253574025, 'OE8': 1.5774017422147355, 'OE9': 0.04955786964466871}"
3901,2.4692054197998914,0.0012394213116241576,180741.77154447662,0.31967753243966734,"{'OE1': 4988.465074878582, 'OE2': 4988.465074878582, 'OE3': 513.4080827625744, 'OE4': 312.96377877730197, 'OE5': 312.96377877730197, 'OE6': 59.46192537106847, 'OE7': 16.697532770277355, 'OE8': 3.1560730075719623, 'OE9': 0.31967753243966734}","{'OE1': 9.459260794928866, 'OE2': 5.19442633232112, 'OE3': 5.194407231219881, 'OE4': 6.250295956843855, 'OE5': 6.250295956843855, 'OE6': 0.2139366907350393, 'OE7': 6.084894282163262, 'OE8': 1.5611395924803446, 'OE9': 0.05199063296160163}"
3951,2.617798627328739,0.0013715026467016576,141705.73041970978,0.219533726180267,"{'OE1': 4690.063914819305, 'OE2': 4690.063914819305, 'OE3': 468.23069770987473, 'OE4': 284.70442047486455, 'OE5': 284.70442047486455, 'OE6': 51.34306095913894, 'OE7': 12.920181953749585, 'OE8': 2.313651699176777, 'OE9': 0.219533726180267}","{'OE1': 9.41829062896106, 'OE2': 4.800074435543712, 'OE3': 4.800093907640926, 'OE4': 6.209898246638576, 'OE5': 6.209898246638576, 'OE6': 0.22147681529140012, 'OE7': 5.724667440204503, 'OE8': 1.5134682614674377, 'OE9': 0.053668841090311295}"
4001,2.666832417529804,0.001254552508337935,113839.19812852787,0.18657892151179256,"{'OE1': 4410.080857739795, 'OE2': 4410.080857739795, 'OE3': 427.1425787248452, 'OE4': 259.4200208025308, 'OE5': 259.4200208025308, 'OE6': 44.236305919006725, 'OE7': 12.343993058547031, 'OE8': 2.088149214701766, 'OE9': 0.18657892151179256}","{'OE1': 9.439533332269415, 'OE2': 5.070204696459322, 'OE3': 5.070193252454095, 'OE4': 6.172829336262495, 'OE5': 6.172829336262495, 'OE6': 0.21192777026966936, 'OE7': 6.125887296463278, 'OE8': 1.5107668826270801, 'OE9': 0.051355958867228435}"
4051,2.6494049225416347,0.0013931100207635967,88924.10320170473,0.12687652021565368,"{'OE1': 4130.41260346855, 'OE2': 4130.41260346855, 'OE3': 388.24211653573764, 'OE4': 234.9267565624419, 'OE5': 234.9267565624419, 'OE6': 37.7159761318692, 'OE7': 9.552173225357244, 'OE8': 1.5183479213940267, 'OE9': 0.12687652021565368}","{'OE1': 9.394668011665017, 'OE2': 4.7973396223895985, 'OE3': 4.7973122602799485, 'OE4': 6.134712385366512, 'OE5': 6.134712385366512, 'OE6': 0.21072489766170532, 'OE7': 6.136615242234129, 'OE8': 1.4652747405042321, 'OE9': 0.050577320268690024}"
4101,2.6105940015731903,0.0013127912037698287,69475.46887411035,0.10156144953233556,"{'OE1': 3872.8505722698605, 'OE2': 3872.8505722698605, 'OE3': 353.2529912596356, 'OE4': 213.34885914739067, 'OE5': 213.34885914739067, 'OE6': 32.19811547561477, 'OE7': 8.687700911407152, 'OE8': 1.2962512005912352, 'OE9': 0.10156144953233556}","{'OE1': 9.400920688429384, 'OE2': 4.936911050403655, 'OE3': 4.936881266149439, 'OE4': 6.095777102080577, 'OE5': 6.095777102080577, 'OE6': 0.22053174252992358, 'OE7': 6.11300002866343, 'OE8': 1.4891312625356965, 'OE9': 0.04979699410740189}"
4151,2.7572096637959476,0.0013303571984529365,55395.98428597044,0.07722104425706316,"{'OE1': 3636.283242563445, 'OE2': 3636.283242563445, 'OE3': 320.8833609175723, 'OE4': 193.55150523119704, 'OE5': 193.55150523119704, 'OE6': 27.42835068702034, 'OE7': 7.488446838077147, 'OE8': 1.0481488958506113, 'OE9': 0.07722104425706316}","{'OE1': 9.350280357008126, 'OE2': 4.800607978723109, 'OE3': 4.800677060839185, 'OE4': 6.059266331484916, 'OE5': 6.059266331484916, 'OE6': 0.2166460732873271, 'OE7': 6.117377965359916, 'OE8': 1.4839847897283522, 'OE9': 0.05108010840063883}"
4201,2.74013462412222,0.0012944566945915245,42422.029145589666,0.05847585547229709,"{'OE1': 3407.6346786534364, 'OE2': 3407.6346786534364, 'OE3': 291.033497989919, 'OE4': 175.4472376648107, 'OE5': 175.4472376648107, 'OE6': 23.279630946416617, 'OE7': 6.476393149374952, 'OE8': 0.8478811189238715, 'OE9': 0.05847585547229709}","{'OE1': 9.442867171924483, 'OE2': 4.937535258514499, 'OE3': 4.937479488267689, 'OE4': 6.024446508539867, 'OE5': 6.024446508539867, 'OE6': 0.20007304009835802, 'OE7': 5.979747775269103, 'OE8': 1.440310611872504, 'OE9': 0.04849118489308754}"
4251,2.930709154838951,0.0013922993083502284,32178.67091628067,0.03970207435571205,"{'OE1': 3198.0866157811965, 'OE2': 3198.0866157811965, 'OE3': 264.43174769456704, 'OE4': 158.99181427381382, 'OE5': 158.99181427381382, 'OE6': 19.720640396141818, 'OE7': 5.021153731701837, 'OE8': 0.6142149494982789, 'OE9': 0.03970207435571205}","{'OE1': 9.392789194901308, 'OE2': 4.804450978281672, 'OE3': 4.804481816671338, 'OE4': 5.988517275285054, 'OE5': 5.988517275285054, 'OE6': 0.21379649354104302, 'OE7': 6.168010042825971, 'OE8': 1.4377727240707217, 'OE9': 0.044782242353930954}"
4301,2.883690408099028,0.0013582037462994132,25016.91059431818,0.03083469146745918,"{'OE1': 3001.938291901069, 'OE2': 3001.938291901069, 'OE3': 240.40035182745262, 'OE4': 144.29686463804433, 'OE5': 144.29686463804433, 'OE6': 16.734710719381724, 'OE7': 4.433799603343212, 'OE8': 0.5069919718779983, 'OE9': 0.03083469146745918}","{'OE1': 9.437385003937353, 'OE2': 4.804218298259574, 'OE3': 4.804180882426998, 'OE4': 5.953471840974599, 'OE5': 5.953471840974599, 'OE6': 0.21442081762195286, 'OE7': 6.141695625550485, 'OE8': 1.4560304435388474, 'OE9': 0.05047861668271883}"
4351,3.0939925363563816,0.001290624658374133,19522.258366750702,0.02452598022048723,"{'OE1': 2818.624938053604, 'OE2': 2818.624938053604, 'OE3': 218.7093279859558, 'OE4': 130.8981335811991, 'OE5': 130.8981335811991, 'OE6': 14.194689407279554, 'OE7': 4.021233332154105, 'OE8': 0.429756202717152, 'OE9': 0.02452598022048723}","{'OE1': 9.442877522460392, 'OE2': 4.936265822833926, 'OE3': 4.936257535047767, 'OE4': 5.920125441976412, 'OE5': 5.920125441976412, 'OE6': 0.21276052637033901, 'OE7': 6.093554090699076, 'OE8': 1.4216895370988458, 'OE9': 0.05317387044492827}"
4401,3.017143637043773,0.0013905141672381214,14877.441255668988,0.01681872310634227,"{'OE1': 2648.5072819731276, 'OE2': 2648.5072819731276, 'OE3': 199.2032654306197, 'OE4': 119.15322555755077, 'OE5': 119.15322555755077, 'OE6': 12.062911174152717, 'OE7': 3.1480373496392806, 'OE8': 0.3141610931265508, 'OE9': 0.01681872310634227}","{'OE1': 9.426132055511761, 'OE2': 4.786168715812428, 'OE3': 4.786133615907589, 'OE4': 5.884624263743545, 'OE5': 5.884624263743545, 'OE6': 0.20735208874512234, 'OE7': 6.0255026544828425, 'OE8': 1.4104622557226292, 'OE9': 0.04828500815636444}"
4451,3.1584985064455395,0.0014221961958042432,11656.875876731305,0.012517251289717183,"{'OE1': 2493.1140615148993, 'OE2': 2493.1140615148993, 'OE3': 181.83678702644258, 'OE4': 108.66136312796215, 'OE5': 108.66136312796215, 'OE6': 10.278090127532526, 'OE7': 2.6780703758336357, 'OE8': 0.249830162246722, 'OE9': 0.012517251289717183}","{'OE1': 9.404831432301062, 'OE2': 4.809721323963082, 'OE3': 4.809732941196897, 'OE4': 5.850874389446563, 'OE5': 5.850874389446563, 'OE6': 0.22170933674626236, 'OE7': 5.599076555750534, 'OE8': 1.4090395365852637, 'OE9': 0.04694259752713004}"
4501,2.9946877116708492,0.0013253077230046327,9001.452692399556,0.010073216964902997,"{'OE1': 2343.736679959827, 'OE2': 2343.736679959827, 'OE3': 165.66771437740832, 'OE4': 98.80379071330216, 'OE5': 98.80379071330216, 'OE6': 8.74890520659545, 'OE7': 2.4289997739291365, 'OE8': 0.21206811288029673, 'OE9': 0.010073216964902997}","{'OE1': 9.46961088270252, 'OE2': 4.659843406766768, 'OE3': 4.6598359018798785, 'OE4': 5.819425895723922, 'OE5': 5.819425895723922, 'OE6': 0.2180591404381209, 'OE7': 6.211998983224603, 'OE8': 1.3997857992496971, 'OE9': 0.05737680505841758}"
4551,3.2704528199083143,0.0014295366479778423,7025.746551069417,0.007093434743007763,"{'OE1': 2206.3167879410416, 'OE2': 2206.3167879410416, 'OE3': 151.011526095263, 'OE4': 89.84774667257842, 'OE5': 89.84774667257842, 'OE6': 7.445628418204414, 'OE7': 1.9481949553130071, 'OE8': 0.15913358097136393, 'OE9': 0.007093434743007763}","{'OE1': 9.435848542497647, 'OE2': 4.670918711703951, 'OE3': 4.67093774286435, 'OE4': 5.78707021093178, 'OE5': 5.78707021093178, 'OE6': 0.2135709170050873, 'OE7': 6.084405903241603, 'OE8': 1.3956355323951064, 'OE9': 0.05326996969944944}"
4601,3.2029601039312183,0.0013582209902652828,5564.132467889447,0.005759761939088376,"{'OE1': 2080.108121374502, 'OE2': 2080.108121374502, 'OE3': 137.9230419325573, 'OE4': 81.96335135738431, 'OE5': 81.96335135738431, 'OE6': 6.357896958055654, 'OE7': 1.7865729734427926, 'OE8': 0.1366891210261547, 'OE9': 0.005759761939088376}","{'OE1': 9.480234811797562, 'OE2': 4.534578291763148, 'OE3': 4.5346355316445335, 'OE4': 5.754804868675159, 'OE5': 5.754804868675159, 'OE6': 0.23606260848347244, 'OE7': 5.986419411857204, 'OE8': 1.4171730708964807, 'OE9': 0.051083695846916216}"
4651,3.1398516201888924,0.0014511517208523911,4347.778971874418,0.004109298196999338,"{'OE1': 1962.2487835504407, 'OE2': 1962.2487835504407, 'OE3': 126.10001487195271, 'OE4': 74.79716017711068, 'OE5': 74.79716017711068, 'OE6': 5.444103995324972, 'OE7': 1.43511329868214, 'OE8': 0.10298100681088493, 'OE9': 0.004109298196999338}","{'OE1': 9.358289575427973, 'OE2': 4.53154818235086, 'OE3': 4.531540536518134, 'OE4': 5.724887673445492, 'OE5': 5.724887673445492, 'OE6': 0.22402362657833297, 'OE7': 6.023776745875052, 'OE8': 1.3805433740954665, 'OE9': 0.05237837661164993}"
4701,3.3418844279822224,0.0014497766750564546,3307.9242520566213,0.003057620451607128,"{'OE1': 1853.4160781059131, 'OE2': 1853.4160781059131, 'OE3': 115.48670558496148, 'OE4': 68.3380388716045, 'OE5': 68.3380388716045, 'OE6': 4.659751863767627, 'OE7': 1.2105429929986848, 'OE8': 0.08148841324845046, 'OE9': 0.003057620451607128}","{'OE1': 9.432332023058963, 'OE2': 4.52487574835726, 'OE3': 4.524896281232508, 'OE4': 5.694449989217043, 'OE5': 5.694449989217043, 'OE6': 0.2188167767926404, 'OE7': 6.133495530707897, 'OE8': 1.3959063266192977, 'OE9': 0.050509907324581604}"
4751,3.4180754937478923,0.0014665940742982757,2553.695299110635,0.0022823869784616988,"{'OE1': 1749.0907423614365, 'OE2': 1749.0907423614367, 'OE3': 105.72254711585124, 'OE4': 62.57011110609277, 'OE5': 62.57011110609277, 'OE6': 4.006058432436675, 'OE7': 1.0227532687755418, 'OE8': 0.06465740965978613, 'OE9': 0.0022823869784616988}","{'OE1': 9.425509282692467, 'OE2': 4.5266039615943034, 'OE3': 4.526571640106054, 'OE4': 5.6638529787981255, 'OE5': 5.6638529787981255, 'OE6': 0.20891183635085284, 'OE7': 6.059286307458258, 'OE8': 1.3710187981439952, 'OE9': 0.05330759328448642}"
4801,3.593019937511599,0.0014677756268462031,2059.1225461600875,0.001802589143212388,"{'OE1': 1654.6695759665026, 'OE2': 1654.6695759665026, 'OE3': 97.06631301551025, 'OE4': 57.38372882566826, 'OE5': 57.38372882566826, 'OE6': 3.453480052894101, 'OE7': 0.9093959211487177, 'OE8': 0.054060649061264385, 'OE9': 0.001802589143212388}","{'OE1': 9.47628858163151, 'OE2': 4.528569808667777, 'OE3': 4.528542978195398, 'OE4': 5.634874474975625, 'OE5': 5.634874474975625, 'OE6': 0.2067924870609611, 'OE7': 5.735476505230083, 'OE8': 1.4148660733359866, 'OE9': 0.05102122848411228}"
4851,3.6262321807607805,0.0014057532464919799,1627.8961931767547,0.0014606155403832023,"{'OE1': 1567.7243514022175, 'OE2': 1567.7243514022175, 'OE3': 89.29264683251485, 'OE4': 52.68113697970862, 'OE5': 52.68113697970862, 'OE6': 2.9854220274569085, 'OE7': 0.8228052283642552, 'OE8': 0.04605497636863437, 'OE9': 0.0014606155403832023}","{'OE1': 9.417709019799917, 'OE2': 4.526843798238644, 'OE3': 4.5267411712238586, 'OE4': 5.603420777251902, 'OE5': 5.603420777251902, 'OE6': 0.21645880373482518, 'OE7': 5.99664545994454, 'OE8': 1.3805674906801366, 'OE9': 0.05464067365141689}"
4901,3.425030897342367,0.0013972802043299968,1292.3248669417965,0.001146875030387148,"{'OE1': 1484.7373902728216, 'OE2': 1484.7373902728216, 'OE3': 82.09685143432853, 'OE4': 48.42260049023933, 'OE5': 48.42260049023933, 'OE6': 2.5827728161885313, 'OE7': 0.7260867565596484, 'OE8': 0.03828098802428158, 'OE9': 0.001146875030387148}","{'OE1': 9.485326294398618, 'OE2': 4.524515384687755, 'OE3': 4.5245147324562245, 'OE4': 5.576095672575622, 'OE5': 5.576095672575622, 'OE6': 0.20558283099226393, 'OE7': 6.066197118240813, 'OE8': 1.3916289490164702, 'OE9': 0.05497759551559493}"
4951,3.7690553008887946,0.0013944857272321519,1018.2866497360487,0.0008916508115013617,"{'OE1': 1406.679636104786, 'OE2': 1406.679636104786, 'OE3': 75.46193663477976, 'OE4': 44.43540792069669, 'OE5': 44.43540792069669, 'OE6': 2.2325884650258248, 'OE7': 0.6303043080753103, 'OE8': 0.03133608940753017, 'OE9': 0.0008916508115013617}","{'OE1': 9.428000625520987, 'OE2': 4.529746419861691, 'OE3': 4.529777090301046, 'OE4': 5.548578517921316, 'OE5': 5.548578517921316, 'OE6': 0.20864950100992052, 'OE7': 6.002155246941308, 'OE8': 1.383067230686272, 'OE9': 0.04663381258837879}"
5001,3.6482224901092195,0.0014994167495906265,790.4401000601681,0.0006348825925990397,"{'OE1': 1334.9987732454974, 'OE2': 1334.9987732454974, 'OE3': 69.51515597865748, 'OE4': 40.8673928880949, 'OE5': 40.8673928880949, 'OE6': 1.9396167232043702, 'OE7': 0.5025232440091729, 'OE8': 0.023587191547761607, 'OE9': 0.0006348825925990397}","{'OE1': 9.438149933517288, 'OE2': 4.40749338990833, 'OE3': 4.407598260262871, 'OE4': 5.519139695191928, 'OE5': 5.519139695191928, 'OE6': 0.20872027935121878, 'OE7': 6.186213792784095, 'OE8': 1.376611510709846, 'OE9': 0.05222694205199652}"
5051,3.5564150558275287,0.0014896001929487986,637.0480232276494,0.0005092169330761398,"{'OE1': 1267.4471482439287, 'OE2': 1267.4471482439287, 'OE3': 64.08654437544595, 'OE4': 37.675555626172454, 'OE5': 37.675555626172454, 'OE6': 1.689341241784687, 'OE7': 0.4480272900062054, 'OE8': 0.019873378863402652, 'OE9': 0.0005092169330761398}","{'OE1': 9.411393995547613, 'OE2': 4.274891039467789, 'OE3': 4.27494679181514, 'OE4': 5.491837371372967, 'OE5': 5.491837371372967, 'OE6': 0.21548150411183642, 'OE7': 6.099433744090952, 'OE8': 1.3676342956306935, 'OE9': 0.05142278682750502}"
5101,3.7496506883981056,0.0014606630303747594,517.0713278764019,0.00041739629826763346,"{'OE1': 1204.2675897289664, 'OE2': 1204.2675897289664, 'OE3': 59.15609059794463, 'OE4': 34.74579960293567, 'OE5': 34.74579960293567, 'OE6': 1.472574016645743, 'OE7': 0.40978280209747703, 'OE8': 0.01718434064770994, 'OE9': 0.00041739629826763346}","{'OE1': 9.45585516520672, 'OE2': 4.264160262731323, 'OE3': 4.264232100813842, 'OE4': 5.467275845384584, 'OE5': 5.467275845384584, 'OE6': 0.2299532719115559, 'OE7': 6.173577823054098, 'OE8': 1.3580388152265161, 'OE9': 0.05149350151251453}"
5151,3.890314989826038,0.0014897351401674296,404.7542185724749,0.0003180000360906625,"{'OE1': 1143.785388610377, 'OE2': 1143.785388610377, 'OE3': 54.60110399704195, 'OE4': 32.03827172089802, 'OE5': 32.03827172089802, 'OE6': 1.2846936282147157, 'OE7': 0.3456543117571579, 'OE8': 0.013718403519576452, 'OE9': 0.0003180000360906625}","{'OE1': 9.391316141154432, 'OE2': 4.388493321005441, 'OE3': 4.255566553515848, 'OE4': 5.441075659539177, 'OE5': 5.441075659539177, 'OE6': 0.2338934796869041, 'OE7': 6.105536301966559, 'OE8': 1.3595393433766496, 'OE9': 0.0474063064966847}"
5201,3.9176701986525586,0.0014896733882058329,322.957317757254,0.00025278106441318956,"{'OE1': 1089.4376294523413, 'OE2': 1089.4376294523413, 'OE3': 50.565276437455324, 'OE4': 29.6124385743043, 'OE5': 29.6124385743043, 'OE6': 1.1241190724393528, 'OE7': 0.3046498547720796, 'OE8': 0.011455429585924805, 'OE9': 0.00025278106441318956}","{'OE1': 9.422239735622933, 'OE2': 4.397426628637293, 'OE3': 4.397471163595217, 'OE4': 5.413953479335012, 'OE5': 5.413953479335012, 'OE6': 0.20313738837221595, 'OE7': 6.092309747668356, 'OE8': 1.3498143700798497, 'OE9': 0.04962883060435283}"
5251,3.944204199797241,0.0015760630679874364,255.9080779660288,0.000190230986218597,"{'OE1': 1037.5591088577987, 'OE2': 1037.5591088577987, 'OE3': 46.84101147695231, 'OE4': 27.40564723171923, 'OE5': 27.40564723171923, 'OE6': 0.9866939372723493, 'OE7': 0.25445264758827835, 'OE8': 0.009073042951704042, 'OE9': 0.000190230986218597}","{'OE1': 9.43731324829016, 'OE2': 4.268239969783437, 'OE3': 4.268267986999277, 'OE4': 5.388082558599113, 'OE5': 5.388082558599113, 'OE6': 0.2142161515864814, 'OE7': 6.027038732441614, 'OE8': 1.3316177221494392, 'OE9': 0.05079933162968314}"
5301,4.071944649829675,0.0014838069663310896,199.9261411498453,0.0001599294195623928,"{'OE1': 987.7697048327873, 'OE2': 987.7697048327873, 'OE3': 43.39026279051139, 'OE4': 25.364806430151532, 'OE5': 25.364806430151532, 'OE6': 0.8665770200311165, 'OE7': 0.23710181065274563, 'OE8': 0.008022497679432552, 'OE9': 0.0001599294195623928}","{'OE1': 9.429641619452763, 'OE2': 4.2662394404444655, 'OE3': 4.266295726434677, 'OE4': 5.361778864001851, 'OE5': 5.361778864001851, 'OE6': 0.21681942907386703, 'OE7': 6.141296930153828, 'OE8': 1.3281057811618087, 'OE9': 0.05124737625398801}"
5351,3.9960654575224908,0.0015711193103156392,158.04733756928007,0.00012079766962360845,"{'OE1': 941.508696524448, 'OE2': 941.508696524448, 'OE3': 40.25794956645969, 'OE4': 23.513322189961325, 'OE5': 23.513322189961325, 'OE6': 0.7623150779036691, 'OE7': 0.19756952900199737, 'OE8': 0.006349101409574065, 'OE9': 0.00012079766962360845}","{'OE1': 9.417423362264342, 'OE2': 4.2607788256705845, 'OE3': 4.26083560600361, 'OE4': 5.338106432775685, 'OE5': 5.338106432775685, 'OE6': 0.22194170877282038, 'OE7': 6.120949549097617, 'OE8': 1.3182845988278848, 'OE9': 0.046451636208383745}"
5401,3.953098035729454,0.0014940809360753733,125.82680059643246,0.00010320492759352973,"{'OE1': 898.1176292712686, 'OE2': 898.1176292712687, 'OE3': 37.381685718144304, 'OE4': 21.81384365874451, 'OE5': 21.81384365874451, 'OE6': 0.6721106392289289, 'OE7': 0.18546616154569837, 'OE8': 0.005664835432962105, 'OE9': 0.00010320492759352973}","{'OE1': 9.428363317021931, 'OE2': 4.261305786273084, 'OE3': 4.261372078233023, 'OE4': 5.312417298854334, 'OE5': 5.312417298854334, 'OE6': 0.20994337743378355, 'OE7': 6.190653655034364, 'OE8': 1.318529983524727, 'OE9': 0.05249345863054811}"
5451,4.2784281485755855,0.001566871964730275,97.0349834107921,7.847954460273809e-05,"{'OE1': 857.8537522215959, 'OE2': 857.8537522215959, 'OE3': 34.75286028110066, 'OE4': 20.27746084253634, 'OE5': 20.27746084253634, 'OE6': 0.5941492980884646, 'OE7': 0.15631487112612585, 'OE8': 0.00454119921843105, 'OE9': 7.847954460273809e-05}","{'OE1': 9.419747670489352, 'OE2': 4.2512550611417055, 'OE3': 4.251217470807333, 'OE4': 5.287448777423705, 'OE5': 5.287448777423705, 'OE6': 0.2193986542175476, 'OE7': 6.136153873594057, 'OE8': 1.3142963200069555, 'OE9': 0.05011837274896272}"
5501,4.1163360614746125,0.0015023922975738204,74.50110437476289,6.584540536879607e-05,"{'OE1': 818.8524144307197, 'OE2': 818.8524144307197, 'OE3': 32.300067113059654, 'OE4': 18.807647006734655, 'OE5': 18.807647006734655, 'OE6': 0.5245588375293827, 'OE7': 0.14410623126021663, 'OE8': 0.003984883210111742, 'OE9': 6.584540536879607e-05}","{'OE1': 9.40776136914881, 'OE2': 4.259762473287935, 'OE3': 4.25979571361826, 'OE4': 5.263837546085316, 'OE5': 5.263837546085316, 'OE6': 0.21101278515888755, 'OE7': 6.179698649283878, 'OE8': 1.2798437750793201, 'OE9': 0.048518001989828266}"
5551,4.238032294006189,0.0015626982619538952,57.54079099129743,5.202861345023596e-05,"{'OE1': 782.4653442074506, 'OE2': 782.4653442074506, 'OE3': 30.06003093378302, 'OE4': 17.501978986607497, 'OE5': 17.501978986607497, 'OE6': 0.4647401384839135, 'OE7': 0.12498749963490524, 'OE8': 0.003292118162631329, 'OE9': 5.202861345023596e-05}","{'OE1': 9.374393468846971, 'OE2': 4.134607171245513, 'OE3': 4.25740836013037, 'OE4': 5.239376051176427, 'OE5': 5.239376051176427, 'OE6': 0.23315445471871143, 'OE7': 6.157307705649149, 'OE8': 1.2726267133914881, 'OE9': 0.053221706756714435}"
5601,4.211728106753071,0.001516736693545092,42.75552096561428,4.3236244808651735e-05,"{'OE1': 748.3450006448323, 'OE2': 748.3450006448323, 'OE3': 28.0045432631008, 'OE4': 16.31793821217594, 'OE5': 16.31793821217594, 'OE6': 0.41293564355418827, 'OE7': 0.11377972562070476, 'OE8': 0.00285660127483116, 'OE9': 4.3236244808651735e-05}","{'OE1': 9.396659728055964, 'OE2': 4.13876335716254, 'OE3': 4.231612901176092, 'OE4': 5.21774811370698, 'OE5': 5.21774811370698, 'OE6': 0.22189502916759168, 'OE7': 6.191095368915855, 'OE8': 1.2710522101243522, 'OE9': 0.04883864659883587}"
5651,4.319465371860133,0.0015361562422220435,31.028395037878234,3.4522842807262313e-05,"{'OE1': 715.5309301793144, 'OE2': 715.5309301793144, 'OE3': 26.077267815313714, 'OE4': 15.175300592010899, 'OE5': 15.175300592010899, 'OE6': 0.3661409207092686, 'OE7': 0.0996524169719806, 'OE8': 0.002386398698369696, 'OE9': 3.4522842807262313e-05}","{'OE1': 9.411440975075271, 'OE2': 4.141971923393548, 'OE3': 4.072662579074002, 'OE4': 5.194104931830516, 'OE5': 5.194104931830516, 'OE6': 0.21879860705745408, 'OE7': 6.190588765662488, 'OE8': 1.2687450914288743, 'OE9': 0.04853995640547247}"
5701,4.38394519189842,0.001642422388969736,21.832071588266786,2.623910135008391e-05,"{'OE1': 685.0220451666518, 'OE2': 685.0220451666518, 'OE3': 24.316932448486973, 'OE4': 14.150078215047579, 'OE5': 14.150078215047579, 'OE6': 0.32572060514082557, 'OE7': 0.08267258085308686, 'OE8': 0.001889510713463431, 'OE9': 2.623910135008391e-05}","{'OE1': 9.417356900414681, 'OE2': 4.128265485535577, 'OE3': 4.043052167438638, 'OE4': 5.171253784359291, 'OE5': 5.171253784359291, 'OE6': 0.21967728977081935, 'OE7': 6.166901791964829, 'OE8': 1.2943198803648233, 'OE9': 0.05259698448960838}"
5751,4.520732694243634,0.001616655989016689,14.835418531051289,2.205079309987434e-05,"{'OE1': 656.0017399745788, 'OE2': 656.0017399745788, 'OE3': 22.682264097363227, 'OE4': 13.201760315155099, 'OE5': 13.201760315155099, 'OE6': 0.2903614121387097, 'OE7': 0.07613400145634788, 'OE8': 0.0016618646530790222, 'OE9': 2.205079309987434e-05}","{'OE1': 9.437808998694525, 'OE2': 4.1182768776703735, 'OE3': 4.146692377021068, 'OE4': 5.148372654495256, 'OE5': 5.148372654495256, 'OE6': 0.22980063075767632, 'OE7': 6.171038742187078, 'OE8': 1.2663203227789632, 'OE9': 0.05203528298387505}"
5801,4.578676591279873,0.0015929894734633846,9.172862648067497,1.8377604051361163e-05,"{'OE1': 628.4457552472778, 'OE2': 628.4457552472778, 'OE3': 21.175882540813383, 'OE4': 12.333110843485459, 'OE5': 12.333110843485459, 'OE6': 0.2590876846519458, 'OE7': 0.06934720739092992, 'OE8': 0.0014465782102211755, 'OE9': 1.8377604051361163e-05}","{'OE1': 9.414945923196695, 'OE2': 3.995233649663543, 'OE3': 4.115686097842854, 'OE4': 5.12586469124079, 'OE5': 5.12586469124079, 'OE6': 0.20424898498844601, 'OE7': 6.009849448165648, 'OE8': 1.2289825363315914, 'OE9': 0.05224807606699383}"
5851,4.606261216849816,0.0015698578001902728,4.746112093556433,1.5227163721452121e-05,"{'OE1': 602.9694400649416, 'OE2': 602.9694400649416, 'OE3': 19.802820622139176, 'OE4': 11.532891446559072, 'OE5': 11.532891446559072, 'OE6': 0.23163377061381515, 'OE7': 0.06253927760901798, 'OE8': 0.0012474357926101944, 'OE9': 1.5227163721452121e-05}","{'OE1': 9.409277228871966, 'OE2': 3.991734126910429, 'OE3': 4.097214491046643, 'OE4': 5.103251443484615, 'OE5': 5.103251443484615, 'OE6': 0.22622110642705417, 'OE7': 6.144209709668646, 'OE8': 1.258933760325741, 'OE9': 0.05264836431786524}"
5901,4.710385409602168,0.0015916706688012343,1.4153186868904013,1.2450705999260727e-05,"{'OE1': 577.5717274030852, 'OE2': 577.5717274030852, 'OE3': 18.4878550989261, 'OE4': 10.768084072655101, 'OE5': 10.768084072655101, 'OE6': 0.20692749713068595, 'OE7': 0.05569597873236644, 'OE8': 0.0010629252187777608, 'OE9': 1.2450705999260727e-05}","{'OE1': 9.410318934325616, 'OE2': 4.002912281973017, 'OE3': 4.068990517846544, 'OE4': 5.0826665753310305, 'OE5': 5.0826665753310305, 'OE6': 0.21288958846886114, 'OE7': 6.131969489530233, 'OE8': 1.246251478049368, 'OE9': 0.048199048872215114}"
5951,4.621184803977485,0.0016194507445604787,-1.1122257748197049,9.985377612172857e-06,"{'OE1': 554.4547939291492, 'OE2': 554.4547939291492, 'OE3': 17.30659686227694, 'OE4': 10.104707622901085, 'OE5': 10.104707622901085, 'OE6': 0.18590390142102042, 'OE7': 0.04869265040165675, 'OE8': 0.000889665488480072, 'OE9': 9.985377612172857e-06}","{'OE1': 9.415021623535136, 'OE2': 4.000495973128766, 'OE3': 4.044437568128586, 'OE4': 5.060984935285122, 'OE5': 5.060984935285122, 'OE6': 0.21659169237345366, 'OE7': 6.217865951107622, 'OE8': 1.2468029589627159, 'OE9': 0.04808112905644589}"
6001,4.924980849729764,0.0015369090075551502,-3.009129249265481,8.879757662928501e-06,"{'OE1': 532.3717661091034, 'OE2': 532.3717661091034, 'OE3': 16.202655135733597, 'OE4': 9.452885965671427, 'OE5': 9.452885965671427, 'OE6': 0.1665533521369393, 'OE7': 0.04707256683055708, 'OE8': 0.0008238788545267223, 'OE9': 8.879757662928501e-06}","{'OE1': 9.395800468989002, 'OE2': 3.996356311774365, 'OE3': 4.013718152015329, 'OE4': 5.04081764733416, 'OE5': 5.04081764733416, 'OE6': 0.22385860476673347, 'OE7': 6.111072918124153, 'OE8': 1.2455013023122663, 'OE9': 0.0544042047907205}"
