"cff = 1.4, order = 2, 2024-03-12 11:52:23.159545"
E,FWHM,Bandwidth,Flux,Intensity,Intensity_dict,Height_dict,Ray Dict
101.0,0,0.0,0.0,0,"{'OE1': 48987.84312244332, 'OE2': 0.0, 'OE3': 0.0, 'OE4': 0.0, 'OE5': 0.0, 'OE6': 0.0, 'OE7': 0.0, 'OE8': 0.0, 'OE9': 0.0}","{'OE1': 9.466378394406991, 'OE2': 0, 'OE3': 0, 'OE4': 0, 'OE5': 0, 'OE6': 0, 'OE7': 0, 'OE8': 0, 'OE9': 0}",0
151.0,0.044903118135266595,0.0007139599150311508,20735703.912181344,8.233673382584062,"{'OE1': 48181.80954502656, 'OE2': 65.44421394947325, 'OE3': 53.536077853210564, 'OE4': 53.53607785321056, 'OE5': 53.53607785321056, 'OE6': 52.36224078357531, 'OE7': 8.596842673314997, 'OE8': 8.421541166073471, 'OE9': 8.233673382584062}","{'OE1': 9.424128149994987, 'OE2': 0.027140509074016883, 'OE3': 0.027145315807126202, 'OE4': 0.045442862292547126, 'OE5': 0.045442862292547126, 'OE6': 0.15236053130452357, 'OE7': 2.505738725124296, 'OE8': 0.05006057789250784, 'OE9': 0.06345571780592515}","{'OE1': 49337, 'OE2': 67, 'OE3': 67, 'OE4': 67, 'OE5': 67, 'OE6': 67, 'OE7': 11, 'OE8': 11, 'OE9': 11}"
201.0,0.053856559164728424,0.0005247111707339132,2549202359.4571047,2177.204706511973,"{'OE1': 47170.034241413494, 'OE2': 15775.265422347635, 'OE3': 10776.60601796134, 'OE4': 10776.606017961341, 'OE5': 10776.606017961341, 'OE6': 10327.812495696771, 'OE7': 2380.1856741271818, 'OE8': 2286.774068778081, 'OE9': 2177.204706511973}","{'OE1': 9.43872058502782, 'OE2': 2.068718278266937, 'OE3': 2.068737469400112, 'OE4': 2.895079685382975, 'OE5': 2.895079685382975, 'OE6': 0.21814763911638435, 'OE7': 6.047694954032764, 'OE8': 0.7522835393791634, 'OE9': 0.05386502553952677}","{'OE1': 49351, 'OE2': 16504, 'OE3': 16504, 'OE4': 16504, 'OE5': 16504, 'OE6': 16479, 'OE7': 3798, 'OE8': 3798, 'OE9': 3783}"
251.0,0.06712346733911545,0.0005260175018168907,2800287592.808774,2618.525792230568,"{'OE1': 45850.25709375614, 'OE2': 25233.26029904396, 'OE3': 12613.549221217165, 'OE4': 12613.549221217167, 'OE5': 12613.549221217167, 'OE6': 11779.258752623551, 'OE7': 3019.3095438772593, 'OE8': 2828.1655301258834, 'OE9': 2618.525792230568}","{'OE1': 9.414416164895588, 'OE2': 3.52733254702449, 'OE3': 3.5273324759973192, 'OE4': 4.936416629485194, 'OE5': 4.936416629485194, 'OE6': 0.21965313873521985, 'OE7': 6.171947028372362, 'OE8': 1.2485261028029813, 'OE9': 0.05085729381138182}","{'OE1': 49329, 'OE2': 27148, 'OE3': 27148, 'OE4': 27148, 'OE5': 27148, 'OE6': 27092, 'OE7': 6945, 'OE8': 6945, 'OE9': 6918}"
301.0,0.08542857713905505,0.0005231176516076252,529422319.4343234,445.0023948777433,"{'OE1': 41138.66594751035, 'OE2': 29126.64677244168, 'OE3': 2663.4723093359707, 'OE4': 2663.4723093359707, 'OE5': 2663.4723093359707, 'OE6': 2256.671236241215, 'OE7': 630.5154039608032, 'OE8': 535.473126986126, 'OE9': 445.0023948777433}","{'OE1': 9.434425103931034, 'OE2': 4.566628187691013, 'OE3': 4.566611020330669, 'OE4': 6.391824887259872, 'OE5': 6.391824887259872, 'OE6': 0.21568370354843636, 'OE7': 6.106844365252867, 'OE8': 1.6158446063136567, 'OE9': 0.050414265361545224}","{'OE1': 49334, 'OE2': 34930, 'OE3': 34930, 'OE4': 34930, 'OE5': 34930, 'OE6': 34887, 'OE7': 9752, 'OE8': 9752, 'OE9': 9719}"
351.0,0.11054451802630183,0.000631568380433633,166982422.6191907,105.10340009877523,"{'OE1': 28891.476536763712, 'OE2': 24234.86323323446, 'OE3': 1890.383064329908, 'OE4': 1890.383064329908, 'OE5': 1890.383064329908, 'OE6': 1160.0219060280076, 'OE7': 290.90984131303895, 'OE8': 179.92448769202446, 'OE9': 105.10340009877523}","{'OE1': 9.447248656560802, 'OE2': 5.508440208305328, 'OE3': 5.508426995898059, 'OE4': 7.711550166778674, 'OE5': 7.711550166778674, 'OE6': 0.22076967240593903, 'OE7': 6.059059633524818, 'OE8': 1.9180472619099662, 'OE9': 0.05066452899457327}","{'OE1': 49333, 'OE2': 41387, 'OE3': 41387, 'OE4': 41387, 'OE5': 41387, 'OE6': 41303, 'OE7': 10361, 'OE8': 10361, 'OE9': 10335}"
401.0,0.138893931795792,0.0006755246602139558,829161149.5412608,442.45646473439047,"{'OE1': 34056.38364968998, 'OE2': 32347.14788584347, 'OE3': 4998.700454184345, 'OE4': 4998.700454184345, 'OE5': 4998.700454184345, 'OE6': 3565.29533971724, 'OE7': 896.6268194112471, 'OE8': 643.027389382727, 'OE9': 442.45646473439047}","{'OE1': 9.439404178902123, 'OE2': 6.17623012992456, 'OE3': 6.176222854850613, 'OE4': 8.646762533613618, 'OE5': 8.646762533613618, 'OE6': 0.21669553009570053, 'OE7': 5.983194464439544, 'OE8': 2.098313477331988, 'OE9': 0.05107206678621848}","{'OE1': 49329, 'OE2': 46855, 'OE3': 46855, 'OE4': 46855, 'OE5': 46855, 'OE6': 46782, 'OE7': 11767, 'OE8': 11767, 'OE9': 11728}"
451.0,0.15890109401846075,0.0007158603256571071,1714839978.4982338,792.5198652991846,"{'OE1': 36220.66446553455, 'OE2': 36220.66446553455, 'OE3': 7542.764507502036, 'OE4': 7542.764507502036, 'OE5': 7542.764507502036, 'OE6': 5687.502686928585, 'OE7': 1429.37344669199, 'OE8': 1082.8756854863088, 'OE9': 792.5198652991846}","{'OE1': 9.470510321168138, 'OE2': 6.540056874675744, 'OE3': 6.5015763825504225, 'OE4': 9.101345820204791, 'OE5': 9.101345820204791, 'OE6': 0.23856638543586217, 'OE7': 6.092739531850281, 'OE8': 2.1987942866564083, 'OE9': 0.048005140338647515}","{'OE1': 49339, 'OE2': 49339, 'OE3': 49304, 'OE4': 49304, 'OE5': 49304, 'OE6': 49212, 'OE7': 12370, 'OE8': 12370, 'OE9': 12331}"
501.0,0.20737014915255259,0.000770041133615403,2058998222.8442798,827.9985925429226,"{'OE1': 36288.66115478556, 'OE2': 36288.66115478556, 'OE3': 7975.664579326288, 'OE4': 7975.664579326288, 'OE5': 7975.664579326288, 'OE6': 6028.282092303657, 'OE7': 1488.3673065912853, 'OE8': 1129.3751565378088, 'OE9': 827.9985925429226}","{'OE1': 9.404783243658748, 'OE2': 6.546474786277488, 'OE3': 6.546482725887303, 'OE4': 9.160951675034163, 'OE5': 9.160951675034163, 'OE6': 0.20132322420866877, 'OE7': 6.057822690297009, 'OE8': 2.264379706085047, 'OE9': 0.05187624473948155}","{'OE1': 49329, 'OE2': 49329, 'OE3': 49329, 'OE4': 49329, 'OE5': 49329, 'OE6': 49256, 'OE7': 12164, 'OE8': 12164, 'OE9': 12120}"
551.0,0.2297020969388086,0.000803137342290443,3143040652.646623,1153.4900092134462,"{'OE1': 37491.844268137844, 'OE2': 37491.844268137844, 'OE3': 10111.90218117835, 'OE4': 10111.90218117835, 'OE5': 10111.90218117835, 'OE6': 7871.720190637319, 'OE7': 1948.6460791579702, 'OE8': 1522.7356578145668, 'OE9': 1153.4900092134462}","{'OE1': 9.403968934996767, 'OE2': 6.538800098715017, 'OE3': 6.538741881339022, 'OE4': 9.150371067132058, 'OE5': 9.150371067132058, 'OE6': 0.2336830961226377, 'OE7': 6.082797495969212, 'OE8': 2.209363056032111, 'OE9': 0.055849251105379194}","{'OE1': 49323, 'OE2': 49323, 'OE3': 49323, 'OE4': 49323, 'OE5': 49323, 'OE6': 49237, 'OE7': 12190, 'OE8': 12190, 'OE9': 12148}"
601.0,0.2660488036724473,0.000776029803065934,3936140249.736125,1438.469580979439,"{'OE1': 38046.45376220635, 'OE2': 38046.45376220634, 'OE3': 11272.79945128688, 'OE4': 11272.79945128688, 'OE5': 11272.79945128688, 'OE6': 8891.179728030325, 'OE7': 2365.230985920181, 'OE8': 1872.1221326250813, 'OE9': 1438.469580979439}","{'OE1': 9.401106593380105, 'OE2': 6.52830320408764, 'OE3': 6.528270811578798, 'OE4': 9.136876539983842, 'OE5': 9.136876539983842, 'OE6': 0.21928184274394535, 'OE7': 6.167993696812748, 'OE8': 2.2072902232882017, 'OE9': 0.0501666777184049}","{'OE1': 49338, 'OE2': 49338, 'OE3': 49338, 'OE4': 49338, 'OE5': 49338, 'OE6': 49251, 'OE7': 13103, 'OE8': 13103, 'OE9': 13056}"
651.0,0.2954741490310653,0.0008227163720739457,4760187116.065756,1590.7560866967133,"{'OE1': 38380.9575501667, 'OE2': 38380.9575501667, 'OE3': 12179.416463829217, 'OE4': 12179.416463829219, 'OE5': 12179.416463829219, 'OE6': 9688.689799888929, 'OE7': 2569.8008257311176, 'OE8': 2050.5876339199167, 'OE9': 1590.7560866967133}","{'OE1': 9.481121540830447, 'OE2': 6.5470313405780205, 'OE3': 6.413378037031208, 'OE4': 9.16229338338774, 'OE5': 9.16229338338774, 'OE6': 0.21647038366860988, 'OE7': 6.052545635198948, 'OE8': 2.2067225665575307, 'OE9': 0.04976032795813118}","{'OE1': 49322, 'OE2': 49322, 'OE3': 49322, 'OE4': 49322, 'OE5': 49322, 'OE6': 49246, 'OE7': 13064, 'OE8': 13064, 'OE9': 13022}"
701.0,0.3206770773641665,0.0008663119736018198,5578086951.689182,1715.71214283255,"{'OE1': 38876.96385661711, 'OE2': 38876.96385661711, 'OE3': 13114.430981087506, 'OE4': 13114.430981087506, 'OE5': 13114.430981087506, 'OE6': 10543.104656947546, 'OE7': 2712.318230791165, 'OE8': 2187.0799621809356, 'OE9': 1715.71214283255}","{'OE1': 9.38354192326045, 'OE2': 6.541486838324564, 'OE3': 6.541522659867943, 'OE4': 9.155313421868705, 'OE5': 9.155313421868705, 'OE6': 0.20979808355734142, 'OE7': 6.110134660621689, 'OE8': 2.2073084171128086, 'OE9': 0.052085744716134294}","{'OE1': 49379, 'OE2': 49379, 'OE3': 49379, 'OE4': 49379, 'OE5': 49379, 'OE6': 49295, 'OE7': 12683, 'OE8': 12683, 'OE9': 12637}"
751.0,0.3724533971578694,0.0009411823453979225,6229288782.028856,1770.456432535921,"{'OE1': 39197.107308095816, 'OE2': 39197.107308095816, 'OE3': 13811.057673139743, 'OE4': 13811.057673139743, 'OE5': 13811.057673139743, 'OE6': 11194.076851253503, 'OE7': 2751.9682497968665, 'OE8': 2237.014290038463, 'OE9': 1770.456432535921}","{'OE1': 9.431155370112597, 'OE2': 6.533784686859014, 'OE3': 6.533789150858285, 'OE4': 9.144035027573466, 'OE5': 9.144035027573466, 'OE6': 0.22711250343073267, 'OE7': 6.018502932133667, 'OE8': 2.207358645202656, 'OE9': 0.05258924270492307}","{'OE1': 49341, 'OE2': 49341, 'OE3': 49341, 'OE4': 49341, 'OE5': 49341, 'OE6': 49253, 'OE7': 12110, 'OE8': 12110, 'OE9': 12064}"
801.0,0.3993252953341653,0.0009644887283892298,6533189766.446824,1860.4222972313596,"{'OE1': 39439.064756779444, 'OE2': 39439.064756779444, 'OE3': 14344.30102102191, 'OE4': 14344.301021021913, 'OE5': 14344.301021021913, 'OE6': 11703.72742495805, 'OE7': 2854.3095427957383, 'OE8': 2334.9681258391074, 'OE9': 1860.4222972313596}","{'OE1': 9.477056903645702, 'OE2': 6.423352907238403, 'OE3': 6.423352004457641, 'OE4': 8.988552444291173, 'OE5': 8.988552444291173, 'OE6': 0.21779405226053572, 'OE7': 6.096786107347349, 'OE8': 2.2055746981727675, 'OE9': 0.05104716462699749}","{'OE1': 49298, 'OE2': 49298, 'OE3': 49298, 'OE4': 49298, 'OE5': 49298, 'OE6': 49217, 'OE7': 12005, 'OE8': 12005, 'OE9': 11955}"
851.0,0.42472685992674997,0.0010147048905011754,6746518106.653023,1913.2527835891774,"{'OE1': 39670.67493978124, 'OE2': 39670.67493978124, 'OE3': 14640.225838353703, 'OE4': 14640.225838353703, 'OE5': 14640.225838353703, 'OE6': 11997.083367149076, 'OE7': 2904.8996077282522, 'OE8': 2386.4347665410623, 'OE9': 1913.2527835891774}","{'OE1': 9.3862703181632, 'OE2': 6.541053547810188, 'OE3': 6.5410262058458315, 'OE4': 9.153980922652355, 'OE5': 9.153980922652355, 'OE6': 0.2062699696229892, 'OE7': 6.033123795585235, 'OE8': 2.207062978122507, 'OE9': 0.057258911526323564}","{'OE1': 49357, 'OE2': 49357, 'OE3': 49357, 'OE4': 49357, 'OE5': 49357, 'OE6': 49276, 'OE7': 11933, 'OE8': 11933, 'OE9': 11902}"
901.0,0.44962848044883685,0.0009352342844076187,6698884436.319718,2202.378123001633,"{'OE1': 39840.17271848796, 'OE2': 39840.17271848796, 'OE3': 14878.341360377295, 'OE4': 14878.341360377295, 'OE5': 14878.341360377295, 'OE6': 12244.701596970928, 'OE7': 3316.8138021941995, 'OE8': 2735.937872529209, 'OE9': 2202.378123001633}","{'OE1': 9.375320925641866, 'OE2': 6.413643930065966, 'OE3': 6.413663416136664, 'OE4': 8.97647495259524, 'OE5': 8.97647495259524, 'OE6': 0.2275625791910632, 'OE7': 6.022741741111826, 'OE8': 2.211223430248289, 'OE9': 0.05250556860605424}","{'OE1': 49348, 'OE2': 49348, 'OE3': 49348, 'OE4': 49348, 'OE5': 49348, 'OE6': 49273, 'OE7': 13349, 'OE8': 13349, 'OE9': 13309}"
951.0,0.5172916137638595,0.001153606498537537,5537664499.634339,1644.2730135275997,"{'OE1': 39309.15789819625, 'OE2': 39309.15789819625, 'OE3': 13909.937635698496, 'OE4': 13909.937635698496, 'OE5': 13909.937635698496, 'OE6': 11312.009022221971, 'OE7': 2538.73655359747, 'OE8': 2069.8300258767445, 'OE9': 1644.2730135275997}","{'OE1': 9.424045969275658, 'OE2': 6.279865328950308, 'OE3': 6.279876968162014, 'OE4': 8.788248447211728, 'OE5': 8.788248447211728, 'OE6': 0.22889689420626902, 'OE7': 6.082746280271067, 'OE8': 2.2132765657365816, 'OE9': 0.05585800239915409}","{'OE1': 49330, 'OE2': 49330, 'OE3': 49330, 'OE4': 49330, 'OE5': 49330, 'OE6': 49241, 'OE7': 11053, 'OE8': 11053, 'OE9': 11018}"
1001.0,0.5333969904438618,0.001101935807713613,4512329242.6782,1634.743132997916,"{'OE1': 38825.9178766976, 'OE2': 38825.9178766976, 'OE3': 13028.166218455914, 'OE4': 13028.166218455914, 'OE5': 13028.166218455914, 'OE6': 10478.323669907188, 'OE7': 2587.1517169791705, 'OE8': 2085.514972107183, 'OE9': 1634.743132997916}","{'OE1': 9.417445903078837, 'OE2': 6.5307206710740555, 'OE3': 6.5307127816736, 'OE4': 9.140960875257548, 'OE5': 9.140960875257548, 'OE6': 0.22474116747702466, 'OE7': 6.207762608913274, 'OE8': 2.2099975395587688, 'OE9': 0.04863525032606342}","{'OE1': 49347, 'OE2': 49347, 'OE3': 49347, 'OE4': 49347, 'OE5': 49347, 'OE6': 49271, 'OE7': 12166, 'OE8': 12166, 'OE9': 12122}"
1051.0,0.5772470955935205,0.0011011566809302287,3708472819.123175,1649.8629555214707,"{'OE1': 38934.852754064515, 'OE2': 38934.852754064515, 'OE3': 12871.980947867543, 'OE4': 12871.980947867543, 'OE5': 12871.980947867543, 'OE6': 10374.885624275481, 'OE7': 2596.815515478106, 'OE8': 2098.4695416435043, 'OE9': 1649.8629555214707}","{'OE1': 9.443809648781247, 'OE2': 6.405210180727472, 'OE3': 6.405209966057015, 'OE4': 9.148640939156412, 'OE5': 9.148640939156412, 'OE6': 0.21261134148326838, 'OE7': 6.140723406369943, 'OE8': 2.2057318391209413, 'OE9': 0.054032704583093644}","{'OE1': 49358, 'OE2': 49358, 'OE3': 49358, 'OE4': 49358, 'OE5': 49358, 'OE6': 49263, 'OE7': 12332, 'OE8': 12332, 'OE9': 12291}"
1101.0,0.627106976057803,0.0011480691692080857,2800388439.3702745,1599.4803792536159,"{'OE1': 39031.44763730524, 'OE2': 39031.44763730524, 'OE3': 12661.38768680707, 'OE4': 12661.38768680707, 'OE5': 12661.38768680707, 'OE6': 10234.956932202513, 'OE7': 2502.407153020259, 'OE8': 2027.4631566998469, 'OE9': 1599.4803792536159}","{'OE1': 9.462511163494105, 'OE2': 6.536848527184528, 'OE3': 6.536813938575605, 'OE4': 9.147282441570571, 'OE5': 9.147282441570571, 'OE6': 0.2198594617225359, 'OE7': 6.08159646349317, 'OE8': 2.202052039474637, 'OE9': 0.047119743573982464}","{'OE1': 49346, 'OE2': 49346, 'OE3': 49346, 'OE4': 49346, 'OE5': 49346, 'OE6': 49263, 'OE7': 12047, 'OE8': 12047, 'OE9': 12014}"
1151.0,0.6619261786458992,0.00116078923071491,1820619698.381809,1590.7917574358157,"{'OE1': 39126.533805901425, 'OE2': 39126.533805901425, 'OE3': 12353.254762678886, 'OE4': 12353.254762678886, 'OE5': 12353.254762678886, 'OE6': 10010.329277604973, 'OE7': 2480.5285570294445, 'OE8': 2014.39257584908, 'OE9': 1590.7917574358157}","{'OE1': 9.376255489853714, 'OE2': 6.274623429045088, 'OE3': 6.274635042144242, 'OE4': 8.781671407780042, 'OE5': 8.781671407780042, 'OE6': 0.23265584311794985, 'OE7': 6.103092482420925, 'OE8': 2.210406011507464, 'OE9': 0.04969203549236112}","{'OE1': 49349, 'OE2': 49349, 'OE3': 49349, 'OE4': 49349, 'OE5': 49349, 'OE6': 49270, 'OE7': 12211, 'OE8': 12211, 'OE9': 12162}"
1201.0,0.6822127418436139,0.0011171680968090928,908830114.7912097,1602.193456734995,"{'OE1': 39192.501158854844, 'OE2': 39192.501158854844, 'OE3': 11869.21564671237, 'OE4': 11869.21564671237, 'OE5': 11869.21564671237, 'OE6': 9632.296494904438, 'OE7': 2488.5006343401947, 'OE8': 2023.724817657207, 'OE9': 1602.193456734995}","{'OE1': 9.370448823517142, 'OE2': 6.273290697953485, 'OE3': 6.273323185627957, 'OE4': 8.779416494297047, 'OE5': 8.779416494297047, 'OE6': 0.2119246141049722, 'OE7': 6.198955410356306, 'OE8': 2.1994038615756195, 'OE9': 0.04790606212604945}","{'OE1': 49366, 'OE2': 49366, 'OE3': 49366, 'OE4': 49366, 'OE5': 49366, 'OE6': 49288, 'OE7': 12735, 'OE8': 12735, 'OE9': 12700}"
1251.0,0.7150144441047814,0.0011657377282956454,293065267.8907635,1517.0965283176042,"{'OE1': 39247.457182254715, 'OE2': 39247.457182254715, 'OE3': 11305.840387787675, 'OE4': 11305.840387787675, 'OE5': 11305.840387787675, 'OE6': 9184.900057220684, 'OE7': 2348.706399094352, 'OE8': 1912.7671934030775, 'OE9': 1517.0965283176042}","{'OE1': 9.392867214963763, 'OE2': 6.2833700161979325, 'OE3': 6.283367269621461, 'OE4': 8.793025896957554, 'OE5': 8.793025896957554, 'OE6': 0.2225061901390769, 'OE7': 6.016586594095314, 'OE8': 2.1988196780941003, 'OE9': 0.053563452313122664}","{'OE1': 49369, 'OE2': 49369, 'OE3': 49369, 'OE4': 49369, 'OE5': 49369, 'OE6': 49272, 'OE7': 12601, 'OE8': 12601, 'OE9': 12572}"
1301.0,0.760591037867016,0.0012544349790335734,72866250.13936645,1385.8152557421558,"{'OE1': 39294.246057785196, 'OE2': 39294.246057785196, 'OE3': 10668.85780288589, 'OE4': 10668.85780288589, 'OE5': 10668.85780288589, 'OE6': 8682.859245334063, 'OE7': 2141.6864224817214, 'OE8': 1746.6533516320167, 'OE9': 1385.8152557421558}","{'OE1': 9.377203845456625, 'OE2': 6.277185680530508, 'OE3': 6.277170334363562, 'OE4': 8.783262886104978, 'OE5': 8.783262886104978, 'OE6': 0.2333764627600604, 'OE7': 6.239576331296812, 'OE8': 2.1580297168652107, 'OE9': 0.048957692577183715}","{'OE1': 49363, 'OE2': 49363, 'OE3': 49363, 'OE4': 49363, 'OE5': 49363, 'OE6': 49282, 'OE7': 12158, 'OE8': 12158, 'OE9': 12117}"
1351.0,0.8698639809490487,0.001228768196300348,312308642.5180314,1341.3915051776212,"{'OE1': 39260.97087568207, 'OE2': 39260.97087568207, 'OE3': 9878.407350752515, 'OE4': 9878.407350752515, 'OE5': 9878.407350752515, 'OE6': 8045.1855279307665, 'OE7': 2069.7405756462645, 'OE8': 1689.2011350144862, 'OE9': 1341.3915051776212}","{'OE1': 9.39048020627823, 'OE2': 6.285837181257941, 'OE3': 6.285822950638966, 'OE4': 8.795147353471489, 'OE5': 8.795147353471489, 'OE6': 0.23283790782655328, 'OE7': 6.062727872349468, 'OE8': 2.159328081657751, 'OE9': 0.050654902931082546}","{'OE1': 49296, 'OE2': 49296, 'OE3': 49296, 'OE4': 49296, 'OE5': 49296, 'OE6': 49213, 'OE7': 12663, 'OE8': 12663, 'OE9': 12625}"
1401.0,0.8683153110750936,0.0012679192280290546,1002321527.7528381,1196.4522772368114,"{'OE1': 39284.372422664106, 'OE2': 39284.372422664106, 'OE3': 9048.505962919226, 'OE4': 9048.505962919227, 'OE5': 9048.505962919227, 'OE6': 7375.608222922299, 'OE7': 1843.1464747360635, 'OE8': 1505.0229766999792, 'OE9': 1196.4522772368114}","{'OE1': 9.48381177470697, 'OE2': 6.274423395129315, 'OE3': 6.27444244907182, 'OE4': 8.780844074946712, 'OE5': 8.780844074946712, 'OE6': 0.21855662371437198, 'OE7': 6.095588605822632, 'OE8': 2.2010854213844864, 'OE9': 0.05072777059705019}","{'OE1': 49314, 'OE2': 49314, 'OE3': 49314, 'OE4': 49314, 'OE5': 49314, 'OE6': 49247, 'OE7': 12309, 'OE8': 12309, 'OE9': 12284}"
1451.0,0.9560390308604383,0.0012532417995702277,2038656283.8874164,1104.8590278976535,"{'OE1': 39308.44790239921, 'OE2': 39308.44790239921, 'OE3': 8217.08603891019, 'OE4': 8217.08603891019, 'OE5': 8217.08603891019, 'OE6': 6698.975472604436, 'OE7': 1703.1463097002154, 'OE8': 1391.3270785914885, 'OE9': 1104.8590278976535}","{'OE1': 9.429611724923918, 'OE2': 6.274883702551136, 'OE3': 6.274822181231517, 'OE4': 8.779821407066786, 'OE5': 8.779821407066786, 'OE6': 0.22150251363816253, 'OE7': 5.662143622684342, 'OE8': 2.1575219188499917, 'OE9': 0.05326372903868162}","{'OE1': 49337, 'OE2': 49337, 'OE3': 49337, 'OE4': 49337, 'OE5': 49337, 'OE6': 49255, 'OE7': 12524, 'OE8': 12524, 'OE9': 12484}"
1501.0,0.9558261710021725,0.0012987282528681742,3319076616.157749,985.9827980921458,"{'OE1': 39306.299090764864, 'OE2': 39306.299090764864, 'OE3': 7411.470481302835, 'OE4': 7411.470481302835, 'OE5': 7411.470481302835, 'OE6': 6044.429096909039, 'OE7': 1519.8314695696893, 'OE8': 1242.0676280064156, 'OE9': 985.9827980921458}","{'OE1': 9.399522499196998, 'OE2': 6.276144296329676, 'OE3': 6.276143519813386, 'OE4': 8.782274349299556, 'OE5': 8.782274349299556, 'OE6': 0.22460772443709487, 'OE7': 6.08390744120898, 'OE8': 2.1574578941636906, 'OE9': 0.05087553308854298}","{'OE1': 49331, 'OE2': 49331, 'OE3': 49331, 'OE4': 49331, 'OE5': 49331, 'OE6': 49247, 'OE7': 12385, 'OE8': 12385, 'OE9': 12340}"
1551.0,1.0266439464467112,0.0014566643229697509,4840972625.814801,808.7917770035972,"{'OE1': 39346.423193321476, 'OE2': 39346.423193321476, 'OE3': 6665.073988003152, 'OE4': 6665.073988003152, 'OE5': 6665.073988003152, 'OE6': 5439.61235712715, 'OE7': 1243.1694754652965, 'OE8': 1016.8619265940512, 'OE9': 808.7917770035972}","{'OE1': 9.398996344623049, 'OE2': 6.271769935982114, 'OE3': 6.271818058005023, 'OE4': 8.773718848455948, 'OE5': 8.773718848455948, 'OE6': 0.21612668983736627, 'OE7': 6.124300893977155, 'OE8': 2.153432487951042, 'OE9': 0.052340025803188084}","{'OE1': 49353, 'OE2': 49353, 'OE3': 49353, 'OE4': 49353, 'OE5': 49353, 'OE6': 49261, 'OE7': 11261, 'OE8': 11261, 'OE9': 11234}"
1601.0,1.1033827699770882,0.001320802531046251,6169233126.752414,811.6959438511722,"{'OE1': 39336.37488881827, 'OE2': 39336.37488881827, 'OE3': 5940.0498052698, 'OE4': 5940.0498052698, 'OE5': 5940.0498052698, 'OE6': 4851.688290652489, 'OE7': 1249.0894480441793, 'OE8': 1021.9741262500866, 'OE9': 811.6959438511722}","{'OE1': 9.461612401949, 'OE2': 6.277538621676522, 'OE3': 6.2775649632672055, 'OE4': 8.786033554763783, 'OE5': 8.786033554763783, 'OE6': 0.23134640081893887, 'OE7': 5.996702504205585, 'OE8': 2.2004170740352724, 'OE9': 0.05413330474194358}","{'OE1': 49348, 'OE2': 49348, 'OE3': 49348, 'OE4': 49348, 'OE5': 49348, 'OE6': 49281, 'OE7': 12689, 'OE8': 12689, 'OE9': 12646}"
1651.0,1.1633369782271075,0.001411123989999155,7120677355.836294,680.30305231692,"{'OE1': 39315.296202329504, 'OE2': 39315.296202329504, 'OE3': 5298.485500428596, 'OE4': 5298.485500428596, 'OE5': 5298.485500428596, 'OE6': 4326.4671099415855, 'OE7': 1046.326470722142, 'OE8': 856.2147472308598, 'OE9': 680.30305231692}","{'OE1': 9.439327336558371, 'OE2': 6.273489788864963, 'OE3': 6.273498343170802, 'OE4': 8.778720113633756, 'OE5': 8.778720113633756, 'OE6': 0.21407944200847162, 'OE7': 5.98660508291107, 'OE8': 2.156084621284779, 'OE9': 0.04728369346397521}","{'OE1': 49337, 'OE2': 49337, 'OE3': 49337, 'OE4': 49337, 'OE5': 49337, 'OE6': 49248, 'OE7': 11913, 'OE8': 11913, 'OE9': 11878}"
1701.0,1.172364901403398,0.001448381726615602,7802731210.83242,597.3833759340489,"{'OE1': 39310.78726563688, 'OE2': 39310.78726563688, 'OE3': 4740.233978327164, 'OE4': 4740.2339783271655, 'OE5': 4740.2339783271655, 'OE6': 3871.4125964222226, 'OE7': 918.8962193623479, 'OE8': 751.9700752633739, 'OE9': 597.3833759340489}","{'OE1': 9.473078322858902, 'OE2': 6.274744437551459, 'OE3': 6.274684712448634, 'OE4': 8.781463759299108, 'OE5': 8.781463759299108, 'OE6': 0.20402081399520489, 'OE7': 5.7490877485562235, 'OE8': 2.1653483724419313, 'OE9': 0.05320718716922501}","{'OE1': 49355, 'OE2': 49355, 'OE3': 49355, 'OE4': 49355, 'OE5': 49355, 'OE6': 49273, 'OE7': 11696, 'OE8': 11696, 'OE9': 11670}"
1751.0,1.3065073752011358,0.001409406576556291,8418751580.364541,576.316043871513,"{'OE1': 39276.35310044383, 'OE2': 39276.35310044383, 'OE3': 4252.762301201727, 'OE4': 4252.762301201727, 'OE5': 4252.762301201727, 'OE6': 3473.2089269184416, 'OE7': 887.6076526139501, 'OE8': 726.3115034104737, 'OE9': 576.316043871513}","{'OE1': 9.40131444074014, 'OE2': 6.263242963624155, 'OE3': 6.263219496155071, 'OE4': 8.762801631527852, 'OE5': 8.762801631527852, 'OE6': 0.22852759260994587, 'OE7': 5.753451630656627, 'OE8': 2.1121288412929022, 'OE9': 0.053568913158509174}","{'OE1': 49344, 'OE2': 49344, 'OE3': 49344, 'OE4': 49344, 'OE5': 49344, 'OE6': 49265, 'OE7': 12593, 'OE8': 12593, 'OE9': 12555}"
1801.0,1.2899837342624778,0.001432640044810651,8314530702.015853,513.039722688676,"{'OE1': 39237.66878529024, 'OE2': 39237.66878529023, 'OE3': 3830.1384845648704, 'OE4': 3830.1384845648704, 'OE5': 3830.1384845648704, 'OE6': 3127.0201460354106, 'OE7': 790.7939186464351, 'OE8': 646.9606265176569, 'OE9': 513.039722688676}","{'OE1': 9.369888701416714, 'OE2': 6.274871927952347, 'OE3': 6.2749162501449565, 'OE4': 8.778882005134712, 'OE5': 8.778882005134712, 'OE6': 0.20096411848392304, 'OE7': 6.063230709882378, 'OE8': 2.1593055698569374, 'OE9': 0.0482845512066154}","{'OE1': 49337, 'OE2': 49337, 'OE3': 49337, 'OE4': 49337, 'OE5': 49337, 'OE6': 49251, 'OE7': 12458, 'OE8': 12458, 'OE9': 12424}"
1851.0,1.286891901376066,0.001252320910077392,7982165058.77495,528.9505805096746,"{'OE1': 39138.82248873465, 'OE2': 39138.822488734644, 'OE3': 3441.552135961052, 'OE4': 3441.5521359610525, 'OE5': 3441.5521359610525, 'OE6': 2806.8098257229317, 'OE7': 817.585724981506, 'OE8': 668.3639213831469, 'OE9': 528.9505805096746}","{'OE1': 9.448093852037939, 'OE2': 6.263319796513328, 'OE3': 6.263370573999472, 'OE4': 8.764797502434924, 'OE5': 8.764797502434924, 'OE6': 0.21206649084252593, 'OE7': 6.128118984197627, 'OE8': 2.1604596670077214, 'OE9': 0.049444648790182205}","{'OE1': 49290, 'OE2': 49290, 'OE3': 49290, 'OE4': 49290, 'OE5': 49290, 'OE6': 49190, 'OE7': 14331, 'OE8': 14331, 'OE9': 14286}"
1901.0,1.3550201599468892,0.0014729101681572414,7486892597.240016,412.23763414036165,"{'OE1': 39103.15163552191, 'OE2': 39103.15163552191, 'OE3': 3109.631019892322, 'OE4': 3105.0353676352024, 'OE5': 3105.0353676352024, 'OE6': 2532.0111062091996, 'OE7': 639.2445442551237, 'OE8': 522.0720124907547, 'OE9': 412.23763414036165}","{'OE1': 9.469472815746654, 'OE2': 6.277932352680741, 'OE3': 6.277973996270974, 'OE4': 8.857363036940825, 'OE5': 8.857363036940825, 'OE6': 0.2068868328118001, 'OE7': 6.220227641260044, 'OE8': 2.122619212015869, 'OE9': 0.05132865886071883}","{'OE1': 49336, 'OE2': 49336, 'OE3': 49336, 'OE4': 49263, 'OE5': 49263, 'OE6': 49203, 'OE7': 12424, 'OE8': 12424, 'OE9': 12382}"
1951.0,1.5204411165941565,0.0015349280782157187,6755194167.981556,355.97330953137356,"{'OE1': 39049.56733069953, 'OE2': 39049.56733069953, 'OE3': 2819.932632165847, 'OE4': 2802.517304543457, 'OE5': 2802.517304543457, 'OE6': 2281.5572659972586, 'OE7': 553.2198792386052, 'OE8': 451.3114409954558, 'OE9': 355.97330953137356}","{'OE1': 9.416386097794383, 'OE2': 6.2745665904927534, 'OE3': 6.274609254405628, 'OE4': 8.92707708864127, 'OE5': 8.92707708864127, 'OE6': 0.22359478483732798, 'OE7': 6.069515446960597, 'OE8': 2.151384410839743, 'OE9': 0.05322484007392991}","{'OE1': 49372, 'OE2': 49372, 'OE3': 49372, 'OE4': 49067, 'OE5': 49067, 'OE6': 48981, 'OE7': 11878, 'OE8': 11878, 'OE9': 11852}"
2001.0,1.4937399034192822,0.0015136273128004889,5871687574.2123575,328.28537584280855,"{'OE1': 38935.93411399388, 'OE2': 38935.93411399388, 'OE3': 2563.2965066330034, 'OE4': 2526.269826288831, 'OE5': 2526.269826288831, 'OE6': 2054.3253413708935, 'OE7': 512.1301963023479, 'OE8': 417.2589902370044, 'OE9': 328.28537584280855}","{'OE1': 9.416643262982634, 'OE2': 6.276349875885592, 'OE3': 6.276387162816684, 'OE4': 8.816651217470975, 'OE5': 8.816651217470975, 'OE6': 0.21556948876489268, 'OE7': 6.006910176417449, 'OE8': 2.1286156550462954, 'OE9': 0.05182261973480172}","{'OE1': 49345, 'OE2': 49345, 'OE3': 49345, 'OE4': 48632, 'OE5': 48632, 'OE6': 48553, 'OE7': 12108, 'OE8': 12108, 'OE9': 12077}"
2051.0,1.5525688080879263,0.0015088127257907623,4911244709.728435,300.4932489175454,"{'OE1': 38825.12706685533, 'OE2': 38825.12706685533, 'OE3': 2338.3926712005555, 'OE4': 2287.0487074086286, 'OE5': 2287.0487074086286, 'OE6': 1857.8509416699208, 'OE7': 470.5614011415196, 'OE8': 382.98517305419745, 'OE9': 300.4932489175454}","{'OE1': 9.4244116015852, 'OE2': 6.266268274033893, 'OE3': 6.266281586680467, 'OE4': 8.70871896432089, 'OE5': 8.70871896432089, 'OE6': 0.21980515852025073, 'OE7': 5.749662870475866, 'OE8': 2.053895212802007, 'OE9': 0.05312712782802417}","{'OE1': 49314, 'OE2': 49314, 'OE3': 49314, 'OE4': 48231, 'OE5': 48231, 'OE6': 48154, 'OE7': 12199, 'OE8': 12199, 'OE9': 12164}"
2101.0,1.5325881548437792,0.0014612247490487385,3903798694.851587,284.63417274300207,"{'OE1': 38734.943099806165, 'OE2': 38734.943099806165, 'OE3': 2141.4017613591195, 'OE4': 2078.4423413297222, 'OE5': 2078.4423413297222, 'OE6': 1685.6303008217635, 'OE7': 447.9710962463815, 'OE8': 364.1389052048892, 'OE9': 284.63417274300207}","{'OE1': 9.384829719772695, 'OE2': 6.279989231907399, 'OE3': 6.279931952685464, 'OE4': 8.601950800392256, 'OE5': 8.601950800392256, 'OE6': 0.22023734846457477, 'OE7': 6.102713624973644, 'OE8': 2.0262306696469263, 'OE9': 0.04908812780673194}","{'OE1': 49326, 'OE2': 49326, 'OE3': 49326, 'OE4': 47875, 'OE5': 47875, 'OE6': 47782, 'OE7': 12699, 'OE8': 12699, 'OE9': 12652}"
2151.0,1.6762005665259494,0.0014752942430038152,2788864977.0539737,256.1444907635105,"{'OE1': 38594.52837893716, 'OE2': 38594.52837893716, 'OE3': 1954.4867186069446, 'OE4': 1882.3378774770167, 'OE5': 1882.3378774770167, 'OE6': 1524.1396689308933, 'OE7': 405.324647059572, 'OE8': 328.7849477980062, 'OE9': 256.1444907635105}","{'OE1': 9.432518899283238, 'OE2': 6.280188909113452, 'OE3': 6.280180373446273, 'OE4': 8.50438506441417, 'OE5': 8.50438506441417, 'OE6': 0.2083388036613646, 'OE7': 5.736850489923671, 'OE8': 2.0396894563008594, 'OE9': 0.054506631455855326}","{'OE1': 49329, 'OE2': 49329, 'OE3': 49329, 'OE4': 47507, 'OE5': 47507, 'OE6': 47438, 'OE7': 12618, 'OE8': 12618, 'OE9': 12575}"
2201.0,1.7821184715430718,0.0016192269825778761,1541605106.27833,213.56897580131488,"{'OE1': 38440.28312426391, 'OE2': 38440.28312426391, 'OE3': 1788.5831280828086, 'OE4': 1711.3460497137658, 'OE5': 1711.3460497137658, 'OE6': 1382.2527261363175, 'OE7': 339.87661644606845, 'OE8': 275.04932186666974, 'OE9': 213.56897580131488}","{'OE1': 9.383953932106158, 'OE2': 6.257456754222293, 'OE3': 6.257452723200188, 'OE4': 8.406886825261527, 'OE5': 8.406886825261527, 'OE6': 0.21160328285402297, 'OE7': 6.078183386109362, 'OE8': 2.0216364262277384, 'OE9': 0.055352081514705054}","{'OE1': 49337, 'OE2': 49337, 'OE3': 49337, 'OE4': 47205, 'OE5': 47205, 'OE6': 47132, 'OE7': 11593, 'OE8': 11593, 'OE9': 11560}"
2251.0,1.7732534353417577,0.0015331484948962212,592890716.7007703,204.74798120815097,"{'OE1': 38290.67575174004, 'OE2': 38290.67575174004, 'OE3': 1641.6750939807612, 'OE4': 1560.0465273786294, 'OE5': 1560.0465273786294, 'OE6': 1256.6978450746567, 'OE7': 328.855873081367, 'OE8': 265.43350809770783, 'OE9': 204.74798120815097}","{'OE1': 9.438085372108286, 'OE2': 6.2777850176227705, 'OE3': 6.277807186328378, 'OE4': 8.311416727038107, 'OE5': 8.311416727038107, 'OE6': 0.21092038992576478, 'OE7': 6.154499183787914, 'OE8': 2.040299329970543, 'OE9': 0.05523234617013739}","{'OE1': 49376, 'OE2': 49376, 'OE3': 49376, 'OE4': 46919, 'OE5': 46919, 'OE6': 46846, 'OE7': 12261, 'OE8': 12261, 'OE9': 12209}"
2301.0,1.8955848260957282,0.0015857765218220078,511488317.38214236,181.83419126563007,"{'OE1': 38069.48926696266, 'OE2': 38069.48926696266, 'OE3': 1507.9890317821541, 'OE4': 1423.0015453213634, 'OE5': 1423.0015453213634, 'OE6': 1142.6698799693913, 'OE7': 294.34374700636636, 'OE8': 236.88335619561047, 'OE9': 181.83419126563007}","{'OE1': 9.421283031260504, 'OE2': 6.276515083096936, 'OE3': 6.276445337706576, 'OE4': 8.222467974524774, 'OE5': 8.222467974524774, 'OE6': 0.21889355735337052, 'OE7': 5.642312758034695, 'OE8': 1.924467565820958, 'OE9': 0.05202099387312753}","{'OE1': 49351, 'OE2': 49351, 'OE3': 49351, 'OE4': 46568, 'OE5': 46568, 'OE6': 46485, 'OE7': 11977, 'OE8': 11977, 'OE9': 11933}"
2351.0,1.9531454154057428,0.0017631100979661639,562391209.033103,148.26369363527112,"{'OE1': 37842.80131474438, 'OE2': 37842.801314744385, 'OE3': 1388.3378252495577, 'OE4': 1300.9453575613206, 'OE5': 1300.9453575613206, 'OE6': 1041.4773219075596, 'OE7': 242.32647956226756, 'OE8': 194.38494062143167, 'OE9': 148.26369363527112}","{'OE1': 9.415205056241167, 'OE2': 6.280667799468485, 'OE3': 6.2806522059660335, 'OE4': 8.132221682053489, 'OE5': 8.132221682053489, 'OE6': 0.21963284469338185, 'OE7': 6.01253652869323, 'OE8': 1.9503278266023194, 'OE9': 0.048144462406502775}","{'OE1': 49351, 'OE2': 49351, 'OE3': 49351, 'OE4': 46243, 'OE5': 46243, 'OE6': 46173, 'OE7': 10746, 'OE8': 10746, 'OE9': 10704}"
2401.0,1.9709272395243715,0.0016399363908947931,739474783.3250852,146.0613222497559,"{'OE1': 37589.046138685364, 'OE2': 37589.046138685364, 'OE3': 1278.2057448759683, 'OE4': 1190.0110575745994, 'OE5': 1190.0110575745994, 'OE6': 948.5824526567174, 'OE7': 241.19023396002413, 'OE8': 192.72772413362426, 'OE9': 146.0613222497559}","{'OE1': 9.43706945246641, 'OE2': 6.265111336456175, 'OE3': 6.265122319429357, 'OE4': 8.0469609790597, 'OE5': 8.0469609790597, 'OE6': 0.21921740148250413, 'OE7': 6.008155688534766, 'OE8': 1.9288664684479317, 'OE9': 0.04751843603231512}","{'OE1': 49368, 'OE2': 49368, 'OE3': 49368, 'OE4': 45961, 'OE5': 45961, 'OE6': 45874, 'OE7': 11667, 'OE8': 11667, 'OE9': 11631}"
2451.0,1.9063116683582848,0.0014738800882559226,792556193.6287196,144.61257714348739,"{'OE1': 37239.24108177831, 'OE2': 37239.24108177831, 'OE3': 1168.6319439368997, 'OE4': 1081.313023553952, 'OE5': 1081.313023553952, 'OE6': 857.5677941492089, 'OE7': 242.6535291924731, 'OE8': 192.86766212145096, 'OE9': 144.61257714348739}","{'OE1': 9.40898586733261, 'OE2': 6.278616678028401, 'OE3': 6.278654162035114, 'OE4': 7.96704450053625, 'OE5': 7.96704450053625, 'OE6': 0.21622080415886158, 'OE7': 6.083814351805085, 'OE8': 1.9149372555833533, 'OE9': 0.04986347373947139}","{'OE1': 49373, 'OE2': 49373, 'OE3': 49373, 'OE4': 45682, 'OE5': 45682, 'OE6': 45610, 'OE7': 12909, 'OE8': 12909, 'OE9': 12857}"
2501.0,2.117387953585421,0.0016738231151004971,798373169.7205517,115.50716690386727,"{'OE1': 36799.05695538334, 'OE2': 36799.05695538334, 'OE3': 1067.9752539292724, 'OE4': 981.419874064552, 'OE5': 981.419874064552, 'OE6': 773.6515813231523, 'OE7': 196.96616391358538, 'OE8': 155.62886048646416, 'OE9': 115.50716690386727}","{'OE1': 9.454838193536096, 'OE2': 6.276971254947611, 'OE3': 6.276976442562207, 'OE4': 7.886512626310932, 'OE5': 7.886512626310932, 'OE6': 0.2272198988146898, 'OE7': 6.1671749146951615, 'OE8': 1.852894579263059, 'OE9': 0.05757422841623111}","{'OE1': 49322, 'OE2': 49322, 'OE3': 49322, 'OE4': 45323, 'OE5': 45323, 'OE6': 45249, 'OE7': 11525, 'OE8': 11525, 'OE9': 11489}"
2551.0,2.1048956396157337,0.0016002643580045634,772999389.6687698,108.58543009580377,"{'OE1': 36334.31720741036, 'OE2': 36334.31720741036, 'OE3': 977.1139861453235, 'OE4': 892.8624577382977, 'OE5': 892.8624577382977, 'OE6': 699.282714829468, 'OE7': 188.83138347147064, 'OE8': 148.21618902902264, 'OE9': 108.58543009580377}","{'OE1': 9.411988695490345, 'OE2': 6.275824419523449, 'OE3': 6.275766561799009, 'OE4': 7.807959766599913, 'OE5': 7.807959766599913, 'OE6': 0.22101577531390904, 'OE7': 6.057623857626886, 'OE8': 1.9169035692439005, 'OE9': 0.05248539757285467}","{'OE1': 49315, 'OE2': 49315, 'OE3': 49315, 'OE4': 45061, 'OE5': 45061, 'OE6': 44997, 'OE7': 12155, 'OE8': 12155, 'OE9': 12123}"
2601.0,2.2466284499896574,0.0016806914904179259,692651558.7758758,90.15602234401449,"{'OE1': 35822.95323659903, 'OE2': 35822.95323659903, 'OE3': 894.3235423020232, 'OE4': 813.5231574487827, 'OE5': 813.5231574487827, 'OE6': 632.152244259062, 'OE7': 160.72629895455194, 'OE8': 125.2212534724711, 'OE9': 90.15602234401449}","{'OE1': 9.458173327928378, 'OE2': 6.278696037166218, 'OE3': 6.278696738558434, 'OE4': 7.732850853626896, 'OE5': 7.732850853626896, 'OE6': 0.20951214186891834, 'OE7': 6.173807630643067, 'OE8': 1.8182139978947198, 'OE9': 0.05306984711369413}","{'OE1': 49342, 'OE2': 49342, 'OE3': 49342, 'OE4': 44883, 'OE5': 44883, 'OE6': 44807, 'OE7': 11397, 'OE8': 11397, 'OE9': 11348}"
2651.0,2.271329012713977,0.0016365970158836417,607841134.6300673,81.20124519680527,"{'OE1': 35105.52462019248, 'OE2': 35105.52462019248, 'OE3': 807.5300937172348, 'OE4': 731.0679670810463, 'OE5': 731.0679670810463, 'OE6': 562.1567050852309, 'OE7': 149.34766137262034, 'OE8': 115.16218079009161, 'OE9': 81.20124519680527}","{'OE1': 9.430791946930583, 'OE2': 6.140138684619398, 'OE3': 6.140177380582872, 'OE4': 7.659382359200779, 'OE5': 7.659382359200779, 'OE6': 0.21446088891476012, 'OE7': 6.074265757945717, 'OE8': 1.83612028368496, 'OE9': 0.04692156477426393}","{'OE1': 49357, 'OE2': 49357, 'OE3': 49357, 'OE4': 44682, 'OE5': 44682, 'OE6': 44607, 'OE7': 11856, 'OE8': 11856, 'OE9': 11818}"
2701.0,2.24491104452909,0.001724396162247311,480595295.48403454,65.92287741420367,"{'OE1': 34168.05187265902, 'OE2': 34168.05187265902, 'OE3': 723.1305527224463, 'OE4': 651.3820927370931, 'OE5': 651.3820927370931, 'OE6': 494.31536913564463, 'OE7': 126.32055898797395, 'OE8': 96.19266027630424, 'OE9': 65.92287741420367}","{'OE1': 9.397289607861097, 'OE2': 6.147348090106911, 'OE3': 6.147412514446319, 'OE4': 7.590474051360132, 'OE5': 7.590474051360132, 'OE6': 0.2202843845163191, 'OE7': 6.1069981907860935, 'OE8': 1.8285994157611019, 'OE9': 0.05118123508537564}","{'OE1': 49322, 'OE2': 49322, 'OE3': 49322, 'OE4': 44427, 'OE5': 44427, 'OE6': 44335, 'OE7': 11334, 'OE8': 11334, 'OE9': 11301}"
2751.0,2.4110918707087876,0.0017408667733478384,372245684.9883881,54.56671908421519,"{'OE1': 33039.077410741615, 'OE2': 33039.077410741615, 'OE3': 644.3589003783472, 'OE4': 578.1844848687618, 'OE5': 578.1844848687618, 'OE6': 432.55533050706094, 'OE7': 110.17275873998653, 'OE8': 82.68414879914218, 'OE9': 54.56671908421519}","{'OE1': 9.366168064634754, 'OE2': 6.004289957346178, 'OE3': 6.004225699376093, 'OE4': 7.519636785609505, 'OE5': 7.519636785609505, 'OE6': 0.21586938513758241, 'OE7': 6.105894119814547, 'OE8': 1.8124513962331423, 'OE9': 0.05082686096616898}","{'OE1': 49307, 'OE2': 49307, 'OE3': 49307, 'OE4': 44241, 'OE5': 44241, 'OE6': 44176, 'OE7': 11260, 'OE8': 11260, 'OE9': 11217}"
2801.0,2.5123060492314835,0.0016462341348453056,308642453.1395363,43.831931322694714,"{'OE1': 31257.598576206907, 'OE2': 31257.598576206907, 'OE3': 551.046374080197, 'OE4': 490.88258887782945, 'OE5': 490.88258887782945, 'OE6': 358.43483096941094, 'OE7': 96.54134997591783, 'OE8': 70.78616302912508, 'OE9': 43.831931322694714}","{'OE1': 9.448300968331383, 'OE2': 5.8800585643309145, 'OE3': 5.880020419731144, 'OE4': 7.450568701399173, 'OE5': 7.450568701399173, 'OE6': 0.20433742909953523, 'OE7': 6.005559389807479, 'OE8': 1.7966324228716568, 'OE9': 0.048316180570021044}","{'OE1': 49348, 'OE2': 49348, 'OE3': 49348, 'OE4': 43958, 'OE5': 43958, 'OE6': 43881, 'OE7': 11828, 'OE8': 11828, 'OE9': 11794}"
2851.0,2.5737949272461265,0.0016994249205276016,236244271.5901533,30.425971828806187,"{'OE1': 28705.962991511205, 'OE2': 28705.962991511205, 'OE3': 456.5961932684452, 'OE4': 405.3537995582064, 'OE5': 405.3537995582064, 'OE6': 287.0861032719767, 'OE7': 76.00456004244946, 'OE8': 54.08601623722278, 'OE9': 30.425971828806187}","{'OE1': 9.443209278810837, 'OE2': 6.008969754248115, 'OE3': 6.009047333488466, 'OE4': 7.3871466179122125, 'OE5': 7.3871466179122125, 'OE6': 0.22297360338696792, 'OE7': 6.077015286090008, 'OE8': 1.811185666571549, 'OE9': 0.050620177699972}","{'OE1': 49304, 'OE2': 49304, 'OE3': 49304, 'OE4': 43771, 'OE5': 43771, 'OE6': 43718, 'OE7': 11582, 'OE8': 11582, 'OE9': 11544}"
2901.0,2.6002663759632014,0.0017860909831163953,133134870.19291903,15.997495283186447,"{'OE1': 24090.093373294436, 'OE2': 24090.093373294436, 'OE3': 335.1168147961227, 'OE4': 295.98189728753033, 'OE5': 295.98189728753033, 'OE6': 198.1413319776667, 'OE7': 50.234306565235, 'OE8': 33.88282660234168, 'OE9': 15.997495283186447}","{'OE1': 9.411517314551345, 'OE2': 6.006873075507508, 'OE3': 6.006902154497105, 'OE4': 7.3223952059393245, 'OE5': 7.3223952059393245, 'OE6': 0.22142642591790093, 'OE7': 5.999599215064563, 'OE8': 1.788372058829021, 'OE9': 0.04704818445793091}","{'OE1': 49399, 'OE2': 49399, 'OE3': 49399, 'OE4': 43632, 'OE5': 43632, 'OE6': 43573, 'OE7': 11058, 'OE8': 11058, 'OE9': 11026}"
2951.0,2.4240007460753077,0.0016921163297133426,38477830.60846721,4.8489555756687075,"{'OE1': 15676.238605011438, 'OE2': 15676.238605011438, 'OE3': 178.95282549950645, 'OE4': 157.2632828331866, 'OE5': 157.2632828331866, 'OE6': 92.03848228866835, 'OE7': 24.96339987491846, 'OE8': 14.838036340958952, 'OE9': 4.8489555756687075}","{'OE1': 9.39068535132308, 'OE2': 6.017314823769604, 'OE3': 6.017252474003194, 'OE4': 7.259623026001346, 'OE5': 7.259623026001346, 'OE6': 0.20648814087574505, 'OE7': 6.059958345778041, 'OE8': 1.734301879468207, 'OE9': 0.053725186347378884}","{'OE1': 49376, 'OE2': 49376, 'OE3': 49376, 'OE4': 43391, 'OE5': 43391, 'OE6': 43327, 'OE7': 11790, 'OE8': 11790, 'OE9': 11743}"
3001.0,2.59650065383903,0.001726497261040144,3052610.666022422,0.38327287578773905,"{'OE1': 7653.124415627372, 'OE2': 7653.124415627372, 'OE3': 66.89281661037542, 'OE4': 58.54691424361015, 'OE5': 58.54691424361015, 'OE6': 20.268536038333863, 'OE7': 6.065609374435441, 'OE8': 2.354841689695904, 'OE9': 0.38327287578773905}","{'OE1': 9.457997302313862, 'OE2': 5.738832243843693, 'OE3': 5.738843568246757, 'OE4': 7.19954289165598, 'OE5': 7.19954289165598, 'OE6': 0.23424981233215791, 'OE7': 6.158300769379476, 'OE8': 1.7125768602548785, 'OE9': 0.054020865613209415}","{'OE1': 49337, 'OE2': 49337, 'OE3': 49337, 'OE4': 43190, 'OE5': 43190, 'OE6': 43130, 'OE7': 11591, 'OE8': 11591, 'OE9': 11548}"
3051.0,2.67453952658434,0.0016831489836972413,1392794.4384567158,0.18516896074443176,"{'OE1': 7567.683921298211, 'OE2': 7567.683921298211, 'OE3': 81.36149230245704, 'OE4': 70.84885858076684, 'OE5': 70.84885858076684, 'OE6': 17.629322318692257, 'OE7': 4.835213966185623, 'OE8': 1.2065274640213555, 'OE9': 0.18516896074443176}","{'OE1': 9.423492787340354, 'OE2': 5.7397621397645, 'OE3': 5.739879386610324, 'OE4': 7.140126924616071, 'OE5': 7.140126924616071, 'OE6': 0.22351910971599415, 'OE7': 6.068287207116011, 'OE8': 1.6980306162592256, 'OE9': 0.05092000827713529}","{'OE1': 49376, 'OE2': 49376, 'OE3': 49376, 'OE4': 42996, 'OE5': 42996, 'OE6': 42939, 'OE7': 11826, 'OE8': 11826, 'OE9': 11787}"
3101.0,2.8189369674714726,0.0018935093785826197,1799092.7028488168,0.22475914793809965,"{'OE1': 8003.509573850207, 'OE2': 8003.509573850207, 'OE3': 90.89931610662198, 'OE4': 78.89559699655845, 'OE5': 78.89559699655845, 'OE6': 20.931734509516637, 'OE7': 5.214629689600105, 'OE8': 1.3892825750195286, 'OE9': 0.22475914793809965}","{'OE1': 9.403238400451388, 'OE2': 5.608149858257121, 'OE3': 5.608215651758552, 'OE4': 7.082455043081497, 'OE5': 7.082455043081497, 'OE6': 0.2280407478784936, 'OE7': 6.153771409349, 'OE8': 1.642013731256697, 'OE9': 0.04841272580439614}","{'OE1': 49382, 'OE2': 49382, 'OE3': 49382, 'OE4': 42862, 'OE5': 42862, 'OE6': 42795, 'OE7': 10684, 'OE8': 10684, 'OE9': 10647}"
3151.0,2.7999158750276365,0.0018290865562469525,817521.7710805783,0.11413966790596927,"{'OE1': 6883.778328230216, 'OE2': 6883.778328230216, 'OE3': 80.44466657043456, 'OE4': 69.64151568819176, 'OE5': 69.64151568819176, 'OE6': 15.239247505074054, 'OE7': 3.8515295276683745, 'OE8': 0.8278619455844859, 'OE9': 0.11413966790596927}","{'OE1': 9.426828491721507, 'OE2': 5.476044042445629, 'OE3': 5.47612122947873, 'OE4': 7.026490629670304, 'OE5': 7.026490629670304, 'OE6': 0.22615349723933337, 'OE7': 6.068321975062414, 'OE8': 1.6353544219572638, 'OE9': 0.050167769226631825}","{'OE1': 49348, 'OE2': 49348, 'OE3': 49348, 'OE4': 42720, 'OE5': 42720, 'OE6': 42661, 'OE7': 11086, 'OE8': 11086, 'OE9': 11039}"
3201.0,3.004499103280523,0.001879414339426089,1248142.486821141,0.17963301204090554,"{'OE1': 7509.746018794077, 'OE2': 7509.746018794077, 'OE3': 96.33170168748448, 'OE4': 82.96801162505153, 'OE5': 82.96801162505153, 'OE6': 19.672833526118335, 'OE7': 4.983749198682673, 'OE8': 1.1853481435692141, 'OE9': 0.17963301204090554}","{'OE1': 9.490734249904378, 'OE2': 5.739907394262946, 'OE3': 5.739998959264069, 'OE4': 6.971327620532579, 'OE5': 6.971327620532579, 'OE6': 0.2175191635100875, 'OE7': 6.119418943905865, 'OE8': 1.617972384216297, 'OE9': 0.04853771838235957}","{'OE1': 49310, 'OE2': 49310, 'OE3': 49310, 'OE4': 42470, 'OE5': 42470, 'OE6': 42406, 'OE7': 10761, 'OE8': 10761, 'OE9': 10714}"
3251.0,2.9282788020645967,0.0018979663823166279,1680463.9031707407,0.24733963787515778,"{'OE1': 8017.026152080981, 'OE2': 8017.026152080981, 'OE3': 109.30409951276991, 'OE4': 93.77916998905273, 'OE5': 93.77916998905273, 'OE6': 23.83032264147814, 'OE7': 5.977327206541885, 'OE8': 1.5246764579884355, 'OE9': 0.24733963787515778}","{'OE1': 9.386920217164556, 'OE2': 5.735142836333095, 'OE3': 5.735207395637132, 'OE4': 6.918395811994229, 'OE5': 6.918395811994229, 'OE6': 0.2044369141816823, 'OE7': 6.1416753309028245, 'OE8': 1.6575536637126658, 'OE9': 0.04931224792447364}","{'OE1': 49345, 'OE2': 49345, 'OE3': 49345, 'OE4': 42336, 'OE5': 42336, 'OE6': 42267, 'OE7': 10627, 'OE8': 10627, 'OE9': 10597}"
3301.0,2.957855600210223,0.0018825231165293709,1681475.7652361612,0.25974405422793945,"{'OE1': 7993.258180067266, 'OE2': 7993.258180067266, 'OE3': 110.3111719532522, 'OE4': 94.37699869191005, 'OE5': 94.37699869191005, 'OE6': 24.294078603521644, 'OE7': 6.212657051368037, 'OE8': 1.6053876051004154, 'OE9': 0.25974405422793945}","{'OE1': 9.444187760442322, 'OE2': 5.736771852058374, 'OE3': 5.736833685384022, 'OE4': 6.86425629733285, 'OE5': 6.86425629733285, 'OE6': 0.20470917627447902, 'OE7': 6.058251605126394, 'OE8': 1.6445540817186255, 'OE9': 0.05187404953818399}","{'OE1': 49317, 'OE2': 49317, 'OE3': 49317, 'OE4': 42194, 'OE5': 42194, 'OE6': 42120, 'OE7': 10798, 'OE8': 10798, 'OE9': 10765}"
3351.0,3.159246042470386,0.001849170047613591,1340648.6259458498,0.22500990936631943,"{'OE1': 7633.293625823534, 'OE2': 7633.293625823534, 'OE3': 103.44693783856671, 'OE4': 88.21147320895523, 'OE5': 88.21147320895523, 'OE6': 22.173757289248325, 'OE7': 5.784346400869622, 'OE8': 1.4590123740942778, 'OE9': 0.22500990936631943}","{'OE1': 9.402415474856486, 'OE2': 5.336157142900451, 'OE3': 5.33612469197676, 'OE4': 6.812856868818791, 'OE5': 6.812856868818791, 'OE6': 0.21451702722767074, 'OE7': 5.973904223264006, 'OE8': 1.5959877443510213, 'OE9': 0.05481235463017799}","{'OE1': 49326, 'OE2': 49326, 'OE3': 49326, 'OE4': 42062, 'OE5': 42062, 'OE6': 41993, 'OE7': 10975, 'OE8': 10975, 'OE9': 10934}"
3401.0,2.936124636033128,0.0018100771828867019,1082931.041084916,0.20189478865717542,"{'OE1': 7278.763187564674, 'OE2': 7278.763187564674, 'OE3': 97.02070668952673, 'OE4': 82.4815114644621, 'OE5': 82.4815114644621, 'OE6': 20.235421721318968, 'OE7': 5.5554117481265965, 'OE8': 1.366443891508323, 'OE9': 0.20189478865717542}","{'OE1': 9.395049826575743, 'OE2': 5.337643459600052, 'OE3': 5.337526634714251, 'OE4': 6.763001390710384, 'OE5': 6.763001390710384, 'OE6': 0.21259788386917022, 'OE7': 6.100589206186108, 'OE8': 1.6235950190689075, 'OE9': 0.0487483821546896}","{'OE1': 49292, 'OE2': 49292, 'OE3': 49292, 'OE4': 41906, 'OE5': 41906, 'OE6': 41853, 'OE7': 11528, 'OE8': 11528, 'OE9': 11489}"
3451.0,3.1906355943137896,0.0018535265281067266,941108.7115093649,0.18635397012577143,"{'OE1': 7186.700763291551, 'OE2': 7186.700763291551, 'OE3': 101.52850909054212, 'OE4': 86.08490667355817, 'OE5': 86.08490667355817, 'OE6': 20.350971123608105, 'OE7': 5.396342227383021, 'OE8': 1.278852422013606, 'OE9': 0.18635397012577143}","{'OE1': 9.471404010238361, 'OE2': 5.3339702129253475, 'OE3': 5.333871478602337, 'OE4': 6.7157115628686155, 'OE5': 6.7157115628686155, 'OE6': 0.2219189901514912, 'OE7': 6.106581490390644, 'OE8': 1.6126543426756275, 'OE9': 0.051144910931461895}","{'OE1': 49343, 'OE2': 49343, 'OE3': 49343, 'OE4': 41838, 'OE5': 41838, 'OE6': 41790, 'OE7': 11120, 'OE8': 11120, 'OE9': 11079}"
3501.0,3.1182063119035774,0.0018430867943676256,947329.9524425226,0.19965161891229535,"{'OE1': 7198.868092636078, 'OE2': 7198.868092636076, 'OE3': 103.46405199779942, 'OE4': 87.49571349814019, 'OE5': 87.49571349814019, 'OE6': 21.00266599866077, 'OE7': 5.689968340857055, 'OE8': 1.3699734879341505, 'OE9': 0.19965161891229535}","{'OE1': 9.422625579571893, 'OE2': 5.335393737024798, 'OE3': 5.335401331819405, 'OE4': 6.666359125722215, 'OE5': 6.666359125722215, 'OE6': 0.22330335367135007, 'OE7': 6.068689901430888, 'OE8': 1.6081974944879962, 'OE9': 0.04997232287208539}","{'OE1': 49360, 'OE2': 49360, 'OE3': 49360, 'OE4': 41743, 'OE5': 41743, 'OE6': 41676, 'OE7': 11322, 'OE8': 11322, 'OE9': 11282}"
3551.0,3.340437288628891,0.001801019796363938,872428.6933290184,0.19832192972830492,"{'OE1': 7067.103691892243, 'OE2': 7067.103691892243, 'OE3': 102.02548613599615, 'OE4': 85.9079086477109, 'OE5': 85.9079086477109, 'OE6': 20.612970338034017, 'OE7': 5.758712851679962, 'OE8': 1.3852619897518745, 'OE9': 0.19832192972830492}","{'OE1': 9.405938917014161, 'OE2': 5.340052343798973, 'OE3': 5.340029983151773, 'OE4': 6.618830400146945, 'OE5': 6.618830400146945, 'OE6': 0.21765416261108217, 'OE7': 6.0691167581153564, 'OE8': 1.6215052412773525, 'OE9': 0.048484412702871627}","{'OE1': 49328, 'OE2': 49328, 'OE3': 49328, 'OE4': 41536, 'OE5': 41536, 'OE6': 41484, 'OE7': 11613, 'OE8': 11613, 'OE9': 11579}"
3601.0,3.7193679923611853,0.0018998661369286282,715677.8950716612,0.16692187813785997,"{'OE1': 6815.325459518206, 'OE2': 6815.325459518206, 'OE3': 97.62849976013601, 'OE4': 82.02478953731166, 'OE5': 82.02478953731166, 'OE6': 19.314912801634843, 'OE7': 5.108115454431811, 'OE8': 1.2065900354656476, 'OE9': 0.16692187813785997}","{'OE1': 9.420099526958602, 'OE2': 5.208323403607718, 'OE3': 5.208279591666511, 'OE4': 6.573533415654325, 'OE5': 6.573533415654325, 'OE6': 0.21665629421145666, 'OE7': 6.16608846315267, 'OE8': 1.612993121281972, 'OE9': 0.04991924039293043}","{'OE1': 49355, 'OE2': 49355, 'OE3': 49355, 'OE4': 41467, 'OE5': 41467, 'OE6': 41382, 'OE7': 10981, 'OE8': 10981, 'OE9': 10940}"
3651.0,3.5028179460118736,0.001882393796904767,582078.8342520024,0.1491440422948887,"{'OE1': 6548.776732272518, 'OE2': 6548.776732272518, 'OE3': 92.99162009605226, 'OE4': 77.86623148754354, 'OE5': 77.86623148754354, 'OE6': 17.965741457654143, 'OE7': 4.851824702911129, 'OE8': 1.1213254413102556, 'OE9': 0.1491440422948887}","{'OE1': 9.438528748968492, 'OE2': 5.2141591294742895, 'OE3': 5.21407907471678, 'OE4': 6.529543470208109, 'OE5': 6.529543470208109, 'OE6': 0.22789068559332243, 'OE7': 6.22836791456171, 'OE8': 1.595406905816096, 'OE9': 0.0520151772310537}","{'OE1': 49364, 'OE2': 49364, 'OE3': 49364, 'OE4': 41335, 'OE5': 41335, 'OE6': 41269, 'OE7': 11184, 'OE8': 11184, 'OE9': 11152}"
3701.0,3.505890197478493,0.001978576175737676,458904.52514522016,0.1218055423608562,"{'OE1': 6257.399000165147, 'OE2': 6257.399000165147, 'OE3': 87.91813083658478, 'OE4': 73.41294808248907, 'OE5': 73.41294808248907, 'OE6': 16.50696071626332, 'OE7': 4.262803408658544, 'OE8': 0.9590660576412011, 'OE9': 0.1218055423608562}","{'OE1': 9.429847886959807, 'OE2': 5.20573394060611, 'OE3': 5.2056712911466345, 'OE4': 6.484541613837066, 'OE5': 6.484541613837066, 'OE6': 0.2278010680299717, 'OE7': 5.983911544230768, 'OE8': 1.5900648248829148, 'OE9': 0.049503980196837494}","{'OE1': 49305, 'OE2': 49305, 'OE3': 49305, 'OE4': 41173, 'OE5': 41173, 'OE6': 41113, 'OE7': 10645, 'OE8': 10645, 'OE9': 10613}"
3751.0,3.626839720001499,0.0018924695706225099,341753.7703382164,0.10306460682140071,"{'OE1': 5932.840870320512, 'OE2': 5932.840870320512, 'OE3': 82.00101036984307, 'OE4': 68.30217896485784, 'OE5': 68.30217896485784, 'OE6': 14.806203569014356, 'OE7': 3.949294861162718, 'OE8': 0.8557466712045397, 'OE9': 0.10306460682140071}","{'OE1': 9.400018158774092, 'OE2': 5.189300818483797, 'OE3': 5.189247787401591, 'OE4': 6.439809356191211, 'OE5': 6.439809356191211, 'OE6': 0.23644417450658428, 'OE7': 6.033597911959859, 'OE8': 1.5660831153390806, 'OE9': 0.049490872701419414}","{'OE1': 49345, 'OE2': 49345, 'OE3': 49345, 'OE4': 41104, 'OE5': 41104, 'OE6': 41046, 'OE7': 10983, 'OE8': 10983, 'OE9': 10949}"
3801.0,3.791352909703619,0.001904475895912254,264825.8559246663,0.08586679476551957,"{'OE1': 5613.360732640256, 'OE2': 5613.360732640256, 'OE3': 76.36466273476846, 'OE4': 63.43548884338861, 'OE5': 63.43548884338861, 'OE6': 13.228589121958308, 'OE7': 3.6167555344814053, 'OE8': 0.7529872317487731, 'OE9': 0.08586679476551957}","{'OE1': 9.413164054394462, 'OE2': 5.079271173435749, 'OE3': 5.079283000008345, 'OE4': 6.395831500570135, 'OE5': 6.395831500570135, 'OE6': 0.21149222681593827, 'OE7': 6.055948806095854, 'OE8': 1.5583465731791661, 'OE9': 0.049311859922321954}","{'OE1': 49303, 'OE2': 49303, 'OE3': 49303, 'OE4': 40957, 'OE5': 40957, 'OE6': 40895, 'OE7': 11220, 'OE8': 11220, 'OE9': 11179}"
3851.0,3.9442214159598734,0.0020048122451967465,199891.56175861912,0.06611353841649867,"{'OE1': 5309.703129809283, 'OE2': 5309.703129809283, 'OE3': 71.02045697814484, 'OE4': 58.94150337469946, 'OE5': 58.94150337469946, 'OE6': 11.768882729425835, 'OE7': 3.0822965886918103, 'OE8': 0.6137097460384549, 'OE9': 0.06611353841649867}","{'OE1': 9.427335061666078, 'OE2': 5.206591184579373, 'OE3': 5.206546848001681, 'OE4': 6.355819207680822, 'OE5': 6.355819207680822, 'OE6': 0.21934870232163173, 'OE7': 6.177028303168049, 'OE8': 1.556977499922328, 'OE9': 0.052558546055187436}","{'OE1': 49368, 'OE2': 49368, 'OE3': 49368, 'OE4': 40974, 'OE5': 40974, 'OE6': 40915, 'OE7': 10754, 'OE8': 10754, 'OE9': 10716}"
3901.0,3.7114143218350364,0.0019935324608531197,147690.44153341977,0.052373242666882217,"{'OE1': 4988.280582619704, 'OE2': 4988.280582619704, 'OE3': 65.40124212515364, 'OE4': 54.13374371553265, 'OE5': 54.13374371553265, 'OE6': 10.276820087456104, 'OE7': 2.7343396636902533, 'OE8': 0.5168427213046205, 'OE9': 0.052373242666882217}","{'OE1': 9.459267015072301, 'OE2': 5.194528511820469, 'OE3': 5.1944798759727595, 'OE4': 6.316285301933256, 'OE5': 6.316285301933256, 'OE6': 0.21037346694652487, 'OE7': 6.1276739777939895, 'OE8': 1.509846799738928, 'OE9': 0.04970281346326634}","{'OE1': 49341, 'OE2': 49341, 'OE3': 49341, 'OE4': 40842, 'OE5': 40842, 'OE6': 40782, 'OE7': 10900, 'OE8': 10900, 'OE9': 10858}"
3951.0,4.081913834029365,0.0021309238178526028,108249.75220830218,0.037907971325458645,"{'OE1': 4689.920588187037, 'OE2': 4689.920588187037, 'OE3': 60.305543190967, 'OE4': 49.773741065784364, 'OE5': 49.773741065784364, 'OE6': 8.96749669158012, 'OE7': 2.219656938047505, 'OE8': 0.3974885244818912, 'OE9': 0.037907971325458645}","{'OE1': 9.418292357725571, 'OE2': 4.793746782936818, 'OE3': 4.793730692207221, 'OE4': 6.27615303443733, 'OE5': 6.27615303443733, 'OE6': 0.22356008809711436, 'OE7': 6.145025152842298, 'OE8': 1.506054426434698, 'OE9': 0.05314699417450641}","{'OE1': 49332, 'OE2': 49332, 'OE3': 49332, 'OE4': 40717, 'OE5': 40717, 'OE6': 40665, 'OE7': 10129, 'OE8': 10129, 'OE9': 10075}"
4001.0,4.148464198669899,0.001921664731729783,80714.55183516123,0.0326564551137762,"{'OE1': 4409.095639474067, 'OE2': 4409.095639474067, 'OE3': 55.582640534618726, 'OE4': 45.77889637234866, 'OE5': 45.77889637234866, 'OE6': 7.801783562926681, 'OE7': 2.154011410004959, 'OE8': 0.3643933945466796, 'OE9': 0.0326564551137762}","{'OE1': 9.424265967197185, 'OE2': 4.935695947782394, 'OE3': 4.935673509945168, 'OE4': 6.234815274063019, 'OE5': 6.234815274063019, 'OE6': 0.21869891789640594, 'OE7': 6.186177124588315, 'OE8': 1.460120501815394, 'OE9': 0.0517106165702948}","{'OE1': 49349, 'OE2': 49349, 'OE3': 49349, 'OE4': 40646, 'OE5': 40646, 'OE6': 40587, 'OE7': 11261, 'OE8': 11261, 'OE9': 11226}"
4051.0,4.009126244811341,0.0020129004194801713,60210.085505031595,0.02387802558300685,"{'OE1': 4130.5040082863425, 'OE2': 4130.504008286343, 'OE3': 50.92691756760453, 'OE4': 41.83386590318044, 'OE5': 41.83386590318044, 'OE6': 6.7105708383923925, 'OE7': 1.7936196372826703, 'OE8': 0.285112806421534, 'OE9': 0.02387802558300685}","{'OE1': 9.394663241366322, 'OE2': 4.796535914333939, 'OE3': 4.796503430887062, 'OE4': 6.197077700963652, 'OE5': 6.197077700963652, 'OE6': 0.2251942820828709, 'OE7': 6.037802847296142, 'OE8': 1.4875933902258154, 'OE9': 0.05337530974126792}","{'OE1': 49342, 'OE2': 49342, 'OE3': 49342, 'OE4': 40533, 'OE5': 40533, 'OE6': 40472, 'OE7': 10868, 'OE8': 10868, 'OE9': 10824}"
4101.0,4.337686545265569,0.0020258690296864985,45059.80944181386,0.01795170736073634,"{'OE1': 3873.0899507111385, 'OE2': 3873.0899507111385, 'OE3': 46.72904813200031, 'OE4': 38.31896488071979, 'OE5': 38.31896488071979, 'OE6': 5.779679856677389, 'OE7': 1.5332969381062822, 'OE8': 0.22878169857895359, 'OE9': 0.01795170736073634}","{'OE1': 9.400925315339624, 'OE2': 4.8034166379318215, 'OE3': 4.803408470626701, 'OE4': 6.158919183708087, 'OE5': 6.158919183708087, 'OE6': 0.22204449780054147, 'OE7': 6.118527032331134, 'OE8': 1.4743851285971776, 'OE9': 0.04777385402961995}","{'OE1': 49333, 'OE2': 49333, 'OE3': 49333, 'OE4': 40455, 'OE5': 40455, 'OE6': 40404, 'OE7': 10764, 'OE8': 10764, 'OE9': 10726}"
4151.0,4.23296224776368,0.002044855477038939,34853.838977009924,0.013701163027214792,"{'OE1': 3636.1991141170956, 'OE2': 3636.1991141170956, 'OE3': 42.947553726208966, 'OE4': 35.17197459856808, 'OE5': 35.17197459856808, 'OE6': 4.980470586256989, 'OE7': 1.3291325885103897, 'OE8': 0.18604629715470916, 'OE9': 0.013701163027214792}","{'OE1': 9.350281411897095, 'OE2': 4.802934955856667, 'OE3': 4.802860124468221, 'OE4': 6.122535188999962, 'OE5': 6.122535188999962, 'OE6': 0.22456986735818585, 'OE7': 6.187306907500478, 'OE8': 1.4324585485669732, 'OE9': 0.05107472154854652}","{'OE1': 49338, 'OE2': 49338, 'OE3': 49338, 'OE4': 40408, 'OE5': 40408, 'OE6': 40352, 'OE7': 10814, 'OE8': 10814, 'OE9': 10775}"
4201.0,4.350751708618191,0.0020384168793465556,26514.58891776307,0.01027876817287066,"{'OE1': 3407.7673030717924, 'OE2': 3407.7673030717924, 'OE3': 39.35401281130678, 'OE4': 32.141866984392294, 'OE5': 32.141866984392294, 'OE6': 4.260880820105535, 'OE7': 1.1371002272806894, 'OE8': 0.14887099535147424, 'OE9': 0.01027876817287066}","{'OE1': 9.442867670177861, 'OE2': 4.933938884251441, 'OE3': 4.933973575060421, 'OE4': 6.085516560723422, 'OE5': 6.085516560723422, 'OE6': 0.21648749726548788, 'OE7': 6.145599187955748, 'OE8': 1.4305775592000152, 'OE9': 0.05137646312499383}","{'OE1': 49315, 'OE2': 49315, 'OE3': 49315, 'OE4': 40279, 'OE5': 40279, 'OE6': 40219, 'OE7': 10781, 'OE8': 10781, 'OE9': 10743}"
4251.0,4.444867352292931,0.00210231735848978,20142.659773963253,0.007390823863846864,"{'OE1': 3198.0208648652774, 'OE2': 3198.0208648652774, 'OE3': 36.09667368732034, 'OE4': 29.4165372756934, 'OE5': 29.4165372756934, 'OE6': 3.6460725806709853, 'OE7': 0.9347397255699218, 'OE8': 0.11434287855089453, 'OE9': 0.007390823863846864}","{'OE1': 9.39279604677008, 'OE2': 4.798861908189478, 'OE3': 4.798887707117752, 'OE4': 6.048653834216665, 'OE5': 6.048653834216665, 'OE6': 0.2215641937637844, 'OE7': 6.162053277024214, 'OE8': 1.4204712936400763, 'OE9': 0.049870387772528973}","{'OE1': 49355, 'OE2': 49355, 'OE3': 49355, 'OE4': 40224, 'OE5': 40224, 'OE6': 40163, 'OE7': 10339, 'OE8': 10339, 'OE9': 10297}"
4301.0,4.355385648406809,0.002029164326706348,15803.958395181726,0.005889803461007757,"{'OE1': 3001.2816942416657, 'OE2': 3001.2816942416657, 'OE3': 33.125910510838146, 'OE4': 26.9691926775616, 'OE5': 26.9691926775616, 'OE6': 3.126677946412589, 'OE7': 0.84602445415219, 'OE8': 0.09674080838462366, 'OE9': 0.005889803461007757}","{'OE1': 9.437383027089865, 'OE2': 4.8035561400027404, 'OE3': 4.803516554014877, 'OE4': 6.013892348820567, 'OE5': 6.013892348820567, 'OE6': 0.21437246123445175, 'OE7': 6.186161838370823, 'OE8': 1.4083031887696826, 'OE9': 0.050632921553568355}","{'OE1': 49333, 'OE2': 49333, 'OE3': 49333, 'OE4': 40166, 'OE5': 40166, 'OE6': 40111, 'OE7': 10912, 'OE8': 10912, 'OE9': 10879}"
4351.0,4.918751163668276,0.0021504946279408883,12566.32721777565,0.004236846530722479,"{'OE1': 2818.2307885487785, 'OE2': 2818.2307885487785, 'OE3': 30.41523731006677, 'OE4': 24.691569933842317, 'OE5': 24.691569933842317, 'OE6': 2.677021963709186, 'OE7': 0.6941927294697083, 'OE8': 0.07419379915071578, 'OE9': 0.004236846530722479}","{'OE1': 9.44288324014892, 'OE2': 4.9347266812618615, 'OE3': 4.934677426628964, 'OE4': 5.980528529712149, 'OE5': 5.980528529712149, 'OE6': 0.22602952129792298, 'OE7': 6.172627296179288, 'OE8': 1.4307952631704024, 'OE9': 0.05315045886958969}","{'OE1': 49310, 'OE2': 49310, 'OE3': 49310, 'OE4': 40032, 'OE5': 40032, 'OE6': 39972, 'OE7': 10424, 'OE8': 10424, 'OE9': 10383}"
4401.0,4.773286946561711,0.002118277110171327,9800.788906866377,0.003199048320769467,"{'OE1': 2648.403540766968, 'OE2': 2648.403540766968, 'OE3': 27.9246851859038, 'OE4': 22.660656854484284, 'OE5': 22.660656854484284, 'OE6': 2.292615279207668, 'OE7': 0.597377776463292, 'OE8': 0.059616971675599095, 'OE9': 0.003199048320769467}","{'OE1': 9.426123998480723, 'OE2': 4.785588126084166, 'OE3': 4.78557791256655, 'OE4': 5.947177447274754, 'OE5': 5.947177447274754, 'OE6': 0.2110796401012675, 'OE7': 6.166201475045414, 'OE8': 1.3914812661652634, 'OE9': 0.04830225213927444}","{'OE1': 49339, 'OE2': 49339, 'OE3': 49339, 'OE4': 40040, 'OE5': 40040, 'OE6': 39976, 'OE7': 10462, 'OE8': 10462, 'OE9': 10436}"
4451.0,4.854787832979127,0.00221973078424642,7854.4076635892,0.0023322638621929093,"{'OE1': 2493.1555679776425, 'OE2': 2493.1555679776425, 'OE3': 25.693628884306484, 'OE4': 20.803131516817842, 'OE5': 20.803131516817842, 'OE6': 1.9672366113962152, 'OE7': 0.4985400614249974, 'OE8': 0.04650819053206355, 'OE9': 0.0023322638621929093}","{'OE1': 9.404829470209734, 'OE2': 4.809042868428961, 'OE3': 4.80906817703649, 'OE4': 5.91040356729353, 'OE5': 5.91040356729353, 'OE6': 0.22555847304373755, 'OE7': 5.662123881871468, 'OE8': 1.4202442229928343, 'OE9': 0.05364726474387749}","{'OE1': 49393, 'OE2': 49393, 'OE3': 49393, 'OE4': 39992, 'OE5': 39992, 'OE6': 39922, 'OE7': 10136, 'OE8': 10136, 'OE9': 10092}"
4501.0,4.768790014788465,0.0021200761609420672,6284.278363363121,0.0018564656366041913,"{'OE1': 2343.658990002045, 'OE2': 2343.6589900020454, 'OE3': 23.615842343887007, 'OE4': 19.088427512316567, 'OE5': 19.088427512316567, 'OE6': 1.6894761191516396, 'OE7': 0.4478125804802847, 'OE8': 0.039097639965173125, 'OE9': 0.0018564656366041913}","{'OE1': 9.469609576887759, 'OE2': 4.65974625335837, 'OE3': 4.659706998969835, 'OE4': 5.87982936168294, 'OE5': 5.87982936168294, 'OE6': 0.22108512022981086, 'OE7': 6.123578965220931, 'OE8': 1.4137960938622463, 'OE9': 0.056646825373841636}","{'OE1': 49317, 'OE2': 49317, 'OE3': 49317, 'OE4': 39864, 'OE5': 39864, 'OE6': 39792, 'OE7': 10597, 'OE8': 10597, 'OE9': 10564}"
4551.0,4.916009606316038,0.002238214639739363,5064.515281723163,0.001347706761067036,"{'OE1': 2206.418679555428, 'OE2': 2206.418679555428, 'OE3': 21.724909803775862, 'OE4': 17.53197052110989, 'OE5': 17.53197052110989, 'OE6': 1.4517902054426775, 'OE7': 0.36871144236516573, 'OE8': 0.030117900977036934, 'OE9': 0.001347706761067036}","{'OE1': 9.435842793108952, 'OE2': 4.535617194468648, 'OE3': 4.535579969062362, 'OE4': 5.847258947369629, 'OE5': 5.847258947369629, 'OE6': 0.21111896765818994, 'OE7': 6.060441937313147, 'OE8': 1.4105387810367147, 'OE9': 0.05337563211085139}","{'OE1': 49315, 'OE2': 49315, 'OE3': 49315, 'OE4': 39800, 'OE5': 39800, 'OE6': 39736, 'OE7': 10158, 'OE8': 10158, 'OE9': 10114}"
4601.0,5.008200115776162,0.0021968187750515495,4096.850860461648,0.0010578251201800038,"{'OE1': 2079.7557519348497, 'OE2': 2079.7557519348497, 'OE3': 20.01552537219825, 'OE4': 16.127395178378187, 'OE5': 16.127395178378187, 'OE6': 1.2501651943312875, 'OE7': 0.328460453636049, 'OE8': 0.025131069092284117, 'OE9': 0.0010578251201800038}","{'OE1': 9.459489675303637, 'OE2': 4.531023912894862, 'OE3': 4.530940318212944, 'OE4': 5.816014442231309, 'OE5': 5.816014442231309, 'OE6': 0.22414621947536545, 'OE7': 5.977936657773463, 'OE8': 1.3969766427807957, 'OE9': 0.04968437668868275}","{'OE1': 49318, 'OE2': 49318, 'OE3': 49318, 'OE4': 39739, 'OE5': 39739, 'OE6': 39673, 'OE7': 10476, 'OE8': 10476, 'OE9': 10430}"
4651.0,5.07384165268104,0.0021082107474753435,3269.3095305235724,0.0008391472324267223,"{'OE1': 1962.3037661557055, 'OE2': 1962.3037661557055, 'OE3': 18.464987717894576, 'OE4': 14.849256618941075, 'OE5': 14.849256618941075, 'OE6': 1.079963527167977, 'OE7': 0.29299691241328313, 'OE8': 0.02102577798559555, 'OE9': 0.0008391472324267223}","{'OE1': 9.358290895514747, 'OE2': 4.530489039319843, 'OE3': 4.530457574195921, 'OE4': 5.783638229223057, 'OE5': 5.783638229223057, 'OE6': 0.21791292137713825, 'OE7': 6.032181925401, 'OE8': 1.392513466009767, 'OE9': 0.053615957250660595}","{'OE1': 49314, 'OE2': 49314, 'OE3': 49314, 'OE4': 39659, 'OE5': 39659, 'OE6': 39614, 'OE7': 10826, 'OE8': 10826, 'OE9': 10792}"
4701.0,5.039463435787184,0.002158827363422607,2609.7140151372964,0.0006257718626849158,"{'OE1': 1853.5852174386116, 'OE2': 1853.5852174386116, 'OE3': 17.046611475687723, 'OE4': 13.688679231726415, 'OE5': 13.688679231726415, 'OE6': 0.9328832487035168, 'OE7': 0.24693549422038968, 'OE8': 0.01662369965386085, 'OE9': 0.0006257718626849158}","{'OE1': 9.416827468668863, 'OE2': 4.52426187280047, 'OE3': 4.524273415950121, 'OE4': 5.7520375784862, 'OE5': 5.7520375784862, 'OE6': 0.234396661244191, 'OE7': 6.195514747321765, 'OE8': 1.3834796457423066, 'OE9': 0.05317921409312393}","{'OE1': 49356, 'OE2': 49356, 'OE3': 49356, 'OE4': 39638, 'OE5': 39638, 'OE6': 39577, 'OE7': 10546, 'OE8': 10546, 'OE9': 10505}"
4751.0,5.353544258798138,0.002245032657640195,2079.6522390307887,0.0004602031015920711,"{'OE1': 1748.9197612469598, 'OE2': 1748.9197612469598, 'OE3': 15.722244719099841, 'OE4': 12.604787443886085, 'OE5': 12.604787443886085, 'OE6': 0.8067291377561402, 'OE7': 0.20531061678717966, 'OE8': 0.012979920564443415, 'OE9': 0.0004602031015920711}","{'OE1': 9.425506392922342, 'OE2': 4.520981849744644, 'OE3': 4.5209883660407915, 'OE4': 5.723964337712233, 'OE5': 5.723964337712233, 'OE6': 0.2087179778676146, 'OE7': 6.157814104019206, 'OE8': 1.3754563994889968, 'OE9': 0.0524707679537213}","{'OE1': 49298, 'OE2': 49298, 'OE3': 49298, 'OE4': 39524, 'OE5': 39524, 'OE6': 39468, 'OE7': 10084, 'OE8': 10084, 'OE9': 10060}"
4801.0,5.051223449074314,0.0022673430556233495,1727.6322152777686,0.0003645324225655906,"{'OE1': 1654.6452159988255, 'OE2': 1654.6452159988255, 'OE3': 14.545910182923505, 'OE4': 11.650455248146045, 'OE5': 11.650455248146045, 'OE6': 0.7008137376619441, 'OE7': 0.1837207093457851, 'OE8': 0.010921844601922207, 'OE9': 0.0003645324225655906}","{'OE1': 9.476284080817008, 'OE2': 4.52808081511673, 'OE3': 4.528128653575637, 'OE4': 5.694693357739464, 'OE5': 5.694693357739464, 'OE6': 0.2364345252495692, 'OE7': 5.760575881915109, 'OE8': 1.3729819919837438, 'OE9': 0.04934293692386807}","{'OE1': 49315, 'OE2': 49315, 'OE3': 49315, 'OE4': 39499, 'OE5': 39499, 'OE6': 39435, 'OE7': 10351, 'OE8': 10351, 'OE9': 10320}"
4851.0,5.207786907803893,0.0020598375748753645,1374.170385965328,0.0003084982700400853,"{'OE1': 1567.5768939428078, 'OE2': 1567.5768939428078, 'OE3': 13.480067151845326, 'OE4': 10.79126173329184, 'OE5': 10.79126173329184, 'OE6': 0.6111232855967518, 'OE7': 0.17375716491538915, 'OE8': 0.009725888337895013, 'OE9': 0.0003084982700400853}","{'OE1': 9.417710873324209, 'OE2': 4.527467647109556, 'OE3': 4.527443692718644, 'OE4': 5.664052502547404, 'OE5': 5.664052502547404, 'OE6': 0.2173042934459133, 'OE7': 6.032884364409835, 'OE8': 1.3677252968393754, 'OE9': 0.05111430087037956}","{'OE1': 49346, 'OE2': 49346, 'OE3': 49346, 'OE4': 39503, 'OE5': 39503, 'OE6': 39457, 'OE7': 11274, 'OE8': 11274, 'OE9': 11221}"
4901.0,5.232893093929306,0.0021922465744182726,1104.7991215740874,0.0002260991658797363,"{'OE1': 1484.786776258185, 'OE2': 1484.786776258185, 'OE3': 12.485502167994257, 'OE4': 9.971523413597033, 'OE5': 9.971523413597033, 'OE6': 0.5315232852075853, 'OE7': 0.14281652711666687, 'OE8': 0.0075297953193306805, 'OE9': 0.0002260991658797363}","{'OE1': 9.485325485369353, 'OE2': 4.525017806407978, 'OE3': 4.525006144739161, 'OE4': 5.63632399123533, 'OE5': 5.63632399123533, 'OE6': 0.21931275955497043, 'OE7': 6.0638187252527, 'OE8': 1.3587065955712325, 'OE9': 0.04820852002022161}","{'OE1': 49357, 'OE2': 49357, 'OE3': 49357, 'OE4': 39421, 'OE5': 39421, 'OE6': 39359, 'OE7': 10608, 'OE8': 10608, 'OE9': 10580}"
4951.0,5.698760295895227,0.002309868574511562,900.6735457003762,0.00017027343253955092,"{'OE1': 1406.7009391795934, 'OE2': 1406.7009391795934, 'OE3': 11.570019197970296, 'OE4': 9.225054991161372, 'OE5': 9.225054991161372, 'OE6': 0.46349703573610646, 'OE7': 0.12014663297219985, 'OE8': 0.005973327544961804, 'OE9': 0.00017027343253955092}","{'OE1': 9.428005411643822, 'OE2': 4.526097699454782, 'OE3': 4.526113784175766, 'OE4': 5.605986617920028, 'OE5': 5.605986617920028, 'OE6': 0.22726377972631728, 'OE7': 6.149521480106992, 'OE8': 1.346818023208226, 'OE9': 0.05088171854901298}","{'OE1': 49333, 'OE2': 49333, 'OE3': 49333, 'OE4': 39337, 'OE5': 39337, 'OE6': 39277, 'OE7': 10231, 'OE8': 10231, 'OE9': 10189}"
5001.0,5.673179356939727,0.002144573282485597,715.5716997796854,0.00014243065317566783,"{'OE1': 1335.005763422322, 'OE2': 1335.005763422322, 'OE3': 10.743605711509497, 'OE4': 8.561618334762867, 'OE5': 8.561618334762867, 'OE6': 0.4060965807965029, 'OE7': 0.11257632207074487, 'OE8': 0.005284025170542457, 'OE9': 0.00014243065317566783}","{'OE1': 9.438149467785982, 'OE2': 4.406685426017075, 'OE3': 4.406652979101542, 'OE4': 5.579441675081462, 'OE5': 5.579441675081462, 'OE6': 0.20611067701740032, 'OE7': 5.781932680302093, 'OE8': 1.3444775878934894, 'OE9': 0.04800040247994408}","{'OE1': 49344, 'OE2': 49344, 'OE3': 49344, 'OE4': 39323, 'OE5': 39323, 'OE6': 39266, 'OE7': 10911, 'OE8': 10911, 'OE9': 10875}"
5051.0,5.917600299132573,0.0021624439963621365,583.7873466861247,0.00011306304495128171,"{'OE1': 1267.187049897265, 'OE2': 1267.187049897265, 'OE3': 9.979197936892401, 'OE4': 7.940286091922825, 'OE5': 7.940286091922825, 'OE6': 0.35581249276781973, 'OE7': 0.0994387792522683, 'OE8': 0.004410914423918163, 'OE9': 0.00011306304495128171}","{'OE1': 9.411107232558242, 'OE2': 4.402208064873671, 'OE3': 4.402201401537447, 'OE4': 5.550122332681341, 'OE5': 5.550122332681341, 'OE6': 0.20106922837920504, 'OE7': 6.1864128037137505, 'OE8': 1.3676428527197713, 'OE9': 0.04645498808161701}","{'OE1': 49328, 'OE2': 49328, 'OE3': 49328, 'OE4': 39251, 'OE5': 39251, 'OE6': 39197, 'OE7': 10994, 'OE8': 10994, 'OE9': 10950}"
5101.0,5.781341574700491,0.0021429037581959217,472.09706827233316,9.068442743527431e-05,"{'OE1': 1204.3212875140248, 'OE2': 1204.3212875140248, 'OE3': 9.279075878671733, 'OE4': 7.375972418984437, 'OE5': 7.375972418984437, 'OE6': 0.3124287459916917, 'OE7': 0.08883853816995355, 'OE8': 0.0037255615214951054, 'OE9': 9.068442743527431e-05}","{'OE1': 9.455851942047984, 'OE2': 4.262876879532101, 'OE3': 4.26279865260976, 'OE4': 5.522714929866684, 'OE5': 5.522714929866684, 'OE6': 0.23062737988072102, 'OE7': 6.223808234642833, 'OE8': 1.2894534947947505, 'OE9': 0.05156313028921493}","{'OE1': 49357, 'OE2': 49357, 'OE3': 49357, 'OE4': 39236, 'OE5': 39236, 'OE6': 39181, 'OE7': 11172, 'OE8': 11172, 'OE9': 11142}"
5151.0,5.63878108082281,0.002426647069188886,382.0950679055421,6.39298195868115e-05,"{'OE1': 1143.8210854658328, 'OE2': 1143.8210854658328, 'OE3': 8.623989179819482, 'OE4': 6.847349891788333, 'OE5': 6.847349891788333, 'OE6': 0.2744300209691867, 'OE7': 0.06939938356926395, 'OE8': 0.002754339436865938, 'OE9': 6.39298195868115e-05}","{'OE1': 9.39132842555955, 'OE2': 4.255250050816983, 'OE3': 4.255208191183314, 'OE4': 5.492032009512322, 'OE5': 5.492032009512322, 'OE6': 0.21986748559055036, 'OE7': 5.977463993461161, 'OE8': 1.3422885182898967, 'OE9': 0.05338162084061496}","{'OE1': 49314, 'OE2': 49314, 'OE3': 49314, 'OE4': 39156, 'OE5': 39156, 'OE6': 39103, 'OE7': 9934, 'OE8': 9934, 'OE9': 9909}"
5201.0,6.125564436188142,0.0022735316252304044,306.1579546453735,5.4118340011286297e-05,"{'OE1': 1089.1071865012823, 'OE2': 1089.1071865012823, 'OE3': 8.037801296989178, 'OE4': 6.374477951618712, 'OE5': 6.374477951618712, 'OE6': 0.2419075939327257, 'OE7': 0.06517374952388269, 'OE8': 0.002450607535752474, 'OE9': 5.4118340011286297e-05}","{'OE1': 9.420578385518574, 'OE2': 4.395986699711607, 'OE3': 4.3960525430694775, 'OE4': 5.4693451069557275, 'OE5': 5.4693451069557275, 'OE6': 0.22130405446570953, 'OE7': 6.205869903364485, 'OE8': 1.3328141494126056, 'OE9': 0.04999389590033099}","{'OE1': 49353, 'OE2': 49353, 'OE3': 49353, 'OE4': 39144, 'OE5': 39144, 'OE6': 39085, 'OE7': 10577, 'OE8': 10577, 'OE9': 10548}"
5251.0,6.022471885802588,0.002289762180376495,248.52526043473364,4.33723219408723e-05,"{'OE1': 1037.5579614326853, 'OE2': 1037.5579614326853, 'OE3': 7.4977712165609836, 'OE4': 5.945938670541089, 'OE5': 5.945938670541089, 'OE6': 0.21394029454513186, 'OE7': 0.057935920685268635, 'OE8': 0.002065832086224006, 'OE9': 4.33723219408723e-05}","{'OE1': 9.437303453189935, 'OE2': 4.268129917665007, 'OE3': 4.268195303856444, 'OE4': 5.443290205601114, 'OE5': 5.443290205601114, 'OE6': 0.21982405385360088, 'OE7': 6.122444289231607, 'OE8': 1.3249816481413652, 'OE9': 0.050812753069641725}","{'OE1': 49376, 'OE2': 49376, 'OE3': 49376, 'OE4': 39157, 'OE5': 39157, 'OE6': 39105, 'OE7': 10637, 'OE8': 10637, 'OE9': 10594}"
5301.0,6.265271269197001,0.002296261285015978,195.71717613431412,3.401399694611252e-05,"{'OE1': 987.9210924099547, 'OE2': 987.9210924099547, 'OE3': 6.989846018330137, 'OE4': 5.5345966324772045, 'OE5': 5.5345966324772045, 'OE6': 0.1889459093515149, 'OE7': 0.050313017536751325, 'OE8': 0.001702362932118338, 'OE9': 3.401399694611252e-05}","{'OE1': 9.429640313440299, 'OE2': 4.262173565342408, 'OE3': 4.262183667615886, 'OE4': 5.417638565568147, 'OE5': 5.417638565568147, 'OE6': 0.21562441400407403, 'OE7': 6.180730598042143, 'OE8': 1.2893250836148233, 'OE9': 0.05074431806780111}","{'OE1': 49350, 'OE2': 49350, 'OE3': 49350, 'OE4': 39078, 'OE5': 39078, 'OE6': 39034, 'OE7': 10431, 'OE8': 10431, 'OE9': 10390}"
5351.0,6.28609659911308,0.0024123889939479046,160.3985114279204,2.6380848277592126e-05,"{'OE1': 941.5371232976938, 'OE2': 941.5371232976938, 'OE3': 6.523738832721552, 'OE4': 5.162186874108195, 'OE5': 5.162186874108195, 'OE6': 0.1672615015361773, 'OE7': 0.0429336227430644, 'OE8': 0.0013797013431888425, 'OE9': 2.6380848277592126e-05}","{'OE1': 9.417414262101852, 'OE2': 4.260548964801899, 'OE3': 4.260550196143782, 'OE4': 5.392211488768805, 'OE5': 5.392211488768805, 'OE6': 0.22243448569807533, 'OE7': 6.091387524743089, 'OE8': 1.313202247992755, 'OE9': 0.050375774794268816}","{'OE1': 49337, 'OE2': 49337, 'OE3': 49337, 'OE4': 39042, 'OE5': 39042, 'OE6': 38983, 'OE7': 10061, 'OE8': 10061, 'OE9': 10027}"
5401.0,6.210914354994202,0.0022570859818575656,130.11831517417377,2.2841609916032468e-05,"{'OE1': 898.1503724495082, 'OE2': 898.1503724495082, 'OE3': 6.095423608532885, 'OE4': 4.817322185479839, 'OE5': 4.817322185479839, 'OE6': 0.14835840468295625, 'OE7': 0.0410219186611374, 'OE8': 0.0012529843052986427, 'OE9': 2.2841609916032468e-05}","{'OE1': 9.42835011937705, 'OE2': 4.258113581579991, 'OE3': 4.258106022322494, 'OE4': 5.3688810447195445, 'OE5': 5.3688810447195445, 'OE6': 0.2232738768683974, 'OE7': 6.222968571825158, 'OE8': 1.2780782968086757, 'OE9': 0.04804758692022591}","{'OE1': 49335, 'OE2': 49335, 'OE3': 49335, 'OE4': 38993, 'OE5': 38993, 'OE6': 38937, 'OE7': 10827, 'OE8': 10827, 'OE9': 10783}"
5451.0,6.829935884030419,0.0023290887703330105,103.34654491268806,1.768588742476851e-05,"{'OE1': 857.8580959682129, 'OE2': 857.8580959682129, 'OE3': 5.702793868408937, 'OE4': 4.5018683557784, 'OE5': 4.5018683557784, 'OE6': 0.13185199886797408, 'OE7': 0.035131255427045815, 'OE8': 0.0010206642942380858, 'OE9': 1.768588742476851e-05}","{'OE1': 9.419748673040457, 'OE2': 4.250201829347958, 'OE3': 4.250305138553671, 'OE4': 5.343163615585239, 'OE5': 5.343163615585239, 'OE6': 0.2243079170359616, 'OE7': 6.148228660366851, 'OE8': 1.2701862580494856, 'OE9': 0.051664227005788765}","{'OE1': 49371, 'OE2': 49371, 'OE3': 49371, 'OE4': 38975, 'OE5': 38975, 'OE6': 38929, 'OE7': 10404, 'OE8': 10404, 'OE9': 10358}"
5501.0,6.3381829004320025,0.0023316043244799587,83.79557756710511,1.4453567087405726e-05,"{'OE1': 818.8860178920017, 'OE2': 818.8860178920017, 'OE3': 5.33334893842449, 'OE4': 4.204265190392224, 'OE5': 4.204265190392224, 'OE6': 0.11722122124632027, 'OE7': 0.03153568129871555, 'OE8': 0.0008720399499152444, 'OE9': 1.4453567087405726e-05}","{'OE1': 9.407766504908322, 'OE2': 4.258387521642732, 'OE3': 4.258429182401628, 'OE4': 5.31931068429623, 'OE5': 5.31931068429623, 'OE6': 0.20964989390170352, 'OE7': 6.179616640443239, 'OE8': 1.2611690135924891, 'OE9': 0.050702227510785985}","{'OE1': 49347, 'OE2': 49347, 'OE3': 49347, 'OE4': 38901, 'OE5': 38901, 'OE6': 38854, 'OE7': 10494, 'OE8': 10494, 'OE9': 10457}"
5551.0,6.511626430219621,0.002434726797129769,68.01120237801584,1.1366094670665119e-05,"{'OE1': 782.4638101660261, 'OE2': 782.4638101660261, 'OE3': 4.993164068429552, 'OE4': 3.9376714929858583, 'OE5': 3.9376714929858583, 'OE6': 0.10447382398453862, 'OE7': 0.02729581933483172, 'OE8': 0.0007189760046438091, 'OE9': 1.1366094670665119e-05}","{'OE1': 9.374373860026143, 'OE2': 4.266175260131561, 'OE3': 4.266163363915936, 'OE4': 5.293562355973643, 'OE5': 5.293562355973643, 'OE6': 0.21501120873134566, 'OE7': 6.153340772569025, 'OE8': 1.250635495491056, 'OE9': 0.04970272914358881}","{'OE1': 49346, 'OE2': 49346, 'OE3': 49346, 'OE4': 38916, 'OE5': 38916, 'OE6': 38855, 'OE7': 10171, 'OE8': 10171, 'OE9': 10137}"
5601.0,6.268588461131003,0.0022058228512713174,54.48609215889899,1.0207271678909437e-05,"{'OE1': 748.3599933924066, 'OE2': 748.3599933924066, 'OE3': 4.680207751740477, 'OE4': 3.6868927679727848, 'OE5': 3.6868927679727848, 'OE6': 0.09325054377548873, 'OE7': 0.026856003887837945, 'OE8': 0.0006742695352873363, 'OE9': 1.0207271678909437e-05}","{'OE1': 9.430746602425769, 'OE2': 4.137567494410681, 'OE3': 4.1374790693886645, 'OE4': 5.272190690309664, 'OE5': 5.272190690309664, 'OE6': 0.22108906944607765, 'OE7': 6.196858249974793, 'OE8': 1.2853344942656708, 'OE9': 0.0489328806924432}","{'OE1': 49358, 'OE2': 49358, 'OE3': 49358, 'OE4': 38883, 'OE5': 38883, 'OE6': 38828, 'OE7': 11214, 'OE8': 11214, 'OE9': 11181}"
5651.0,7.106222999386773,0.0024234183318805344,43.09420775964212,7.484832596437881e-06,"{'OE1': 715.5059882002555, 'OE2': 715.5059882002555, 'OE3': 4.385812663503299, 'OE4': 3.4494870089641445, 'OE5': 3.4494870089641445, 'OE6': 0.08317432155525306, 'OE7': 0.021595035550505938, 'OE8': 0.0005171321245920886, 'OE9': 7.484832596437881e-06}","{'OE1': 9.441163695926425, 'OE2': 4.140281565166969, 'OE3': 4.140190763587453, 'OE4': 5.248046947857448, 'OE5': 5.248046947857448, 'OE6': 0.22091224992497105, 'OE7': 6.069612393087308, 'OE8': 1.2795952844519412, 'OE9': 0.04961624698604222}","{'OE1': 49330, 'OE2': 49330, 'OE3': 49330, 'OE4': 38797, 'OE5': 38797, 'OE6': 38731, 'OE7': 10088, 'OE8': 10088, 'OE9': 10049}"
5701.0,6.961833005567314,0.002316950973258095,34.8440299311234,6.468566950540825e-06,"{'OE1': 685.0579739189527, 'OE2': 685.0579739189527, 'OE3': 4.116349150742172, 'OE4': 3.2357518759128228, 'OE5': 3.2357518759128228, 'OE6': 0.07445288263881454, 'OE7': 0.020394420701472314, 'OE8': 0.00046612704331024915, 'OE9': 6.468566950540825e-06}","{'OE1': 9.417355314654944, 'OE2': 4.1266825204631585, 'OE3': 4.12668275862286, 'OE4': 5.224470775745777, 'OE5': 5.224470775745777, 'OE6': 0.22231755572041167, 'OE7': 6.171056457578472, 'OE8': 1.2481383770382504, 'OE9': 0.053875927178935065}","{'OE1': 49344, 'OE2': 49344, 'OE3': 49344, 'OE4': 38788, 'OE5': 38788, 'OE6': 38724, 'OE7': 10647, 'OE8': 10647, 'OE9': 10611}"
5751.0,6.832462547936302,0.0025444031094507464,28.0651424683116,4.865764129868926e-06,"{'OE1': 656.0332924238343, 'OE2': 656.0332924238344, 'OE3': 3.864999658679791, 'OE4': 3.0338897206902287, 'OE5': 3.0338897206902287, 'OE6': 0.06669423506509033, 'OE7': 0.016804034019878317, 'OE8': 0.00036680639415901967, 'OE9': 4.865764129868926e-06}","{'OE1': 9.437807838996433, 'OE2': 3.983828343954343, 'OE3': 3.983874100445033, 'OE4': 5.200746874749212, 'OE5': 5.200746874749212, 'OE6': 0.2110883855292902, 'OE7': 6.083995387049264, 'OE8': 1.2444957123928702, 'OE9': 0.053088930408688784}","{'OE1': 49339, 'OE2': 49339, 'OE3': 49339, 'OE4': 38731, 'OE5': 38731, 'OE6': 38683, 'OE7': 9765, 'OE8': 9765, 'OE9': 9742}"
5801.0,6.8735132554966185,0.0023981677066583764,22.520734544477744,4.256011287429236e-06,"{'OE1': 627.8859536704499, 'OE2': 627.8859536704499, 'OE3': 3.627196572939984, 'OE4': 2.8461268356011837, 'OE5': 2.8461268356011837, 'OE6': 0.05978148724243757, 'OE7': 0.01602676796927039, 'OE8': 0.0003343235486757681, 'OE9': 4.256011287429236e-06}","{'OE1': 9.428282856389337, 'OE2': 3.9984671425019735, 'OE3': 3.998427284618553, 'OE4': 5.180509399315325, 'OE5': 5.180509399315325, 'OE6': 0.2252058913240106, 'OE7': 6.0361963196692425, 'OE8': 1.2444420991046112, 'OE9': 0.04997906680969645}","{'OE1': 49286, 'OE2': 49286, 'OE3': 49286, 'OE4': 38673, 'OE5': 38673, 'OE6': 38619, 'OE7': 10392, 'OE8': 10392, 'OE9': 10356}"
5851.0,7.3086041671049315,0.002523969987537197,18.101915309350975,3.34672737483416e-06,"{'OE1': 603.1160113591667, 'OE2': 603.1160113591667, 'OE3': 3.4169652946557063, 'OE4': 2.676939126525936, 'OE5': 2.676939126525936, 'OE6': 0.05372323252288623, 'OE7': 0.0137276780521172, 'OE8': 0.00027382296305437096, 'OE9': 3.34672737483416e-06}","{'OE1': 9.409270653283327, 'OE2': 4.007149606422842, 'OE3': 4.007163800801288, 'OE4': 5.157511240307514, 'OE5': 5.157511240307514, 'OE6': 0.2191902155339417, 'OE7': 6.147249410252133, 'OE8': 1.2337114568344298, 'OE9': 0.049599095917637684}","{'OE1': 49380, 'OE2': 49380, 'OE3': 49380, 'OE4': 38685, 'OE5': 38685, 'OE6': 38629, 'OE7': 9911, 'OE8': 9911, 'OE9': 9876}"
5901.0,7.108833025888998,0.0023955755668105213,14.522605339981355,2.9203364591631686e-06,"{'OE1': 577.6134926798153, 'OE2': 577.6134926798153, 'OE3': 3.209717850309256, 'OE4': 2.51220716543421, 'OE5': 2.51220716543421, 'OE6': 0.04824816841631405, 'OE7': 0.013050440063971892, 'OE8': 0.00024905357242002333, 'OE9': 2.9203364591631686e-06}","{'OE1': 9.410333718921315, 'OE2': 4.001725493882415, 'OE3': 4.0017239827699, 'OE4': 5.134477055356848, 'OE5': 5.134477055356848, 'OE6': 0.20592777244967597, 'OE7': 6.06122828447014, 'OE8': 1.2101553317624218, 'OE9': 0.04991864146247228}","{'OE1': 49311, 'OE2': 49311, 'OE3': 49311, 'OE4': 38595, 'OE5': 38595, 'OE6': 38541, 'OE7': 10480, 'OE8': 10480, 'OE9': 10434}"
5951.0,7.059559767357314,0.0024163641877043727,11.495043758042979,2.3744492465581327e-06,"{'OE1': 554.4693463780511, 'OE2': 554.4693463780511, 'OE3': 3.022886221866477, 'OE4': 2.3657193326968935, 'OE5': 2.3657193326968935, 'OE6': 0.043489896194705766, 'OE7': 0.01156182580265483, 'OE8': 0.0002112429031493575, 'OE9': 2.3744492465581327e-06}","{'OE1': 9.415014209888815, 'OE2': 4.0005474068481695, 'OE3': 4.000550289148901, 'OE4': 5.112886973208328, 'OE5': 5.112886973208328, 'OE6': 0.21045111484017015, 'OE7': 6.190187307906689, 'OE8': 1.2285580911842175, 'OE9': 0.052431577449699174}","{'OE1': 49324, 'OE2': 49324, 'OE3': 49324, 'OE4': 38601, 'OE5': 38601, 'OE6': 38539, 'OE7': 10288, 'OE8': 10288, 'OE9': 10250}"
6001.0,7.339107922325638,0.002483790174474387,9.348954364246623,1.9547443038658214e-06,"{'OE1': 532.3426506163479, 'OE2': 532.3426506163479, 'OE3': 2.847916664788846, 'OE4': 2.2244481273360686, 'OE5': 2.2244481273360686, 'OE6': 0.039162436581005516, 'OE7': 0.010352823882168979, 'OE8': 0.00018119601642627408, 'OE9': 1.9547443038658214e-06}","{'OE1': 9.395806574447143, 'OE2': 3.9915223394595722, 'OE3': 3.99148407836873, 'OE4': 5.091776998479739, 'OE5': 5.091776998479739, 'OE6': 0.22881649975272172, 'OE7': 6.168521398327213, 'OE8': 1.254067252488937, 'OE9': 0.053067505423406366}","{'OE1': 49320, 'OE2': 49320, 'OE3': 49320, 'OE4': 38525, 'OE5': 38525, 'OE6': 38461, 'OE7': 10205, 'OE8': 10205, 'OE9': 10170}"
