"cff = 1.4, order = 2, 2024-03-13 09:57:37.639761"
E,FWHM,Bandwidth,Flux,Intensity,Intensity_dict,Height_dict,Ray Dict
101.0,0,0.0,0.0,0,"{'OE1': 48987.84312244332, 'OE2': 0.0, 'OE3': 0.0, 'OE4': 0.0, 'OE5': 0.0, 'OE6': 0.0, 'OE7': 0.0, 'OE8': 0.0, 'OE9': 0.0}","{'OE1': 9.466378394406991, 'OE2': 0, 'OE3': 0, 'OE4': 0, 'OE5': 0, 'OE6': 0, 'OE7': 0, 'OE8': 0, 'OE9': 0}",0
151.0,0,0.0,0.0,0,"{'OE1': 48180.830278798276, 'OE2': 68.37453844986545, 'OE3': 55.93356711273843, 'OE4': 55.93356711273843, 'OE5': 55.93356711273843, 'OE6': 54.70789937805864, 'OE7': 37.517127644859194, 'OE8': 36.75201311424752, 'OE9': 35.93289287286875}","{'OE1': 9.424125573335967, 'OE2': 0, 'OE3': 0, 'OE4': 0, 'OE5': 0, 'OE6': 0, 'OE7': 0, 'OE8': 0, 'OE9': 0}",0
201.0,0.08807963025580534,0.0008504371633911595,4845027716.753429,2553.108658278598,"{'OE1': 47170.03770718974, 'OE2': 15774.309986448814, 'OE3': 10775.954246470385, 'OE4': 10775.954246470385, 'OE5': 10775.954246470385, 'OE6': 10327.187000887745, 'OE7': 2782.4369710164115, 'OE8': 2673.2389380386326, 'OE9': 2553.108658278598}","{'OE1': 9.438720721610121, 'OE2': 2.068668562221301, 'OE3': 2.0686877538163357, 'OE4': 2.8949650468438204, 'OE5': 2.8949650468438204, 'OE6': 0.2181744014482579, 'OE7': 5.639616818305103, 'OE8': 0.7677267725409507, 'OE9': 0.0532809759175481}","{'OE1': 49351, 'OE2': 16503, 'OE3': 16503, 'OE4': 16503, 'OE5': 16503, 'OE6': 16478, 'OE7': 4440, 'OE8': 4440, 'OE9': 4436}"
251.0,0.1235496104370668,0.0009515963648003078,5317247787.631318,2748.454420237583,"{'OE1': 45861.41103011842, 'OE2': 25237.90407567987, 'OE3': 12615.80211879174, 'OE4': 12615.80211879174, 'OE5': 12615.80211879174, 'OE6': 11781.787967317774, 'OE7': 3164.7837999138437, 'OE8': 2964.429958376244, 'OE9': 2748.454420237583}","{'OE1': 9.414417113968533, 'OE2': 3.5236086179077137, 'OE3': 3.523609570122325, 'OE4': 4.931826737927892, 'OE5': 4.931826737927892, 'OE6': 0.21935248493428694, 'OE7': 5.969964999341316, 'OE8': 1.2674393009430596, 'OE9': 0.051485533855851195}","{'OE1': 49341, 'OE2': 27153, 'OE3': 27153, 'OE4': 27153, 'OE5': 27153, 'OE6': 27098, 'OE7': 7280, 'OE8': 7280, 'OE9': 7261}"
301.0,0.1615467727052078,0.0010813928533338051,1004591560.4090289,408.4750238441332,"{'OE1': 41140.89629073967, 'OE2': 29113.86070390224, 'OE3': 2662.6899669472064, 'OE4': 2662.6899669472064, 'OE5': 2662.6899669472064, 'OE6': 2255.9853413521205, 'OE7': 577.6022313666148, 'OE8': 490.5355906426361, 'OE9': 408.4750238441332}","{'OE1': 9.434421927897072, 'OE2': 4.5708947298028235, 'OE3': 4.570920257793318, 'OE4': 6.396846906392113, 'OE5': 6.396846906392113, 'OE6': 0.21328404386776145, 'OE7': 6.05641461178619, 'OE8': 1.6183586890378898, 'OE9': 0.050392417898476025}","{'OE1': 49337, 'OE2': 34915, 'OE3': 34915, 'OE4': 34915, 'OE5': 34915, 'OE6': 34871, 'OE7': 8935, 'OE8': 8935, 'OE9': 8920}"
351.0,0.20309786443397115,0.0011664786516655664,317982975.5426729,108.36610428790163,"{'OE1': 28892.63970610586, 'OE2': 24240.136507434112, 'OE3': 1890.7961866000041, 'OE4': 1890.7961866000046, 'OE5': 1890.7961866000046, 'OE6': 1160.2754404095149, 'OE7': 299.43817950864496, 'OE8': 185.20004703739738, 'OE9': 108.36610428790163}","{'OE1': 9.447249535688778, 'OE2': 5.508660774184513, 'OE3': 5.508655475621408, 'OE4': 7.711317658049511, 'OE5': 7.711317658049511, 'OE6': 0.22027510484800406, 'OE7': 5.855648576762715, 'OE8': 1.9223046019367196, 'OE9': 0.051301828960187576}","{'OE1': 49335, 'OE2': 41396, 'OE3': 41396, 'OE4': 41396, 'OE5': 41396, 'OE6': 41312, 'OE7': 10669, 'OE8': 10669, 'OE9': 10651}"
401.0,0.2530773232749084,0.0012321168033212644,1578210199.8935754,461.72753370068483,"{'OE1': 34056.3797855344, 'OE2': 32347.138881299164, 'OE3': 4998.715344282445, 'OE4': 4998.715344282445, 'OE5': 4998.715344282445, 'OE6': 3565.308361384111, 'OE7': 933.4684887070583, 'OE8': 669.4491035552096, 'OE9': 461.72753370068483}","{'OE1': 9.439405212321441, 'OE2': 6.177021756226722, 'OE3': 6.177006350373636, 'OE4': 8.648993540646003, 'OE5': 8.648993540646003, 'OE6': 0.21682612039718974, 'OE7': 6.019859750673286, 'OE8': 2.1394244993305658, 'OE9': 0.05011602379834819}","{'OE1': 49329, 'OE2': 46855, 'OE3': 46855, 'OE4': 46855, 'OE5': 46855, 'OE6': 46782, 'OE7': 12254, 'OE8': 12254, 'OE9': 12235}"
451.0,0.30653802738078184,0.0013484609833196329,3249364751.3745008,797.2140259338939,"{'OE1': 36220.652388983, 'OE2': 36220.652388983, 'OE3': 7542.913840736905, 'OE4': 7542.913840736905, 'OE5': 7542.913840736905, 'OE6': 5687.612593225977, 'OE7': 1435.0704623209322, 'OE8': 1087.194818612893, 'OE9': 797.2140259338939}","{'OE1': 9.470511301678872, 'OE2': 6.541187516099561, 'OE3': 6.502972649767653, 'OE4': 9.104689423733276, 'OE5': 9.104689423733276, 'OE6': 0.23854980362336825, 'OE7': 5.99001128674961, 'OE8': 2.2457196471027667, 'OE9': 0.05199631693167339}","{'OE1': 49339, 'OE2': 49339, 'OE3': 49305, 'OE4': 49305, 'OE5': 49305, 'OE6': 49213, 'OE7': 12422, 'OE8': 12422, 'OE9': 12401}"
501.0,0.35806163105945643,0.0014217198157333072,3906051150.3797574,850.7686163584988,"{'OE1': 36288.58720899673, 'OE2': 36288.58720899673, 'OE3': 7975.6188523164865, 'OE4': 7975.618852316487, 'OE5': 7975.618852316487, 'OE6': 6028.36258350628, 'OE7': 1525.5872205730843, 'OE8': 1157.6207544324852, 'OE9': 850.7686163584988}","{'OE1': 9.404783176462054, 'OE2': 6.549136251736105, 'OE3': 6.549146453143107, 'OE4': 9.163159044695426, 'OE5': 9.163159044695426, 'OE6': 0.20181291724661443, 'OE7': 5.979310158415425, 'OE8': 2.266475720841803, 'OE9': 0.05053158163048288}","{'OE1': 49329, 'OE2': 49329, 'OE3': 49329, 'OE4': 49329, 'OE5': 49329, 'OE6': 49257, 'OE7': 12471, 'OE8': 12471, 'OE9': 12450}"
551.0,0.4051553832086938,0.0014957877367854956,5916149581.410589,1165.796737929297,"{'OE1': 37500.92520541516, 'OE2': 37500.92520541515, 'OE3': 10114.33341921058, 'OE4': 10114.33341921058, 'OE5': 10114.33341921058, 'OE6': 7873.432236803487, 'OE7': 1965.8953986690735, 'OE8': 1536.221348768464, 'OE9': 1165.796737929297}","{'OE1': 9.403969699277168, 'OE2': 6.545313053225762, 'OE3': 6.545265220030005, 'OE4': 9.15883914355419, 'OE5': 9.15883914355419, 'OE6': 0.23324858771490375, 'OE7': 5.814727613791842, 'OE8': 2.2119991400078853, 'OE9': 0.05397456103083509}","{'OE1': 49335, 'OE2': 49335, 'OE3': 49335, 'OE4': 49335, 'OE5': 49335, 'OE6': 49248, 'OE7': 12300, 'OE8': 12300, 'OE9': 12275}"
601.0,0.4683110226462759,0.0015395841936320742,7470897778.384095,1376.1883238617334,"{'OE1': 38046.45749503594, 'OE2': 38046.45749503594, 'OE3': 11272.84382515221, 'OE4': 11272.84382515221, 'OE5': 11272.84382515221, 'OE6': 8891.394129739925, 'OE7': 2257.372206276378, 'OE8': 1786.7519139046153, 'OE9': 1376.1883238617334}","{'OE1': 9.401106822932013, 'OE2': 6.529245408627979, 'OE3': 6.5292129218915935, 'OE4': 9.139049253702783, 'OE5': 9.139049253702783, 'OE6': 0.23592501390484827, 'OE7': 5.7373610609337895, 'OE8': 2.2074742662552085, 'OE9': 0.052062991456402474}","{'OE1': 49338, 'OE2': 49338, 'OE3': 49338, 'OE4': 49338, 'OE5': 49338, 'OE6': 49252, 'OE7': 12508, 'OE8': 12508, 'OE9': 12488}"
651.0,0.5038602117929258,0.001592149608792273,9044436258.435793,1561.8068988507316,"{'OE1': 38384.05856524882, 'OE2': 38384.05856524882, 'OE3': 12180.39947851316, 'OE4': 12180.39947851316, 'OE5': 12180.39947851316, 'OE6': 9689.662761803389, 'OE7': 2518.115251165549, 'OE8': 2009.3486399977671, 'OE9': 1561.8068988507316}","{'OE1': 9.481137231552312, 'OE2': 6.546974833821327, 'OE3': 6.54693365228549, 'OE4': 9.162163211425861, 'OE5': 9.162163211425861, 'OE6': 0.21689396856299048, 'OE7': 5.935107707016261, 'OE8': 2.2094482615245123, 'OE9': 0.050608851450937964}","{'OE1': 49326, 'OE2': 49326, 'OE3': 49326, 'OE4': 49326, 'OE5': 49326, 'OE6': 49251, 'OE7': 12804, 'OE8': 12804, 'OE9': 12782}"
701.0,0.5977813659166031,0.001719211703640263,10564461456.90854,1637.387483149278,"{'OE1': 38872.22764924934, 'OE2': 38872.22764924934, 'OE3': 13112.844767015014, 'OE4': 13112.844767015014, 'OE5': 13112.844767015014, 'OE6': 10541.184021268793, 'OE7': 2583.217574237784, 'OE8': 2082.983413351216, 'OE9': 1637.387483149278}","{'OE1': 9.383538043086752, 'OE2': 6.540046575083487, 'OE3': 6.540072833197673, 'OE4': 9.153138633696882, 'OE5': 9.153138633696882, 'OE6': 0.21015239401140756, 'OE7': 5.981775661958109, 'OE8': 2.2146002874786506, 'OE9': 0.049834622416024155}","{'OE1': 49373, 'OE2': 49373, 'OE3': 49373, 'OE4': 49373, 'OE5': 49373, 'OE6': 49286, 'OE7': 12081, 'OE8': 12081, 'OE9': 12058}"
751.0,0.6320214415892451,0.0017586115484352126,11853838358.69159,1803.0577278428425,"{'OE1': 39197.10562356608, 'OE2': 39197.10562356608, 'OE3': 13811.06295520636, 'OE4': 13811.06295520636, 'OE5': 13811.06295520636, 'OE6': 11194.081958888679, 'OE7': 2796.7844719742307, 'OE8': 2273.4464969888077, 'OE9': 1803.0577278428425}","{'OE1': 9.431152781618719, 'OE2': 6.53450955581806, 'OE3': 6.534513835204604, 'OE4': 9.145706943002246, 'OE5': 9.145706943002246, 'OE6': 0.2263991758542519, 'OE7': 6.082237184348798, 'OE8': 2.2076101392244043, 'OE9': 0.050200987644129585}","{'OE1': 49341, 'OE2': 49341, 'OE3': 49341, 'OE4': 49341, 'OE5': 49341, 'OE6': 49253, 'OE7': 12309, 'OE8': 12309, 'OE9': 12284}"
801.0,0.7264072914449571,0.001759881604606024,12672894632.053835,1977.7700299472283,"{'OE1': 39431.06953878737, 'OE2': 39431.06953878738, 'OE3': 14341.478152679349, 'OE4': 14341.478152679349, 'OE5': 14341.478152679349, 'OE6': 11700.734434349746, 'OE7': 3026.02918484587, 'OE8': 2475.4464023270225, 'OE9': 1977.7700299472283}","{'OE1': 9.474966699552667, 'OE2': 6.423522620772211, 'OE3': 6.423521737788178, 'OE4': 8.988942500786138, 'OE5': 8.988942500786138, 'OE6': 0.21961446283845432, 'OE7': 5.9964135288695815, 'OE8': 2.207420066874425, 'OE9': 0.04661811902442892}","{'OE1': 49288, 'OE2': 49288, 'OE3': 49288, 'OE4': 49288, 'OE5': 49288, 'OE6': 49204, 'OE7': 12729, 'OE8': 12729, 'OE9': 12707}"
851.0,0.7889086857543361,0.0018436271800374175,12809837046.69047,1999.4148808396026,"{'OE1': 39670.6647753223, 'OE2': 39670.6647753223, 'OE3': 14640.247675826136, 'OE4': 14640.247675826136, 'OE5': 14640.247675826136, 'OE6': 11997.09913460327, 'OE7': 3031.332024941213, 'OE8': 2490.3050615597085, 'OE9': 1999.4148808396026}","{'OE1': 9.386277362594754, 'OE2': 6.5415510094704885, 'OE3': 6.541523642389703, 'OE4': 9.155123413488292, 'OE5': 9.155123413488292, 'OE6': 0.2068085648554407, 'OE7': 5.843186930122616, 'OE8': 2.215734104555447, 'OE9': 0.05234792536047485}","{'OE1': 49357, 'OE2': 49357, 'OE3': 49357, 'OE4': 49357, 'OE5': 49357, 'OE6': 49276, 'OE7': 12454, 'OE8': 12454, 'OE9': 12436}"
901.0,0.8771953376510737,0.0018782785354345102,12576733645.185787,2058.816715315783,"{'OE1': 39827.16710167586, 'OE2': 39827.16710167586, 'OE3': 14872.342499131224, 'OE4': 14872.342499131226, 'OE5': 14872.342499131226, 'OE6': 12234.784161853757, 'OE7': 3095.5999846339896, 'OE8': 2553.468927800417, 'OE9': 2058.816715315783}","{'OE1': 9.454595555638955, 'OE2': 6.4152131931369425, 'OE3': 6.415232856194919, 'OE4': 8.980075649852608, 'OE5': 8.980075649852608, 'OE6': 0.22620650859338148, 'OE7': 5.99891532834946, 'OE8': 2.197346176902588, 'OE9': 0.05282736150861847}","{'OE1': 49333, 'OE2': 49333, 'OE3': 49333, 'OE4': 49333, 'OE5': 49333, 'OE6': 49239, 'OE7': 12461, 'OE8': 12461, 'OE9': 12439}"
951.0,0.9455924325169462,0.001948649777673606,10589731313.426601,1861.4703857422996,"{'OE1': 39316.34987237941, 'OE2': 39316.34987237941, 'OE3': 13912.53934946533, 'OE4': 13912.53934946533, 'OE5': 13912.53934946533, 'OE6': 11312.923486212138, 'OE7': 2868.783288603122, 'OE8': 2338.9194660044495, 'OE9': 1861.4703857422996}","{'OE1': 9.424053549301734, 'OE2': 6.410214894596528, 'OE3': 6.410214711101176, 'OE4': 8.971610165381193, 'OE5': 8.971610165381193, 'OE6': 0.2282989471372694, 'OE7': 5.987729476201235, 'OE8': 2.2074218322873804, 'OE9': 0.053438546193087244}","{'OE1': 49339, 'OE2': 49339, 'OE3': 49339, 'OE4': 49339, 'OE5': 49339, 'OE6': 49245, 'OE7': 12492, 'OE8': 12492, 'OE9': 12471}"
1001.0,0.9627329154511699,0.0019725480771574603,8515825156.907425,1723.4717774028682,"{'OE1': 38802.11816214779, 'OE2': 38802.11816214779, 'OE3': 13021.499088880875, 'OE4': 13021.499088880877, 'OE5': 13021.499088880877, 'OE6': 10472.759231749304, 'OE7': 2721.8310184201982, 'OE8': 2194.0844378775837, 'OE9': 1723.4717774028682}","{'OE1': 9.409853968083183, 'OE2': 6.396230657657107, 'OE3': 6.396244137148614, 'OE4': 9.139217397571302, 'OE5': 9.139217397571302, 'OE6': 0.23043875103767847, 'OE7': 5.578272943660744, 'OE8': 2.2504052189677264, 'OE9': 0.054025990522883205}","{'OE1': 49315, 'OE2': 49315, 'OE3': 49315, 'OE4': 49315, 'OE5': 49315, 'OE6': 49236, 'OE7': 12802, 'OE8': 12802, 'OE9': 12777}"
1051.0,1.1037754368026071,0.0020793425378079484,7041391715.972142,1658.9540463904943,"{'OE1': 38931.69393387021, 'OE2': 38931.69393387021, 'OE3': 12870.900371104908, 'OE4': 12870.900371104908, 'OE5': 12870.900371104908, 'OE6': 10374.025482578047, 'OE7': 2604.7733462099545, 'OE8': 2104.9028973286577, 'OE9': 1658.9540463904943}","{'OE1': 9.426793839216158, 'OE2': 6.404022384499825, 'OE3': 6.404051847533054, 'OE4': 8.963419425925295, 'OE5': 8.963419425925295, 'OE6': 0.2123711108069713, 'OE7': 5.787153357393618, 'OE8': 2.212727053492074, 'OE9': 0.04905047857983735}","{'OE1': 49354, 'OE2': 49354, 'OE3': 49354, 'OE4': 49354, 'OE5': 49354, 'OE6': 49259, 'OE7': 12372, 'OE8': 12372, 'OE9': 12356}"
1101.0,1.1834905939795135,0.0021454053385761844,5383469390.4114895,1645.4382407918995,"{'OE1': 39033.001797013814, 'OE2': 39033.001797013814, 'OE3': 12662.198007439976, 'OE4': 12662.198007439976, 'OE5': 12662.198007439976, 'OE6': 10235.38655238467, 'OE7': 2569.103975883545, 'OE8': 2081.500190194359, 'OE9': 1645.4382407918995}","{'OE1': 9.462509249024036, 'OE2': 6.536568707338006, 'OE3': 6.536533962826468, 'OE4': 9.146643031153875, 'OE5': 9.146643031153875, 'OE6': 0.22017677048284257, 'OE7': 5.855726737186277, 'OE8': 2.2026732040791197, 'OE9': 0.05119914365288185}","{'OE1': 49348, 'OE2': 49348, 'OE3': 49348, 'OE4': 49348, 'OE5': 49348, 'OE6': 49264, 'OE7': 12371, 'OE8': 12371, 'OE9': 12356}"
1151.0,1.243150170565059,0.0021708514805567716,3440856319.486384,1607.621815640788,"{'OE1': 39124.15117736543, 'OE2': 39124.15117736543, 'OE3': 12352.484419485118, 'OE4': 12352.48441948512, 'OE5': 12352.48441948512, 'OE6': 10009.506001486765, 'OE7': 2499.8417960902757, 'OE8': 2030.0778013817512, 'OE9': 1607.621815640788}","{'OE1': 9.376266899534297, 'OE2': 6.27586683737137, 'OE3': 6.275878816678615, 'OE4': 8.784516546416416, 'OE5': 8.784516546416416, 'OE6': 0.23282321464817846, 'OE7': 6.128696461896352, 'OE8': 2.2059385311435786, 'OE9': 0.05332411234336171}","{'OE1': 49346, 'OE2': 49346, 'OE3': 49346, 'OE4': 49346, 'OE5': 49346, 'OE6': 49266, 'OE7': 12308, 'OE8': 12308, 'OE9': 12288}"
1201.0,1.3253140236549825,0.0021921064487528184,1718943874.602066,1544.3681146339634,"{'OE1': 39192.49909793717, 'OE2': 39192.49909793717, 'OE3': 11869.272357662718, 'OE4': 11869.272357662718, 'OE5': 11869.272357662718, 'OE6': 9632.146343552504, 'OE7': 2395.0269360449956, 'OE8': 1947.7112645838358, 'OE9': 1544.3681146339634}","{'OE1': 9.370454029197681, 'OE2': 6.274294638416931, 'OE3': 6.274327334239118, 'OE4': 8.781709985223603, 'OE5': 8.781709985223603, 'OE6': 0.21130544345153301, 'OE7': 6.076735717027956, 'OE8': 2.203280853378268, 'OE9': 0.047948471926728214}","{'OE1': 49366, 'OE2': 49366, 'OE3': 49366, 'OE4': 49366, 'OE5': 49366, 'OE6': 49287, 'OE7': 12259, 'OE8': 12259, 'OE9': 12239}"
1251.0,1.4660335123896857,0.002226543868959071,560089456.3675245,1518.0142760738681,"{'OE1': 39247.45294846501, 'OE2': 39247.45294846501, 'OE3': 11305.845430428204, 'OE4': 11305.845430428206, 'OE5': 11305.845430428206, 'OE6': 9184.909311931517, 'OE7': 2346.9619571619533, 'OE8': 1911.344526326594, 'OE9': 1518.0142760738681}","{'OE1': 9.39286133206066, 'OE2': 6.274048024227131, 'OE3': 6.274028508014374, 'OE4': 8.780003579324436, 'OE5': 8.780003579324436, 'OE6': 0.22249754067065836, 'OE7': 5.818640489302337, 'OE8': 2.204962509457966, 'OE9': 0.05474294029437665}","{'OE1': 49369, 'OE2': 49369, 'OE3': 49369, 'OE4': 49369, 'OE5': 49369, 'OE6': 49272, 'OE7': 12594, 'OE8': 12594, 'OE9': 12577}"
1301.0,1.4819555318204038,0.00227011803442371,138869462.22106245,1459.4371194869004,"{'OE1': 39291.05846714961, 'OE2': 39291.05846714961, 'OE3': 10667.938830083884, 'OE4': 10667.938830083884, 'OE5': 10667.938830083884, 'OE6': 8682.302765540411, 'OE7': 2250.8516155276143, 'OE8': 1835.682979652437, 'OE9': 1459.4371194869004}","{'OE1': 9.377203798579194, 'OE2': 6.276804703351708, 'OE3': 6.276777615969876, 'OE4': 8.784270634517359, 'OE5': 8.784270634517359, 'OE6': 0.23430963728911602, 'OE7': 6.093703491591569, 'OE8': 2.2060823678206476, 'OE9': 0.050640119211442375}","{'OE1': 49359, 'OE2': 49359, 'OE3': 49359, 'OE4': 49359, 'OE5': 49359, 'OE6': 49279, 'OE7': 12780, 'OE8': 12780, 'OE9': 12758}"
1351.0,1.6021609428325974,0.0023311711463431424,593641271.7186726,1343.9757696383688,"{'OE1': 39273.71251085625, 'OE2': 39273.712510856254, 'OE3': 9881.635927723539, 'OE4': 9881.63592772354, 'OE5': 9881.63592772354, 'OE6': 8047.804391528235, 'OE7': 2070.653165874265, 'OE8': 1689.947716475176, 'OE9': 1343.9757696383688}","{'OE1': 9.41405525661484, 'OE2': 6.285683601721762, 'OE3': 6.285669638701979, 'OE4': 8.794796213203739, 'OE5': 8.794796213203739, 'OE6': 0.2338215766859733, 'OE7': 5.996408484398264, 'OE8': 2.209323132431036, 'OE9': 0.051033114219449865}","{'OE1': 49312, 'OE2': 49312, 'OE3': 49312, 'OE4': 49312, 'OE5': 49312, 'OE6': 49229, 'OE7': 12671, 'OE8': 12671, 'OE9': 12647}"
1401.0,1.7041423228852182,0.002323405654889035,1917819337.6733665,1249.287980920196,"{'OE1': 39278.017439387, 'OE2': 39278.017439387, 'OE3': 9047.533325898501, 'OE4': 9047.533325898501, 'OE5': 9047.533325898501, 'OE6': 7374.054920618933, 'OE7': 1921.945159868057, 'OE8': 1569.36579924132, 'OE9': 1249.287980920196}","{'OE1': 9.437880901781964, 'OE2': 6.27555273573965, 'OE3': 6.275571645173361, 'OE4': 8.783419158518317, 'OE5': 8.783419158518317, 'OE6': 0.22277763807742754, 'OE7': 5.882701052927686, 'OE8': 2.14739040422662, 'OE9': 0.048352503269672054}","{'OE1': 49306, 'OE2': 49306, 'OE3': 49306, 'OE4': 49306, 'OE5': 49306, 'OE6': 49234, 'OE7': 12837, 'OE8': 12837, 'OE9': 12824}"
1451.0,1.770638387396275,0.002494902993769961,3880253068.8554845,1056.340952504823,"{'OE1': 39306.041984938434, 'OE2': 39306.041984938434, 'OE3': 8217.00413303461, 'OE4': 8217.004133034612, 'OE5': 8217.004133034612, 'OE6': 6699.2013695884625, 'OE7': 1625.636430209321, 'OE8': 1328.0068874808298, 'OE9': 1056.340952504823}","{'OE1': 9.429608464420278, 'OE2': 6.274823219064363, 'OE3': 6.2747613119665075, 'OE4': 8.779686977909218, 'OE5': 8.779686977909218, 'OE6': 0.22256783855792484, 'OE7': 5.9608466727068805, 'OE8': 2.1915162466706475, 'OE9': 0.05159414202003859}","{'OE1': 49334, 'OE2': 49334, 'OE3': 49334, 'OE4': 49334, 'OE5': 49334, 'OE6': 49254, 'OE7': 11956, 'OE8': 11956, 'OE9': 11933}"
1501.0,1.9159505516404352,0.002429009696482497,6328993571.590266,1005.2538729089532,"{'OE1': 39318.45552139172, 'OE2': 39318.45552139172, 'OE3': 7413.751453593651, 'OE4': 7413.751453593651, 'OE5': 7413.751453593651, 'OE6': 6045.832893317884, 'OE7': 1546.3563246975466, 'OE8': 1263.7449191933915, 'OE9': 1005.2538729089532}","{'OE1': 9.411761344465187, 'OE2': 6.264165131232149, 'OE3': 6.264179577553129, 'OE4': 8.767566791116675, 'OE5': 8.767566791116675, 'OE6': 0.22016377139327226, 'OE7': 5.984971920154242, 'OE8': 2.209283584567282, 'OE9': 0.05394874274221417}","{'OE1': 49346, 'OE2': 49346, 'OE3': 49346, 'OE4': 49346, 'OE5': 49346, 'OE6': 49258, 'OE7': 12602, 'OE8': 12602, 'OE9': 12578}"
1551.0,1.9018169307485095,0.0024913793711946594,9252939450.454437,903.8647297760006,"{'OE1': 39347.217108100784, 'OE2': 39347.217108100784, 'OE3': 6665.737969690471, 'OE4': 6665.737969690472, 'OE5': 6665.737969690472, 'OE6': 5440.156969617994, 'OE7': 1387.266432356159, 'OE8': 1134.7288440886184, 'OE9': 903.8647297760006}","{'OE1': 9.399013961279234, 'OE2': 6.27004330250434, 'OE3': 6.270091472056572, 'OE4': 8.770366086414121, 'OE5': 8.770366086414121, 'OE6': 0.21564772135169918, 'OE7': 5.971974933087905, 'OE8': 2.196352917230148, 'OE9': 0.05103211787448039}","{'OE1': 49354, 'OE2': 49354, 'OE3': 49354, 'OE4': 49354, 'OE5': 49354, 'OE6': 49262, 'OE7': 12569, 'OE8': 12569, 'OE9': 12552}"
1601.0,2.024280874637043,0.0025683854070052163,11670562205.9784,789.6446011684145,"{'OE1': 39334.77109415812, 'OE2': 39334.77109415812, 'OE3': 5940.1842591357845, 'OE4': 5940.1842591357845, 'OE5': 5940.1842591357845, 'OE6': 4851.7945060000575, 'OE7': 1212.2717832389776, 'OE8': 991.8514018848961, 'OE9': 789.6446011684145}","{'OE1': 9.461612100303904, 'OE2': 6.274310672366923, 'OE3': 6.274272483699471, 'OE4': 8.779405052151109, 'OE5': 8.779405052151109, 'OE6': 0.21566044520061972, 'OE7': 5.733135754138377, 'OE8': 2.1986859871757245, 'OE9': 0.05417565020778364}","{'OE1': 49346, 'OE2': 49346, 'OE3': 49346, 'OE4': 49346, 'OE5': 49346, 'OE6': 49279, 'OE7': 12318, 'OE8': 12318, 'OE9': 12298}"
1651.0,2.0427285573850895,0.002538779958604292,13593206581.737793,721.8436536789982,"{'OE1': 39316.08589658523, 'OE2': 39316.08589658523, 'OE3': 5299.117309157125, 'OE4': 5299.117309157125, 'OE5': 5299.117309157125, 'OE6': 4326.905615021337, 'OE7': 1108.0137228737474, 'OE8': 906.6938357726799, 'OE9': 721.8436536789982}","{'OE1': 9.421750252791115, 'OE2': 6.2740365212263125, 'OE3': 6.274045028699396, 'OE4': 8.779962065663645, 'OE5': 8.779962065663645, 'OE6': 0.21365392539379802, 'OE7': 5.9821504006362325, 'OE8': 2.156968529744124, 'OE9': 0.049640739707357884}","{'OE1': 49338, 'OE2': 49338, 'OE3': 49338, 'OE4': 49338, 'OE5': 49338, 'OE6': 49248, 'OE7': 12618, 'OE8': 12618, 'OE9': 12601}"
1701.0,2.1874959517313073,0.0025525458266224352,14938511307.587503,648.9680192000928,"{'OE1': 39311.58602255274, 'OE2': 39311.58602255274, 'OE3': 4740.647083347098, 'OE4': 4740.647083347098, 'OE5': 4740.647083347098, 'OE6': 3871.9845043194164, 'OE7': 996.614429419706, 'OE8': 815.5700325855194, 'OE9': 648.9680192000928}","{'OE1': 9.47306831062248, 'OE2': 6.286990301120291, 'OE3': 6.287027671997047, 'OE4': 8.796417410235257, 'OE5': 8.796417410235257, 'OE6': 0.2206397752686527, 'OE7': 5.977574246408077, 'OE8': 2.159853656803282, 'OE9': 0.05106964962389468}","{'OE1': 49356, 'OE2': 49356, 'OE3': 49356, 'OE4': 49356, 'OE5': 49356, 'OE6': 49277, 'OE7': 12688, 'OE8': 12688, 'OE9': 12674}"
1751.0,2.286518038041777,0.0026041953262555357,15846006213.787294,587.0776886897945,"{'OE1': 39276.33583953175, 'OE2': 39276.33583953175, 'OE3': 4253.175274296428, 'OE4': 4253.175274296429, 'OE5': 4253.175274296429, 'OE6': 3472.4909807889712, 'OE7': 902.1559302069987, 'OE8': 738.2168284443283, 'OE9': 587.0776886897945}","{'OE1': 9.45048259395712, 'OE2': 6.261247359679235, 'OE3': 6.261258660973562, 'OE4': 8.762853548000773, 'OE5': 8.762853548000773, 'OE6': 0.20809618361319399, 'OE7': 5.9644856435450375, 'OE8': 2.168325964816079, 'OE9': 0.04895015311449802}","{'OE1': 49344, 'OE2': 49344, 'OE3': 49344, 'OE4': 49344, 'OE5': 49344, 'OE6': 49250, 'OE7': 12802, 'OE8': 12802, 'OE9': 12785}"
1801.0,2.501881081186866,0.0027269973677555744,15884080832.222685,514.9057087483845,"{'OE1': 39240.02232336069, 'OE2': 39240.02232336069, 'OE3': 3830.744817916285, 'OE4': 3830.7448179162852, 'OE5': 3830.7448179162852, 'OE6': 3127.4575322006835, 'OE7': 791.997381848382, 'OE8': 647.9456620607025, 'OE9': 514.9057087483845}","{'OE1': 9.374049507469627, 'OE2': 6.273933320941871, 'OE3': 6.273977409167008, 'OE4': 8.776762785280916, 'OE5': 8.776762785280916, 'OE6': 0.2196999784499158, 'OE7': 5.944897399947587, 'OE8': 2.152490626433008, 'OE9': 0.05426040769328011}","{'OE1': 49340, 'OE2': 49340, 'OE3': 49340, 'OE4': 49340, 'OE5': 49340, 'OE6': 49253, 'OE7': 12480, 'OE8': 12480, 'OE9': 12465}"
1851.0,2.4657606466416837,0.0027258390488037717,15192212920.419577,462.520360913048,"{'OE1': 39141.99483081488, 'OE2': 39141.99483081488, 'OE3': 3442.0077753111973, 'OE4': 3442.007775311198, 'OE5': 3442.007775311198, 'OE6': 2807.285659462082, 'OE7': 713.5389118950619, 'OE8': 583.3069700710988, 'OE9': 462.520360913048}","{'OE1': 9.448095465321195, 'OE2': 6.264416381415503, 'OE3': 6.264500080375802, 'OE4': 8.767731848853732, 'OE5': 8.767731848853732, 'OE6': 0.2117759916224431, 'OE7': 5.793385365863065, 'OE8': 2.157637725423575, 'OE9': 0.050634651191471175}","{'OE1': 49294, 'OE2': 49294, 'OE3': 49294, 'OE4': 49294, 'OE5': 49294, 'OE6': 49196, 'OE7': 12509, 'OE8': 12509, 'OE9': 12488}"
1901.0,2.6763019687111864,0.0028161757373857243,14289093111.512463,411.49750656666583,"{'OE1': 39066.62914125387, 'OE2': 39066.62914125387, 'OE3': 3107.0795630886146, 'OE4': 3102.292870168102, 'OE5': 3102.292870168102, 'OE6': 2529.605047231209, 'OE7': 636.4589596185832, 'OE8': 519.7974597847867, 'OE9': 411.49750656666583}","{'OE1': 9.44848661082146, 'OE2': 6.277417186064493, 'OE3': 6.2774545859725706, 'OE4': 8.859158566044314, 'OE5': 8.859158566044314, 'OE6': 0.21866840427826018, 'OE7': 5.745296657158444, 'OE8': 2.1898685004562743, 'OE9': 0.05406269959736171}","{'OE1': 49290, 'OE2': 49290, 'OE3': 49290, 'OE4': 49214, 'OE5': 49214, 'OE6': 49150, 'OE7': 12372, 'OE8': 12372, 'OE9': 12356}"
1951.0,2.7295893569228156,0.002607918930637246,12837835386.877502,398.16707618637247,"{'OE1': 39048.779492923175, 'OE2': 39048.779492923175, 'OE3': 2820.0722957633798, 'OE4': 2802.5457593188567, 'OE5': 2802.5457593188567, 'OE6': 2281.5780822504507, 'OE7': 617.8743717525716, 'OE8': 504.0570267928273, 'OE9': 398.16707618637247}","{'OE1': 9.41637302442522, 'OE2': 6.272488526928733, 'OE3': 6.2725313767071285, 'OE4': 8.93013157673875, 'OE5': 8.93013157673875, 'OE6': 0.2248329913141357, 'OE7': 6.021484372789228, 'OE8': 2.148520077766346, 'OE9': 0.05435099240974822}","{'OE1': 49371, 'OE2': 49371, 'OE3': 49371, 'OE4': 49064, 'OE5': 49064, 'OE6': 48978, 'OE7': 13270, 'OE8': 13270, 'OE9': 13252}"
2001.0,2.789090304583169,0.002777297305926069,11156499371.550644,339.9484971886696,"{'OE1': 38937.731125437575, 'OE2': 38937.731125437575, 'OE3': 2563.654191925321, 'OE4': 2526.305956830626, 'OE5': 2526.305956830626, 'OE6': 2054.274836665255, 'OE7': 529.547103149238, 'OE8': 431.45030391632844, 'OE9': 339.9484971886696}","{'OE1': 9.416640911219385, 'OE2': 6.269574086481621, 'OE3': 6.26957951887225, 'OE4': 8.818216514550892, 'OE5': 8.818216514550892, 'OE6': 0.21531430692270925, 'OE7': 5.713318572405353, 'OE8': 2.1270381944144767, 'OE9': 0.05042073666134593}","{'OE1': 49347, 'OE2': 49347, 'OE3': 49347, 'OE4': 48628, 'OE5': 48628, 'OE6': 48547, 'OE7': 12522, 'OE8': 12522, 'OE9': 12502}"
2051.0,2.8954532080967965,0.0028420745181815302,9377055791.832432,304.5857091851237,"{'OE1': 38825.11671660949, 'OE2': 38825.11671660949, 'OE3': 2338.5846257609956, 'OE4': 2287.5607405920373, 'OE5': 2287.5607405920373, 'OE6': 1858.2268772799266, 'OE7': 476.19109545013674, 'OE8': 387.56721604636135, 'OE9': 304.5857091851237}","{'OE1': 9.424412159673883, 'OE2': 6.2657484858173245, 'OE3': 6.265761914456538, 'OE4': 8.70945801561996, 'OE5': 8.70945801561996, 'OE6': 0.23495842613425993, 'OE7': 5.955937514955346, 'OE8': 2.0999663694568884, 'OE9': 0.0504435897686637}","{'OE1': 49314, 'OE2': 49314, 'OE3': 49314, 'OE4': 48238, 'OE5': 48238, 'OE6': 48160, 'OE7': 12348, 'OE8': 12348, 'OE9': 12325}"
2101.0,2.947185312469628,0.0028880783462437074,7465301644.416443,275.39435547308875,"{'OE1': 38736.10046371698, 'OE2': 38736.10046371698, 'OE3': 2141.5346371742658, 'OE4': 2078.6712947527467, 'OE5': 2078.6712947527467, 'OE6': 1685.7654872907704, 'OE7': 432.2396179769934, 'OE8': 351.3507659068204, 'OE9': 275.39435547308875}","{'OE1': 9.384822575677285, 'OE2': 6.280802113050669, 'OE3': 6.280745125566993, 'OE4': 8.604087113125361, 'OE5': 8.604087113125361, 'OE6': 0.2200374044240645, 'OE7': 5.862835184531902, 'OE8': 2.1104855926918376, 'OE9': 0.05204961418336945}","{'OE1': 49328, 'OE2': 49328, 'OE3': 49328, 'OE4': 47879, 'OE5': 47879, 'OE6': 47785, 'OE7': 12257, 'OE8': 12257, 'OE9': 12235}"
2151.0,3.1337166861594596,0.002990431224420056,5295071898.284652,239.924291729043,"{'OE1': 38592.19197254526, 'OE2': 38592.19197254526, 'OE3': 1954.6016437802573, 'OE4': 1882.134365197978, 'OE5': 1882.134365197978, 'OE6': 1524.0092606307342, 'OE7': 378.7961255245686, 'OE8': 307.26586813754966, 'OE9': 239.924291729043}","{'OE1': 9.432516116104997, 'OE2': 6.280594440320796, 'OE3': 6.280586669170754, 'OE4': 8.507756496827042, 'OE5': 8.507756496827042, 'OE6': 0.2080591290492546, 'OE7': 5.9236875645366425, 'OE8': 2.0835881491834107, 'OE9': 0.04962143814362352}","{'OE1': 49326, 'OE2': 49326, 'OE3': 49326, 'OE4': 47496, 'OE5': 47496, 'OE6': 47428, 'OE7': 11796, 'OE8': 11796, 'OE9': 11772}"
2201.0,3.199590930740669,0.0028352603043957,2913324711.688783,230.49882305353032,"{'OE1': 38438.75638067419, 'OE2': 38438.75638067419, 'OE3': 1788.6896017492925, 'OE4': 1711.3759799863233, 'OE5': 1711.3759799863233, 'OE6': 1382.3080878440153, 'OE7': 366.2631482158888, 'OE8': 296.403032489417, 'OE9': 230.49882305353032}","{'OE1': 9.383959157491073, 'OE2': 6.255801816100399, 'OE3': 6.255798844965786, 'OE4': 8.408397746253744, 'OE5': 8.408397746253744, 'OE6': 0.2114973373063498, 'OE7': 5.899861065089537, 'OE8': 2.0243334513671583, 'OE9': 0.04897836569530331}","{'OE1': 49335, 'OE2': 49335, 'OE3': 49335, 'OE4': 47201, 'OE5': 47201, 'OE6': 47129, 'OE7': 12496, 'OE8': 12496, 'OE9': 12470}"
2251.0,3.4578735874911217,0.0028912643996702727,1130875050.3203073,207.0885145448006,"{'OE1': 38290.69905714434, 'OE2': 38290.69905714434, 'OE3': 1641.85585994691, 'OE4': 1560.2371599695473, 'OE5': 1560.2371599695473, 'OE6': 1256.8252771669722, 'OE7': 331.54588831767455, 'OE8': 267.6048007635599, 'OE9': 207.0885145448006}","{'OE1': 9.438085039803589, 'OE2': 6.2768220117258196, 'OE3': 6.276845050527024, 'OE4': 8.316030462049916, 'OE5': 8.316030462049916, 'OE6': 0.224423300509215, 'OE7': 5.895249745122719, 'OE8': 1.9571758531924592, 'OE9': 0.05177986874535745}","{'OE1': 49376, 'OE2': 49376, 'OE3': 49376, 'OE4': 46919, 'OE5': 46919, 'OE6': 46845, 'OE7': 12365, 'OE8': 12365, 'OE9': 12341}"
2301.0,3.614646762431221,0.0030370364664123253,970209202.9014163,180.09315126727518,"{'OE1': 38067.96845815747, 'OE2': 38067.96845815747, 'OE3': 1508.1102719405158, 'OE4': 1423.0915245946478, 'OE5': 1423.0915245946478, 'OE6': 1142.7453759861417, 'OE7': 290.65438957694204, 'OE8': 233.91399532639713, 'OE9': 180.09315126727518}","{'OE1': 9.42127502448452, 'OE2': 6.276486658773716, 'OE3': 6.276402393234005, 'OE4': 8.223060351393489, 'OE5': 8.223060351393489, 'OE6': 0.21939312008188377, 'OE7': 6.005674782791413, 'OE8': 2.0110010036427317, 'OE9': 0.049762911833564516}","{'OE1': 49349, 'OE2': 49349, 'OE3': 49349, 'OE4': 46565, 'OE5': 46565, 'OE6': 46482, 'OE7': 11831, 'OE8': 11831, 'OE9': 11811}"
2351.0,3.581828440761001,0.00313126211227154,1070093249.0336875,158.84660083011096,"{'OE1': 37855.871822948684, 'OE2': 37855.871822948684, 'OE3': 1388.9570193209047, 'OE4': 1301.4173756425757, 'OE5': 1301.4173756425757, 'OE6': 1041.9164144388621, 'OE7': 258.7782555124106, 'OE8': 207.5819263715949, 'OE9': 158.84660083011096}","{'OE1': 9.428267250474622, 'OE2': 6.284818451523494, 'OE3': 6.2848060318037735, 'OE4': 8.135635891438806, 'OE5': 8.135635891438806, 'OE6': 0.21881998848623208, 'OE7': 5.963640142934038, 'OE8': 1.9498671333267015, 'OE9': 0.04790221306093656}","{'OE1': 49368, 'OE2': 49368, 'OE3': 49368, 'OE4': 46255, 'OE5': 46255, 'OE6': 46188, 'OE7': 11479, 'OE8': 11479, 'OE9': 11459}"
2401.0,3.7738716055864643,0.0031274960442834706,1405804642.73188,145.60190810438596,"{'OE1': 37585.22328092525, 'OE2': 37585.22328092526, 'OE3': 1278.221374621161, 'OE4': 1189.9342536835425, 'OE5': 1189.9342536835425, 'OE6': 948.6085846260263, 'OE7': 240.16878842280704, 'OE8': 191.91141421024918, 'OE9': 145.60190810438596}","{'OE1': 9.428699281025695, 'OE2': 6.251736145529119, 'OE3': 6.251757112397121, 'OE4': 8.048452282365316, 'OE5': 8.048452282365316, 'OE6': 0.2196384135721008, 'OE7': 5.9564592081158505, 'OE8': 1.9616462882672687, 'OE9': 0.04821148911453976}","{'OE1': 49363, 'OE2': 49363, 'OE3': 49363, 'OE4': 45954, 'OE5': 45954, 'OE6': 45871, 'OE7': 11620, 'OE8': 11620, 'OE9': 11587}"
2451.0,3.833254414052135,0.003137744046704572,1525745873.8791816,130.76840996718252,"{'OE1': 37241.99362079748, 'OE2': 37241.99362079748, 'OE3': 1168.821119321861, 'OE4': 1081.2917688371733, 'OE5': 1081.2917688371733, 'OE6': 857.2412266539429, 'OE7': 218.74035477022187, 'OE8': 173.86054356798076, 'OE9': 130.76840996718252}","{'OE1': 9.394521028500876, 'OE2': 6.263721371099692, 'OE3': 6.263780607299035, 'OE4': 7.9687159101930725, 'OE5': 7.9687159101930725, 'OE6': 0.21756762156331044, 'OE7': 5.769511985434989, 'OE8': 1.8728638402582867, 'OE9': 0.05065853532349668}","{'OE1': 49377, 'OE2': 49377, 'OE3': 49377, 'OE4': 45677, 'OE5': 45677, 'OE6': 45588, 'OE7': 11639, 'OE8': 11639, 'OE9': 11618}"
2501.0,4.003374618115686,0.00314151928144826,1513722475.5226734,116.68609044468324,"{'OE1': 36794.514256207, 'OE2': 36794.514256207, 'OE3': 1067.9631112349366, 'OE4': 981.280908629255, 'OE5': 981.280908629255, 'OE6': 773.5464482438881, 'OE7': 198.34838180973077, 'OE8': 156.7211164296626, 'OE9': 116.68609044468324}","{'OE1': 9.454851478310067, 'OE2': 6.276898670210561, 'OE3': 6.276905216459664, 'OE4': 7.889130243961399, 'OE5': 7.889130243961399, 'OE6': 0.227224868584147, 'OE7': 6.053481137977405, 'OE8': 1.894551413175548, 'OE9': 0.05050186102298257}","{'OE1': 49316, 'OE2': 49316, 'OE3': 49316, 'OE4': 45312, 'OE5': 45312, 'OE6': 45238, 'OE7': 11609, 'OE8': 11609, 'OE9': 11595}"
2551.0,4.073702302557649,0.0031642544816493307,1474379020.4863462,104.74224447991936,"{'OE1': 36328.14317808244, 'OE2': 36328.14317808244, 'OE3': 977.0241600066769, 'OE4': 892.8975600435674, 'OE5': 892.8975600435674, 'OE6': 699.3055290925449, 'OE7': 181.5598031025688, 'OE8': 142.50845857503157, 'OE9': 104.74224447991936}","{'OE1': 9.440782144178211, 'OE2': 6.276114091772627, 'OE3': 6.276055782176712, 'OE4': 7.809420745301896, 'OE5': 7.809420745301896, 'OE6': 0.2208019026203072, 'OE7': 6.019807285648948, 'OE8': 1.8758505804496373, 'OE9': 0.054390413153143635}","{'OE1': 49307, 'OE2': 49307, 'OE3': 49307, 'OE4': 45060, 'OE5': 45060, 'OE6': 44995, 'OE7': 11693, 'OE8': 11693, 'OE9': 11677}"
2601.0,4.285196337732486,0.0033238641423326454,1329088573.5482454,87.47391970907358,"{'OE1': 35825.04285192789, 'OE2': 35825.04285192789, 'OE3': 894.5030566726591, 'OE4': 813.6016334719898, 'OE5': 813.6016334719898, 'OE6': 632.2453239527151, 'OE7': 155.49188828695839, 'OE8': 121.14333069850113, 'OE9': 87.47391970907358}","{'OE1': 9.458187576989614, 'OE2': 6.278174085856227, 'OE3': 6.278174526228751, 'OE4': 7.73314250823021, 'OE5': 7.73314250823021, 'OE6': 0.21003152806642827, 'OE7': 6.1329708431029335, 'OE8': 1.8554128829117822, 'OE9': 0.052367853189374924}","{'OE1': 49345, 'OE2': 49345, 'OE3': 49345, 'OE4': 44882, 'OE5': 44882, 'OE6': 44808, 'OE7': 11028, 'OE8': 11028, 'OE9': 10998}"
2651.0,4.44027023397075,0.0032603945167660534,1160840682.2794182,77.84250851261422,"{'OE1': 35116.83531132658, 'OE2': 35116.83531132658, 'OE3': 807.951331626719, 'OE4': 731.1981605930562, 'OE5': 731.1981605930562, 'OE6': 562.3406621081913, 'OE7': 142.76201249342546, 'OE8': 110.08398804155114, 'OE9': 77.84250851261422}","{'OE1': 9.43077883025196, 'OE2': 6.266800201091579, 'OE3': 6.266832178196543, 'OE4': 7.660340862505166, 'OE5': 7.660340862505166, 'OE6': 0.21430406339212754, 'OE7': 5.68850144283705, 'OE8': 1.8533326655816407, 'OE9': 0.048080851062316854}","{'OE1': 49373, 'OE2': 49373, 'OE3': 49373, 'OE4': 44682, 'OE5': 44682, 'OE6': 44613, 'OE7': 11336, 'OE8': 11336, 'OE9': 11312}"
2701.0,4.478658935842759,0.0034065454914076424,931638544.62937,64.68847947770506,"{'OE1': 34167.154229096916, 'OE2': 34167.154229096916, 'OE3': 723.2498151191942, 'OE4': 651.3695942896388, 'OE5': 651.3695942896388, 'OE6': 494.61426873245097, 'OE7': 123.51853933173511, 'OE8': 94.05936161733561, 'OE9': 64.68847947770506}","{'OE1': 9.463886544851393, 'OE2': 6.006817130887072, 'OE3': 6.006873634679137, 'OE4': 7.5915064448393235, 'OE5': 7.5915064448393235, 'OE6': 0.20263762722989542, 'OE7': 5.949443960660055, 'OE8': 1.8394230500416553, 'OE9': 0.048108018304872935}","{'OE1': 49321, 'OE2': 49321, 'OE3': 49321, 'OE4': 44419, 'OE5': 44419, 'OE6': 44355, 'OE7': 11087, 'OE8': 11087, 'OE9': 11066}"
2751.0,4.457868511070046,0.0032812612195171724,714885545.2898977,55.59803161681409,"{'OE1': 33038.543908228385, 'OE2': 33038.543908228385, 'OE3': 644.3823386977964, 'OE4': 578.3472854761883, 'OE5': 578.3472854761883, 'OE6': 432.65869605001063, 'OE7': 111.64268431149107, 'OE8': 83.78717806769686, 'OE9': 55.59803161681409}","{'OE1': 9.366180823461498, 'OE2': 6.00223722773205, 'OE3': 6.002172225321136, 'OE4': 7.5210716053893, 'OE5': 7.5210716053893, 'OE6': 0.21067118190474915, 'OE7': 5.855571061665822, 'OE8': 1.8163806749152567, 'OE9': 0.05122890821368932}","{'OE1': 49310, 'OE2': 49310, 'OE3': 49310, 'OE4': 44254, 'OE5': 44254, 'OE6': 44188, 'OE7': 11416, 'OE8': 11416, 'OE9': 11390}"
2801.0,4.83312654295878,0.003318707998754357,593370953.7139473,41.80072251776176,"{'OE1': 31269.243732353698, 'OE2': 31269.243732353698, 'OE3': 551.4292658251024, 'OE4': 491.34035425866773, 'OE5': 491.34035425866773, 'OE6': 358.7525071204967, 'OE7': 91.599568013691, 'OE8': 67.1628259914799, 'OE9': 41.80072251776176}","{'OE1': 9.448302503667982, 'OE2': 6.012683580688192, 'OE3': 6.0126315229270695, 'OE4': 7.448446569360026, 'OE5': 7.448446569360026, 'OE6': 0.20507066856652933, 'OE7': 6.112401001682912, 'OE8': 1.8297046029497723, 'OE9': 0.05141899110451871}","{'OE1': 49368, 'OE2': 49368, 'OE3': 49368, 'OE4': 43987, 'OE5': 43987, 'OE6': 43907, 'OE7': 11226, 'OE8': 11226, 'OE9': 11203}"
2851.0,4.834856625208886,0.0034267029947162835,453223927.00690323,28.948197040107324,"{'OE1': 28709.82856015111, 'OE2': 28709.82856015111, 'OE3': 456.7979348786573, 'OE4': 405.5800503908929, 'OE5': 405.5800503908929, 'OE6': 287.2353370603428, 'OE7': 71.6072922480571, 'OE8': 50.95731603186354, 'OE9': 28.948197040107324}","{'OE1': 9.443206638719696, 'OE2': 6.0066408042828145, 'OE3': 6.006660414921667, 'OE4': 7.388778937609143, 'OE5': 7.388778937609143, 'OE6': 0.20998868500178364, 'OE7': 5.849896847314497, 'OE8': 1.776582454829122, 'OE9': 0.050529691952648906}","{'OE1': 49318, 'OE2': 49318, 'OE3': 49318, 'OE4': 43790, 'OE5': 43790, 'OE6': 43733, 'OE7': 10916, 'OE8': 10916, 'OE9': 10899}"
2901.0,5.0405525790956744,0.003458126649684769,257042629.36756682,15.952472695964373,"{'OE1': 24075.8735037447, 'OE2': 24075.8735037447, 'OE3': 335.11146433242584, 'OE4': 296.05862043398537, 'OE5': 296.05862043398537, 'OE6': 198.19436227864946, 'OE7': 49.528443018188256, 'OE8': 33.40790839179016, 'OE9': 15.952472695964373}","{'OE1': 9.373537787362341, 'OE2': 5.874582632269863, 'OE3': 5.874598627079299, 'OE4': 7.325488034391077, 'OE5': 7.325488034391077, 'OE6': 0.2112687712335336, 'OE7': 5.842910174876316, 'OE8': 1.800230355593115, 'OE9': 0.047947528112722265}","{'OE1': 49395, 'OE2': 49395, 'OE3': 49395, 'OE4': 43642, 'OE5': 43642, 'OE6': 43580, 'OE7': 10901, 'OE8': 10901, 'OE9': 10885}"
2951.0,5.023892569657619,0.003282006465545498,74758422.57783729,4.85722856400426,"{'OE1': 15680.794533268001, 'OE2': 15680.794533268001, 'OE3': 179.32672956015273, 'OE4': 157.61630838252813, 'OE5': 157.61630838252813, 'OE6': 92.3369725822199, 'OE7': 24.69138986995779, 'OE8': 14.67813583303534, 'OE9': 4.85722856400426}","{'OE1': 9.39067486607731, 'OE2': 6.015654938360962, 'OE3': 6.015593788855702, 'OE4': 7.261741327436779, 'OE5': 7.261741327436779, 'OE6': 0.21179135693634177, 'OE7': 5.743524823310956, 'OE8': 1.783733683371825, 'OE9': 0.052756984947017097}","{'OE1': 49385, 'OE2': 49385, 'OE3': 49385, 'OE4': 43403, 'OE5': 43403, 'OE6': 43340, 'OE7': 11666, 'OE8': 11666, 'OE9': 11641}"
3001.0,5.174735966011212,0.003442427349293114,5530358.586058239,0.3482499557608536,"{'OE1': 7602.487763471578, 'OE2': 7602.487763471578, 'OE3': 67.87514315044287, 'OE4': 59.39324356948142, 'OE5': 59.39324356948142, 'OE6': 19.876760361819382, 'OE7': 5.5770292897872595, 'OE8': 2.1191783811653786, 'OE9': 0.3482499557608536}","{'OE1': 9.45798942619938, 'OE2': 5.738906067491623, 'OE3': 5.738917376262263, 'OE4': 7.202371199193298, 'OE5': 7.202371199193298, 'OE6': 0.21894173338879908, 'OE7': 6.046306122579985, 'OE8': 1.7533982343217447, 'OE9': 0.05221116379220718}","{'OE1': 49336, 'OE2': 49336, 'OE3': 49336, 'OE4': 43188, 'OE5': 43188, 'OE6': 43128, 'OE7': 11109, 'OE8': 11109, 'OE9': 11082}"
3051.0,5.35589887738297,0.003506487848199182,2686545.893817418,0.1714453261582621,"{'OE1': 7568.0460858142105, 'OE2': 7568.0460858142105, 'OE3': 81.39436441497294, 'OE4': 70.89276510797589, 'OE5': 70.89276510797589, 'OE6': 17.655874963621383, 'OE7': 4.432717382905924, 'OE8': 1.1063143481582483, 'OE9': 0.1714453261582621}","{'OE1': 9.439355480844025, 'OE2': 5.737650727734634, 'OE3': 5.73776859465338, 'OE4': 7.1434570517031215, 'OE5': 7.1434570517031215, 'OE6': 0.22770745003571208, 'OE7': 5.890536706578105, 'OE8': 1.7049557642189557, 'OE9': 0.054146820469104504}","{'OE1': 49370, 'OE2': 49370, 'OE3': 49370, 'OE4': 43000, 'OE5': 43000, 'OE6': 42938, 'OE7': 10878, 'OE8': 10878, 'OE9': 10851}"
3101.0,5.311223690165207,0.0035264685964115174,3466473.8843502672,0.23253011553943417,"{'OE1': 7999.315750614384, 'OE2': 7999.315750614384, 'OE3': 90.85169722966536, 'OE4': 78.87778535013275, 'OE5': 78.87778535013275, 'OE6': 20.924751473140603, 'OE7': 5.325658390146, 'OE8': 1.4188771053953106, 'OE9': 0.23253011553943417}","{'OE1': 9.433262387879884, 'OE2': 5.740280201150409, 'OE3': 5.740348462346273, 'OE4': 7.08589373649871, 'OE5': 7.08589373649871, 'OE6': 0.21566073332506225, 'OE7': 6.071979333760112, 'OE8': 1.6934244172341573, 'OE9': 0.04903397014662586}","{'OE1': 49367, 'OE2': 49367, 'OE3': 49367, 'OE4': 42864, 'OE5': 42864, 'OE6': 42796, 'OE7': 10959, 'OE8': 10959, 'OE9': 10941}"
3151.0,5.606935364050969,0.003571986947035253,1578170.050718823,0.11282763100587401,"{'OE1': 7015.538180354008, 'OE2': 7015.538180354008, 'OE3': 80.99079201106551, 'OE4': 70.11274772474981, 'OE5': 70.11274772474981, 'OE6': 15.902426030811943, 'OE7': 3.7677417406795626, 'OE8': 0.8109380907424211, 'OE9': 0.11282763100587401}","{'OE1': 9.426824419625815, 'OE2': 5.465578045068918, 'OE3': 5.465688666589218, 'OE4': 7.030503711126119, 'OE5': 7.030503711126119, 'OE6': 0.22406901044274063, 'OE7': 5.951466553101394, 'OE8': 1.7132695352584548, 'OE9': 0.049013756352582566}","{'OE1': 49353, 'OE2': 49353, 'OE3': 49353, 'OE4': 42723, 'OE5': 42723, 'OE6': 42675, 'OE7': 10838, 'OE8': 10838, 'OE9': 10813}"
3201.0,5.720172567995178,0.0037043281423002677,2418493.4255150533,0.1765956418010705,"{'OE1': 7512.516407472655, 'OE2': 7512.516407472656, 'OE3': 96.37342291738864, 'OE4': 83.04066813965532, 'OE5': 83.04066813965532, 'OE6': 19.69746586830656, 'OE7': 4.843424489973356, 'OE8': 1.1520165006152066, 'OE9': 0.1765956418010705}","{'OE1': 9.419194152265911, 'OE2': 5.612992754872551, 'OE3': 5.613097331097119, 'OE4': 6.970769376847496, 'OE5': 6.970769376847517, 'OE6': 0.2277708909655582, 'OE7': 6.064727527709075, 'OE8': 1.665733869792077, 'OE9': 0.04923965968696112}","{'OE1': 49329, 'OE2': 49329, 'OE3': 49329, 'OE4': 42507, 'OE5': 42507, 'OE6': 42445, 'OE7': 10499, 'OE8': 10499, 'OE9': 10470}"
3251.0,6.034077062144206,0.0036881290621026486,3223809.405427727,0.2441834895942864,"{'OE1': 8018.383881498214, 'OE2': 8018.383881498214, 'OE3': 109.32250223102004, 'OE4': 93.80187853378949, 'OE5': 93.80187853378949, 'OE6': 23.836166081547283, 'OE7': 5.845903382929869, 'OE8': 1.49119514330421, 'OE9': 0.2441834895942864}","{'OE1': 9.386926722367102, 'OE2': 5.602818336078177, 'OE3': 5.602882472647819, 'OE4': 6.91894369619196, 'OE5': 6.91894369619196, 'OE6': 0.22080699313159824, 'OE7': 6.128850604463962, 'OE8': 1.6582252036594813, 'OE9': 0.050378326042650245}","{'OE1': 49354, 'OE2': 49354, 'OE3': 49354, 'OE4': 42347, 'OE5': 42347, 'OE6': 42277, 'OE7': 10426, 'OE8': 10426, 'OE9': 10409}"
3301.0,6.110944402771565,0.0035523883730237725,3215584.382749889,0.2632296408967961,"{'OE1': 7992.267710336352, 'OE2': 7992.267710336352, 'OE3': 110.30198562115348, 'OE4': 94.35930454261982, 'OE5': 94.35930454261982, 'OE6': 24.2953043195508, 'OE7': 6.234298022704411, 'OE8': 1.6110209915012637, 'OE9': 0.2632296408967961}","{'OE1': 9.40913514721243, 'OE2': 5.351605832616215, 'OE3': 5.351638827814291, 'OE4': 6.865775204089132, 'OE5': 6.865775204089132, 'OE6': 0.21655261100925904, 'OE7': 5.704126158710138, 'OE8': 1.648538419864528, 'OE9': 0.04914095780454886}","{'OE1': 49312, 'OE2': 49312, 'OE3': 49312, 'OE4': 42186, 'OE5': 42186, 'OE6': 42118, 'OE7': 10873, 'OE8': 10873, 'OE9': 10851}"
3351.0,6.249927782616396,0.0036136625822440756,2589611.2260880442,0.2224080476649098,"{'OE1': 7633.047011268229, 'OE2': 7633.047011268229, 'OE3': 103.4602874314419, 'OE4': 88.22347160032368, 'OE5': 88.22347160032368, 'OE6': 22.180563248968898, 'OE7': 5.670916772413257, 'OE8': 1.4303971691142814, 'OE9': 0.2224080476649098}","{'OE1': 9.402403608750047, 'OE2': 5.335860249127862, 'OE3': 5.335826510463821, 'OE4': 6.816637910732233, 'OE5': 6.816637910732233, 'OE6': 0.23012501836417065, 'OE7': 6.089145707443793, 'OE8': 1.6309737689022996, 'OE9': 0.051926932508710166}","{'OE1': 49322, 'OE2': 49322, 'OE3': 49322, 'OE4': 42058, 'OE5': 42058, 'OE6': 41990, 'OE7': 10785, 'OE8': 10785, 'OE9': 10765}"
3401.0,6.137854081350724,0.003746545512413754,2052116.1712579562,0.18483845529100082,"{'OE1': 7273.044051627963, 'OE2': 7273.044051627964, 'OE3': 97.19948160288807, 'OE4': 82.55791939576385, 'OE5': 82.55791939576385, 'OE6': 20.127252678910047, 'OE7': 5.028604608787385, 'OE8': 1.23685501810011, 'OE9': 0.18483845529100082}","{'OE1': 9.423267939876455, 'OE2': 5.4752587336246386, 'OE3': 5.475202315038908, 'OE4': 6.764757954510598, 'OE5': 6.764757954510598, 'OE6': 0.21237001172761022, 'OE7': 5.935086632469362, 'OE8': 1.6282963052151678, 'OE9': 0.05202202311515608}","{'OE1': 49381, 'OE2': 49381, 'OE3': 49381, 'OE4': 41944, 'OE5': 41944, 'OE6': 41883, 'OE7': 10477, 'OE8': 10477, 'OE9': 10457}"
3451.0,6.308566897734636,0.003697690192181425,1810153.9692992556,0.17967293314481675,"{'OE1': 7186.05066770895, 'OE2': 7186.05066770895, 'OE3': 101.51928930000389, 'OE4': 86.07805976500981, 'OE5': 86.07805976500981, 'OE6': 20.34991419852475, 'OE7': 5.149146706169418, 'OE8': 1.2202637160535672, 'OE9': 0.17967293314481675}","{'OE1': 9.471414161020183, 'OE2': 5.333895719417239, 'OE3': 5.3337987279138765, 'OE4': 6.7165804057980285, 'OE5': 6.7165804057980285, 'OE6': 0.22182282819147886, 'OE7': 6.113962403783706, 'OE8': 1.615235214940114, 'OE9': 0.05139614196559207}","{'OE1': 49340, 'OE2': 49340, 'OE3': 49340, 'OE4': 41836, 'OE5': 41836, 'OE6': 41787, 'OE7': 10646, 'OE8': 10646, 'OE9': 10630}"
3501.0,6.457100838677434,0.0036958887002004597,1815402.176979665,0.19079690357964102,"{'OE1': 7196.150030610396, 'OE2': 7196.150030610396, 'OE3': 103.42860989341986, 'OE4': 87.45220177709902, 'OE5': 87.45220177709902, 'OE6': 20.992142563239966, 'OE7': 5.388836898525293, 'OE8': 1.2974965761114958, 'OE9': 0.19079690357964102}","{'OE1': 9.424587137698637, 'OE2': 5.344019322721945, 'OE3': 5.343943941522706, 'OE4': 6.66834725974682, 'OE5': 6.66834725974682, 'OE6': 0.2294377537744342, 'OE7': 6.158548204593554, 'OE8': 1.6077072095888667, 'OE9': 0.04978537440240624}","{'OE1': 49342, 'OE2': 49342, 'OE3': 49342, 'OE4': 41722, 'OE5': 41722, 'OE6': 41652, 'OE7': 10755, 'OE8': 10755, 'OE9': 10734}"
3551.0,6.40154300103859,0.003859719429036981,1675182.394289527,0.1776910891719455,"{'OE1': 7063.547555441961, 'OE2': 7063.547555441961, 'OE3': 101.94267816660684, 'OE4': 85.82319745806042, 'OE5': 85.82319745806042, 'OE6': 20.582973640328277, 'OE7': 5.106613587122121, 'OE8': 1.22842564556167, 'OE9': 0.1776910891719455}","{'OE1': 9.405930693520634, 'OE2': 5.340164286267122, 'OE3': 5.340142516100723, 'OE4': 6.621123470633448, 'OE5': 6.621123470633448, 'OE6': 0.20087836739838516, 'OE7': 5.912633443952519, 'OE8': 1.6244689339315515, 'OE9': 0.05073568903531715}","{'OE1': 49328, 'OE2': 49328, 'OE3': 49328, 'OE4': 41529, 'OE5': 41529, 'OE6': 41477, 'OE7': 10341, 'OE8': 10341, 'OE9': 10319}"
3601.0,6.9397943423027755,0.0038621746110330877,1358591.018915483,0.1558746516072596,"{'OE1': 6814.939714424276, 'OE2': 6814.939714424276, 'OE3': 97.6334436146615, 'OE4': 82.03111824293555, 'OE5': 82.03111824293555, 'OE6': 19.318882447886782, 'OE7': 4.724785838245696, 'OE8': 1.1160440468509991, 'OE9': 0.1558746516072596}","{'OE1': 9.420095327144976, 'OE2': 5.344121861453122, 'OE3': 5.3440759725289055, 'OE4': 6.573307473021407, 'OE5': 6.573307473021407, 'OE6': 0.21759202712207965, 'OE7': 6.04818939480819, 'OE8': 1.6067814699719745, 'OE9': 0.048400234672399345}","{'OE1': 49350, 'OE2': 49350, 'OE3': 49350, 'OE4': 41464, 'OE5': 41464, 'OE6': 41381, 'OE7': 10190, 'OE8': 10190, 'OE9': 10172}"
3651.0,7.0689748748218335,0.0039533277690252605,1127603.2708613249,0.13757137851057763,"{'OE1': 6546.728789655241, 'OE2': 6546.728789655241, 'OE3': 92.97290487959694, 'OE4': 77.85468998725746, 'OE5': 77.85468998725746, 'OE6': 17.956904158259153, 'OE7': 4.441366339530328, 'OE8': 1.0264586122890607, 'OE9': 0.13757137851057763}","{'OE1': 9.42245306490397, 'OE2': 5.211705706504102, 'OE3': 5.211636990580979, 'OE4': 6.529455879522498, 'OE5': 6.529455879522498, 'OE6': 0.22858012688793866, 'OE7': 5.819264242623106, 'OE8': 1.6013892390945286, 'OE9': 0.050364444506717954}","{'OE1': 49345, 'OE2': 49345, 'OE3': 49345, 'OE4': 41320, 'OE5': 41320, 'OE6': 41244, 'OE7': 10267, 'OE8': 10267, 'OE9': 10251}"
3701.0,7.027230635938395,0.003906876050175667,884786.9945031721,0.11893415254925677,"{'OE1': 6260.68818824659, 'OE2': 6260.68818824659, 'OE3': 87.97782144477584, 'OE4': 73.44424192744555, 'OE5': 73.44424192744555, 'OE6': 16.514411369656496, 'OE7': 4.118561437579057, 'OE8': 0.926619444139233, 'OE9': 0.11893415254925677}","{'OE1': 9.423364936090174, 'OE2': 5.202013424621908, 'OE3': 5.201953030506935, 'OE4': 6.487362129022506, 'OE5': 6.487362129022506, 'OE6': 0.2278514160953794, 'OE7': 5.546175616875269, 'OE8': 1.5865655811739767, 'OE9': 0.04767413331897338}","{'OE1': 49326, 'OE2': 49326, 'OE3': 49326, 'OE4': 41181, 'OE5': 41181, 'OE6': 41122, 'OE7': 10335, 'OE8': 10335, 'OE9': 10312}"
3751.0,7.192405454956315,0.0038879385590844828,662664.5353943644,0.09727460518704856,"{'OE1': 5932.903096068731, 'OE2': 5932.903096068731, 'OE3': 82.01141014625077, 'OE4': 68.34344520505931, 'OE5': 68.34344520505931, 'OE6': 14.817177418585894, 'OE7': 3.696379082890392, 'OE8': 0.8009619747890102, 'OE9': 0.09727460518704856}","{'OE1': 9.361541029013551, 'OE2': 5.071685452821269, 'OE3': 5.071663053506161, 'OE4': 6.441466046894839, 'OE5': 6.441466046894839, 'OE6': 0.2243117875708731, 'OE7': 5.998705392098515, 'OE8': 1.5752693906330781, 'OE9': 0.051482896080406904}","{'OE1': 49342, 'OE2': 49342, 'OE3': 49342, 'OE4': 41121, 'OE5': 41121, 'OE6': 41069, 'OE7': 10316, 'OE8': 10316, 'OE9': 10298}"
3801.0,7.5939049845164845,0.003955585617862939,508376.6880780462,0.07936247183405042,"{'OE1': 5613.447269600694, 'OE2': 5613.447269600694, 'OE3': 76.37358189054788, 'OE4': 63.42482520647671, 'OE5': 63.42482520647671, 'OE6': 13.228656159571617, 'OE7': 3.304682283321125, 'OE8': 0.6880157666097733, 'OE9': 0.07936247183405042}","{'OE1': 9.413189717162988, 'OE2': 5.080283790483137, 'OE3': 5.080293618099926, 'OE4': 6.399397414432762, 'OE5': 6.399397414432762, 'OE6': 0.2185009697025336, 'OE7': 5.825303649782021, 'OE8': 1.5312199406991711, 'OE9': 0.04453006529799168}","{'OE1': 49302, 'OE2': 49302, 'OE3': 49302, 'OE4': 40945, 'OE5': 40945, 'OE6': 40886, 'OE7': 10308, 'OE8': 10308, 'OE9': 10283}"
3851.0,7.67962148872175,0.003906264619934851,385639.25573934533,0.06546199285812192,"{'OE1': 5309.086978109631, 'OE2': 5309.086978109631, 'OE3': 71.02219529928573, 'OE4': 58.9189868195452, 'OE5': 58.9189868195452, 'OE6': 11.766988716888891, 'OE7': 3.01471041338021, 'OE8': 0.6002387012844117, 'OE9': 0.06546199285812192}","{'OE1': 9.427328648381705, 'OE2': 5.2066649092968795, 'OE3': 5.2066366215516116, 'OE4': 6.357900299907645, 'OE5': 6.357900299907623, 'OE6': 0.21990659389351713, 'OE7': 6.139541100638524, 'OE8': 1.582868574103812, 'OE9': 0.05019540929450857}","{'OE1': 49359, 'OE2': 49359, 'OE3': 49359, 'OE4': 40951, 'OE5': 40951, 'OE6': 40893, 'OE7': 10579, 'OE8': 10579, 'OE9': 10563}"
3901.0,7.669904047927957,0.003906993711846198,280421.034453833,0.05073974281230573,"{'OE1': 4986.856818119451, 'OE2': 4986.856818119451, 'OE3': 65.39136315445589, 'OE4': 54.104459600896845, 'OE5': 54.104459600896845, 'OE6': 10.276572420498683, 'OE7': 2.6274191358152734, 'OE8': 0.49662701209878257, 'OE9': 0.05073974281230573}","{'OE1': 9.459282494912237, 'OE2': 5.1964251112692725, 'OE3': 5.196375602699727, 'OE4': 6.316590389752157, 'OE5': 6.316590389752157, 'OE6': 0.21043080861322855, 'OE7': 5.981781296525437, 'OE8': 1.5173858485469494, 'OE9': 0.049300254893580475}","{'OE1': 49324, 'OE2': 49324, 'OE3': 49324, 'OE4': 40811, 'OE5': 40811, 'OE6': 40757, 'OE7': 10518, 'OE8': 10518, 'OE9': 10489}"
3951.0,7.795022937614249,0.00398437598906089,209333.04108321472,0.039205683049187146,"{'OE1': 4690.203678187501, 'OE2': 4690.203678187501, 'OE3': 60.319175744562216, 'OE4': 49.78545933427934, 'OE5': 49.78545933427934, 'OE6': 8.971058802395135, 'OE7': 2.2746704955457293, 'OE8': 0.40733439898499274, 'OE9': 0.039205683049187146}","{'OE1': 9.418296875574455, 'OE2': 5.058405653132944, 'OE3': 5.0584006782098605, 'OE4': 6.278254609866911, 'OE5': 6.278254609866911, 'OE6': 0.2072089510751018, 'OE7': 5.955366390869912, 'OE8': 1.5057036596959084, 'OE9': 0.05253787452758507}","{'OE1': 49329, 'OE2': 49329, 'OE3': 49329, 'OE4': 40716, 'OE5': 40716, 'OE6': 40659, 'OE7': 10430, 'OE8': 10430, 'OE9': 10389}"
4001.0,8.012287536928852,0.004006382673603651,155014.01827429055,0.030082461186020728,"{'OE1': 4408.542042064399, 'OE2': 4408.5420420643995, 'OE3': 55.584493618628436, 'OE4': 45.77062497854595, 'OE5': 45.77062497854595, 'OE6': 7.8028442823027415, 'OE7': 1.9684688408420663, 'OE8': 0.3330049175263087, 'OE9': 0.030082461186020728}","{'OE1': 9.411482362882465, 'OE2': 4.942387313310769, 'OE3': 4.94235862870463, 'OE4': 6.239601205158687, 'OE5': 6.239601205158687, 'OE6': 0.21487317493187563, 'OE7': 6.045436157600239, 'OE8': 1.492601067008148, 'OE9': 0.05006192444125615}","{'OE1': 49339, 'OE2': 49339, 'OE3': 49339, 'OE4': 40629, 'OE5': 40629, 'OE6': 40567, 'OE7': 10339, 'OE8': 10339, 'OE9': 10315}"
4051.0,8.365233238282599,0.004239835507477487,114721.15722998053,0.021599613059226704,"{'OE1': 4130.37130201001, 'OE2': 4130.3713020100095, 'OE3': 50.934398896491935, 'OE4': 41.85456087474568, 'OE5': 41.85456087474568, 'OE6': 6.71643790888238, 'OE7': 1.6061468631702327, 'OE8': 0.25531282700646885, 'OE9': 0.021599613059226704}","{'OE1': 9.394646906434525, 'OE2': 4.79863719632756, 'OE3': 4.798611783308303, 'OE4': 6.201939976426289, 'OE5': 6.201939976426289, 'OE6': 0.22486157421799075, 'OE7': 5.7753230403192735, 'OE8': 1.486546945915851, 'OE9': 0.05233830820483261}","{'OE1': 49336, 'OE2': 49336, 'OE3': 49336, 'OE4': 40542, 'OE5': 40542, 'OE6': 40480, 'OE7': 9780, 'OE8': 9780, 'OE9': 9764}"
4101.0,8.382323061685383,0.00402125436063354,86803.73991010229,0.017422267061284694,"{'OE1': 3873.3421730612095, 'OE2': 3873.34217306121, 'OE3': 46.74221254283802, 'OE4': 38.33276996713317, 'OE5': 38.33276996713317, 'OE6': 5.783694708617664, 'OE7': 1.4758995748107924, 'OE8': 0.2202198722624163, 'OE9': 0.017422267061284694}","{'OE1': 9.400938507802957, 'OE2': 5.0636232996203745, 'OE3': 5.063620982492944, 'OE4': 6.159540632650048, 'OE5': 6.159540632650069, 'OE6': 0.22293233305972854, 'OE7': 6.134025372549838, 'OE8': 1.4729771906065587, 'OE9': 0.048545130581864604}","{'OE1': 49328, 'OE2': 49328, 'OE3': 49328, 'OE4': 40454, 'OE5': 40454, 'OE6': 40403, 'OE7': 10414, 'OE8': 10414, 'OE9': 10386}"
4151.0,8.527351813623682,0.00411731185700862,66801.68563713673,0.013041966819493631,"{'OE1': 3635.883608274336, 'OE2': 3635.883608274336, 'OE3': 42.95062635277516, 'OE4': 35.14816653673137, 'OE5': 35.14816653673137, 'OE6': 4.979553745680727, 'OE7': 1.246811873395777, 'OE8': 0.1745259419514422, 'OE9': 0.013041966819493631}","{'OE1': 9.392060807056724, 'OE2': 4.938068960694193, 'OE3': 4.938117533449437, 'OE4': 6.125139233181393, 'OE5': 6.125139233181393, 'OE6': 0.21264402539696492, 'OE7': 5.807657943991402, 'OE8': 1.4763027531447315, 'OE9': 0.053436168304146214}","{'OE1': 49330, 'OE2': 49330, 'OE3': 49330, 'OE4': 40371, 'OE5': 40371, 'OE6': 40309, 'OE7': 10237, 'OE8': 10237, 'OE9': 10212}"
4201.0,8.764596850005546,0.00420798447913159,51295.64987459312,0.009632867505486182,"{'OE1': 3408.019238653863, 'OE2': 3408.019238653863, 'OE3': 39.3650848893343, 'OE4': 32.150513447195365, 'OE5': 32.150513447195365, 'OE6': 4.263711258442897, 'OE7': 1.0550579915406129, 'OE8': 0.13812832150111412, 'OE9': 0.009632867505486182}","{'OE1': 9.435495694863059, 'OE2': 4.935848032739097, 'OE3': 4.935883828326579, 'OE4': 6.089328447992272, 'OE5': 6.089328447992272, 'OE6': 0.20273165321064107, 'OE7': 5.945510020222004, 'OE8': 1.423227391493569, 'OE9': 0.05283512637964477}","{'OE1': 49312, 'OE2': 49312, 'OE3': 49312, 'OE4': 40276, 'OE5': 40276, 'OE6': 40216, 'OE7': 10066, 'OE8': 10066, 'OE9': 10044}"
4251.0,8.798834652193364,0.004241039335055147,39181.58925315532,0.007126627485266603,"{'OE1': 3197.7944288322474, 'OE2': 3197.7944288322474, 'OE3': 36.100766197332746, 'OE4': 29.427667506312872, 'OE5': 29.427667506312872, 'OE6': 3.6485670934421726, 'OE7': 0.8884722009301547, 'OE8': 0.1086840696749709, 'OE9': 0.007126627485266603}","{'OE1': 9.392816633414366, 'OE2': 4.796289244506319, 'OE3': 4.796279148480288, 'OE4': 6.052328474498962, 'OE5': 6.052328474498962, 'OE6': 0.2234437486319872, 'OE7': 6.05362220213172, 'OE8': 1.4588311428821026, 'OE9': 0.04604090964152753}","{'OE1': 49346, 'OE2': 49346, 'OE3': 49346, 'OE4': 40228, 'OE5': 40228, 'OE6': 40167, 'OE7': 9914, 'OE8': 9914, 'OE9': 9892}"
4301.0,8.76351176224125,0.0041089989595866246,30146.365846975194,0.005548186840036585,"{'OE1': 3001.5111519026477, 'OE2': 3001.5111519026477, 'OE3': 33.13388055351561, 'OE4': 26.96663697372779, 'OE5': 26.96663697372779, 'OE6': 3.1276242099735776, 'OE7': 0.7897171803808835, 'OE8': 0.09030405752542198, 'OE9': 0.005548186840036585}","{'OE1': 9.43737672836973, 'OE2': 4.8035644262491815, 'OE3': 4.803524222585983, 'OE4': 6.014283495626123, 'OE5': 6.014283495626123, 'OE6': 0.21430687999347675, 'OE7': 5.823933642302025, 'OE8': 1.440592313650983, 'OE9': 0.050250491139858564}","{'OE1': 49332, 'OE2': 49332, 'OE3': 49332, 'OE4': 40152, 'OE5': 40152, 'OE6': 40104, 'OE7': 10249, 'OE8': 10249, 'OE9': 10228}"
4351.0,9.115714519604808,0.004156775594352826,23887.44788543327,0.004166639281043541,"{'OE1': 2818.571910096553, 'OE2': 2818.571910096553, 'OE3': 30.424745200756274, 'OE4': 24.698004860951414, 'OE5': 24.698004860951414, 'OE6': 2.6786855310878104, 'OE7': 0.674949294067707, 'OE8': 0.07213719598440214, 'OE9': 0.004166639281043541}","{'OE1': 9.442895876111038, 'OE2': 4.932740421892939, 'OE3': 4.932690334671721, 'OE4': 5.982287082644746, 'OE5': 5.982287082644746, 'OE6': 0.21191747018360357, 'OE7': 5.976819551839601, 'OE8': 1.4647772697552335, 'OE9': 0.05279356066014179}","{'OE1': 49310, 'OE2': 49310, 'OE3': 49310, 'OE4': 40030, 'OE5': 40030, 'OE6': 39968, 'OE7': 10209, 'OE8': 10209, 'OE9': 10185}"
4401.0,9.042875977664153,0.0043459459432526335,18885.235878350893,0.0030045582732493464,"{'OE1': 2648.2911131001224, 'OE2': 2648.2911131001224, 'OE3': 27.930230218267322, 'OE4': 22.64439716743867, 'OE5': 22.64439716743867, 'OE6': 2.292354554584324, 'OE7': 0.5573775507282372, 'OE8': 0.05562802881134821, 'OE9': 0.0030045582732493464}","{'OE1': 9.438650416938037, 'OE2': 4.795921620183112, 'OE3': 4.795899852649608, 'OE4': 5.946260694093194, 'OE5': 5.946260694093194, 'OE6': 0.22612612437617474, 'OE7': 6.001283884202552, 'OE8': 1.424585961419767, 'OE9': 0.05330790315675543}","{'OE1': 49329, 'OE2': 49329, 'OE3': 49329, 'OE4': 39997, 'OE5': 39997, 'OE6': 39934, 'OE7': 9810, 'OE8': 9810, 'OE9': 9787}"
4451.0,9.49714717583447,0.004131884312282437,15038.097887390031,0.0023988843091649645,"{'OE1': 2493.3758405106414, 'OE2': 2493.3758405106414, 'OE3': 25.70152835551881, 'OE4': 20.819127680746192, 'OE5': 20.819127680746192, 'OE6': 1.969135650903489, 'OE7': 0.5070749427147667, 'OE8': 0.04730510876965947, 'OE9': 0.0023988843091649645}","{'OE1': 9.404824518580405, 'OE2': 4.6705291533244875, 'OE3': 4.670515724099018, 'OE4': 5.915785893908794, 'OE5': 5.915785893908794, 'OE6': 0.22605310967140535, 'OE7': 6.15470099000621, 'OE8': 1.4242891159343096, 'OE9': 0.05112333812472923}","{'OE1': 49389, 'OE2': 49389, 'OE3': 49389, 'OE4': 40004, 'OE5': 40004, 'OE6': 39930, 'OE7': 10382, 'OE8': 10382, 'OE9': 10354}"
4501.0,9.49802821970843,0.004131427422465334,12028.304345037815,0.0018234222249717076,"{'OE1': 2344.801504459641, 'OE2': 2344.801504459641, 'OE3': 23.630534264293818, 'OE4': 19.107233586448356, 'OE5': 19.107233586448356, 'OE6': 1.6917109438375222, 'OE7': 0.43503482912171637, 'OE8': 0.03798219146335116, 'OE9': 0.0018234222249717076}","{'OE1': 9.417406541219549, 'OE2': 4.667925672132651, 'OE3': 4.667922090583987, 'OE4': 5.880580378788853, 'OE5': 5.880580378788853, 'OE6': 0.235745229659384, 'OE7': 6.039134883221906, 'OE8': 1.4202149389435237, 'OE9': 0.056127486449732256}","{'OE1': 49338, 'OE2': 49338, 'OE3': 49338, 'OE4': 39895, 'OE5': 39895, 'OE6': 39825, 'OE7': 10374, 'OE8': 10374, 'OE9': 10352}"
4551.0,9.523870026107033,0.004313865083817888,9804.820800779022,0.001353730941491455,"{'OE1': 2206.4962533875155, 'OE2': 2206.4962533875155, 'OE3': 21.730302879953793, 'OE4': 17.537553234290215, 'OE5': 17.537553234290215, 'OE6': 1.4527266019060432, 'OE7': 0.3670326693827014, 'OE8': 0.02998129820713336, 'OE9': 0.001353730941491455}","{'OE1': 9.43582808967129, 'OE2': 4.532663225647177, 'OE3': 4.532627938338637, 'OE4': 5.849485681347587, 'OE5': 5.849485681347587, 'OE6': 0.22695476406695891, 'OE7': 6.066621014044539, 'OE8': 1.4044475853096006, 'OE9': 0.054457092088945946}","{'OE1': 49310, 'OE2': 49310, 'OE3': 49310, 'OE4': 39800, 'OE5': 39800, 'OE6': 39734, 'OE7': 10164, 'OE8': 10164, 'OE9': 10143}"
4601.0,9.883755841231505,0.004476830396313521,7857.875996380023,0.000995617410652975,"{'OE1': 2080.1878880596128, 'OE2': 2080.1878880596128, 'OE3': 20.024609964761126, 'OE4': 16.13606371237546, 'OE5': 16.13606371237546, 'OE6': 1.251316260844844, 'OE7': 0.30572001939421756, 'OE8': 0.023391543811592842, 'OE9': 0.000995617410652975}","{'OE1': 9.417846645523248, 'OE2': 4.53473785357964, 'OE3': 4.534660003330676, 'OE4': 5.817533238090885, 'OE5': 5.817533238090885, 'OE6': 0.20661472656496854, 'OE7': 6.0938970467066245, 'OE8': 1.369028313657152, 'OE9': 0.04814372745921566}","{'OE1': 49319, 'OE2': 49319, 'OE3': 49319, 'OE4': 39744, 'OE5': 39744, 'OE6': 39679, 'OE7': 9815, 'OE8': 9815, 'OE9': 9792}"
4651.0,9.886082655893915,0.004273216535437428,6279.361443978663,0.0007951640386891927,"{'OE1': 1963.202310912573, 'OE2': 1963.202310912573, 'OE3': 18.476396981211792, 'OE4': 14.869261580338032, 'OE5': 14.869261580338032, 'OE6': 1.0818177339108168, 'OE7': 0.27522026678231243, 'OE8': 0.019750384861044867, 'OE9': 0.0007951640386891927}","{'OE1': 9.349131374692945, 'OE2': 4.5193017086224305, 'OE3': 4.5193369758992645, 'OE4': 5.786155201862584, 'OE5': 5.786155201862584, 'OE6': 0.2180393308862542, 'OE7': 6.07059069468934, 'OE8': 1.4173613464959505, 'OE9': 0.05413557118464252}","{'OE1': 49333, 'OE2': 49333, 'OE3': 49333, 'OE4': 39703, 'OE5': 39703, 'OE6': 39659, 'OE7': 10225, 'OE8': 10225, 'OE9': 10208}"
4701.0,10.168714949993955,0.004416616204848815,4987.637424385401,0.0005845830801663615,"{'OE1': 1854.3672759396889, 'OE2': 1854.3672759396889, 'OE3': 17.0575921359487, 'OE4': 13.701064246696742, 'OE5': 13.701064246696742, 'OE6': 0.9338601685840437, 'OE7': 0.22796642889888544, 'OE8': 0.015346952759976428, 'OE9': 0.0005845830801663615}","{'OE1': 9.41136873795843, 'OE2': 4.5222798381734135, 'OE3': 4.52230257928191, 'OE4': 5.756532957310546, 'OE5': 5.756532957310546, 'OE6': 0.2354893794517977, 'OE7': 5.939085070747396, 'OE8': 1.3836071664217027, 'OE9': 0.05001489810924625}","{'OE1': 49370, 'OE2': 49370, 'OE3': 49370, 'OE4': 39662, 'OE5': 39662, 'OE6': 39596, 'OE7': 9806, 'OE8': 9806, 'OE9': 9787}"
4751.0,10.668067705268186,0.004444146769836443,4014.2107169078827,0.0004487384247052312,"{'OE1': 1750.3367253209635, 'OE2': 1750.3367253209635, 'OE3': 15.738859937423097, 'OE4': 12.620444262750913, 'OE5': 12.620444262750913, 'OE6': 0.8080155004740414, 'OE7': 0.1984848685223068, 'OE8': 0.012548671752193761, 'OE9': 0.0004487384247052312}","{'OE1': 9.425497819779023, 'OE2': 4.5179193183085085, 'OE3': 4.517972897162405, 'OE4': 5.725315977638878, 'OE5': 5.725315977638878, 'OE6': 0.22056854892595124, 'OE7': 6.015539376175541, 'OE8': 1.3736790800295156, 'OE9': 0.05110167441615905}","{'OE1': 49330, 'OE2': 49330, 'OE3': 49330, 'OE4': 39557, 'OE5': 39557, 'OE6': 39498, 'OE7': 9805, 'OE8': 9805, 'OE9': 9787}"
4801.0,10.937314176520886,0.004535902848893477,3253.389673455795,0.00034314244609701556,"{'OE1': 1655.6063107020775, 'OE2': 1655.6063107020775, 'OE3': 14.557905882212792, 'OE4': 11.660675706907623, 'OE5': 11.660675706907623, 'OE6': 0.7019318032398404, 'OE7': 0.17098730975959436, 'OE8': 0.010164730303828626, 'OE9': 0.00034314244609701556}","{'OE1': 9.495956681222722, 'OE2': 4.520336862535182, 'OE3': 4.520296011774957, 'OE4': 5.6960629974961545, 'OE5': 5.6960629974961545, 'OE6': 0.2201954915793948, 'OE7': 6.0789189995364, 'OE8': 1.3707589479169298, 'OE9': 0.049716900532483094}","{'OE1': 49336, 'OE2': 49336, 'OE3': 49336, 'OE4': 39516, 'OE5': 39516, 'OE6': 39460, 'OE7': 9712, 'OE8': 9712, 'OE9': 9690}"
4851.0,10.872122615332046,0.0043878011299698875,2638.5263818204057,0.00027807351673596054,"{'OE1': 1568.0269586213333, 'OE2': 1568.0269586213333, 'OE3': 13.486221404543842, 'OE4': 10.79094104494674, 'OE5': 10.79094104494674, 'OE6': 0.6110220258798712, 'OE7': 0.1552631319572887, 'OE8': 0.008690748084142105, 'OE9': 0.00027807351673596054}","{'OE1': 9.416908769411224, 'OE2': 4.517758460305053, 'OE3': 4.517731590800013, 'OE4': 5.665894347686779, 'OE5': 5.665894347686779, 'OE6': 0.21986150125389492, 'OE7': 5.921679607620881, 'OE8': 1.3664053085462262, 'OE9': 0.05331583394029893}","{'OE1': 49357, 'OE2': 49357, 'OE3': 49357, 'OE4': 39494, 'OE5': 39494, 'OE6': 39433, 'OE7': 10126, 'OE8': 10126, 'OE9': 10100}"
4901.0,10.796423166761087,0.004533746576356362,2121.36750482637,0.0002099247822711078,"{'OE1': 1484.1569595483409, 'OE2': 1484.1569595483409, 'OE3': 12.483132336046749, 'OE4': 9.973560947451093, 'OE5': 9.973560947451093, 'OE6': 0.5319100922813851, 'OE7': 0.13102467100574622, 'OE8': 0.0069079161362041955, 'OE9': 0.0002099247822711078}","{'OE1': 9.45150176251553, 'OE2': 4.403407666035026, 'OE3': 4.4034099992035545, 'OE4': 5.637198496542064, 'OE5': 5.637198496542064, 'OE6': 0.226370350851405, 'OE7': 6.074189533104574, 'OE8': 1.3856517434869469, 'OE9': 0.051262332893912146}","{'OE1': 49330, 'OE2': 49330, 'OE3': 49330, 'OE4': 39409, 'OE5': 39409, 'OE6': 39351, 'OE7': 9816, 'OE8': 9816, 'OE9': 9791}"
4951.0,11.323602017453595,0.004574139045986557,1722.8519105110718,0.00016447706248546944,"{'OE1': 1406.9569243290816, 'OE2': 1406.9569243290816, 'OE3': 11.575057770907001, 'OE4': 9.228664300953865, 'OE5': 9.228664300953865, 'OE6': 0.46392512416920173, 'OE7': 0.11520557353400898, 'OE8': 0.005727738413379106, 'OE9': 0.00016447706248546944}","{'OE1': 9.428016838888652, 'OE2': 4.526730120718757, 'OE3': 4.526709944472223, 'OE4': 5.609236131013963, 'OE5': 5.609236131013963, 'OE6': 0.20575919309537172, 'OE7': 5.796255599934474, 'OE8': 1.3791774340075709, 'OE9': 0.05151363767984912}","{'OE1': 49334, 'OE2': 49334, 'OE3': 49334, 'OE4': 39338, 'OE5': 39338, 'OE6': 39280, 'OE7': 9850, 'OE8': 9850, 'OE9': 9830}"
5001.0,11.321434126883105,0.004527076220078779,1395.6296732931248,0.00013159627279770868,"{'OE1': 1334.7337386160261, 'OE2': 1334.7337386160261, 'OE3': 10.743607854661493, 'OE4': 8.557249129165983, 'OE5': 8.557249129165983, 'OE6': 0.4060947188333745, 'OE7': 0.10290281094787776, 'OE8': 0.004829930209953422, 'OE9': 0.00013159627279770868}","{'OE1': 9.438148149565682, 'OE2': 4.406169602824843, 'OE3': 4.406138294402501, 'OE4': 5.580396209580014, 'OE5': 5.580396209580014, 'OE6': 0.20654290341995252, 'OE7': 5.60617563666611, 'OE8': 1.344901038143154, 'OE9': 0.048624422253926575}","{'OE1': 49329, 'OE2': 49329, 'OE3': 49329, 'OE4': 39292, 'OE5': 39292, 'OE6': 39235, 'OE7': 10041, 'OE8': 10041, 'OE9': 10024}"
5051.0,11.68133893203958,0.004505896540864335,1122.1941332906295,0.00010430320339111188,"{'OE1': 1268.123782130659, 'OE2': 1268.123782130659, 'OE3': 9.989661583855558, 'OE4': 7.951101055641274, 'OE5': 7.951101055641274, 'OE6': 0.3564177671407038, 'OE7': 0.09089355588482706, 'OE8': 0.0040318586716121835, 'OE9': 0.00010430320339111188}","{'OE1': 9.454047669499868, 'OE2': 4.3967198619138586, 'OE3': 4.396707806908533, 'OE4': 5.551573292267979, 'OE5': 5.551573292267979, 'OE6': 0.2012462443637042, 'OE7': 6.121765653853391, 'OE8': 1.297356015952504, 'OE9': 0.04773199478710194}","{'OE1': 49353, 'OE2': 49353, 'OE3': 49353, 'OE4': 39281, 'OE5': 39281, 'OE6': 39225, 'OE7': 10101, 'OE8': 10101, 'OE9': 10081}"
5101.0,11.331240411645922,0.004526563238541954,903.8855798234963,8.219567081282632e-05,"{'OE1': 1204.1205055664552, 'OE2': 1204.1205055664552, 'OE3': 9.280328062896526, 'OE4': 7.374442421143247, 'OE5': 7.374442421143247, 'OE6': 0.31259004435644744, 'OE7': 0.07997199743682255, 'OE8': 0.0033536958787946, 'OE9': 8.219567081282632e-05}","{'OE1': 9.418346062780962, 'OE2': 4.260727790738628, 'OE3': 4.26064886719054, 'OE4': 5.524070360508868, 'OE5': 5.524070360508868, 'OE6': 0.23063291487363569, 'OE7': 5.559879117363975, 'OE8': 1.332914889693777, 'OE9': 0.05227879848000161}","{'OE1': 49338, 'OE2': 49338, 'OE3': 49338, 'OE4': 39208, 'OE5': 39208, 'OE6': 39159, 'OE7': 10109, 'OE8': 10109, 'OE9': 10082}"
5151.0,11.842814070048007,0.004429765896166066,727.044150541949,6.66374966419811e-05,"{'OE1': 1143.9881701311276, 'OE2': 1143.9881701311278, 'OE3': 8.62689439123708, 'OE4': 6.8508568954156726, 'OE5': 6.8508568954156726, 'OE6': 0.2746544115948701, 'OE7': 0.07166380401941258, 'OE8': 0.0028442601639821195, 'OE9': 6.66374966419811e-05}","{'OE1': 9.391354974796563, 'OE2': 4.259066668674691, 'OE3': 4.259049730378308, 'OE4': 5.49553573019231, 'OE5': 5.49553573019231, 'OE6': 0.23556864501243752, 'OE7': 5.960671173379826, 'OE8': 1.351126246808065, 'OE9': 0.054628276101887294}","{'OE1': 49316, 'OE2': 49316, 'OE3': 49316, 'OE4': 39165, 'OE5': 39165, 'OE6': 39110, 'OE7': 10320, 'OE8': 10320, 'OE9': 10303}"
5201.0,11.926638492164784,0.004562690840793703,587.3657686491426,5.173536392619642e-05,"{'OE1': 1089.2295305170844, 'OE2': 1089.2295305170844, 'OE3': 8.040432285450954, 'OE4': 6.377595536449353, 'OE5': 6.377595536449353, 'OE6': 0.24212397556064486, 'OE7': 0.06192913495226576, 'OE8': 0.00232863111850136, 'OE9': 5.173536392619642e-05}","{'OE1': 9.420606547863816, 'OE2': 4.2674104325221265, 'OE3': 4.267487438432951, 'OE4': 5.4724403347272546, 'OE5': 5.4724403347272546, 'OE6': 0.21482412666102407, 'OE7': 6.162429722207416, 'OE8': 1.3321569826670157, 'OE9': 0.050315901801500695}","{'OE1': 49353, 'OE2': 49353, 'OE3': 49353, 'OE4': 39151, 'OE5': 39151, 'OE6': 39092, 'OE7': 10092, 'OE8': 10092, 'OE9': 10070}"
5251.0,12.426991158507917,0.0046632928046926436,476.5024786529636,4.0832407964639906e-05,"{'OE1': 1037.0125932239368, 'OE2': 1037.0125932239366, 'OE3': 7.495789647867633, 'OE4': 5.94284323935691, 'OE5': 5.94284323935691, 'OE6': 0.21393876067811327, 'OE7': 0.05409058507140205, 'OE8': 0.0019287748961122442, 'OE9': 4.0832407964639906e-05}","{'OE1': 9.408121759686175, 'OE2': 4.269775176993093, 'OE3': 4.269839340377047, 'OE4': 5.445205421912421, 'OE5': 5.445205421912421, 'OE6': 0.20843000750746998, 'OE7': 6.183732304731533, 'OE8': 1.326879611376045, 'OE9': 0.05237305969127665}","{'OE1': 49342, 'OE2': 49342, 'OE3': 49342, 'OE4': 39119, 'OE5': 39119, 'OE6': 39066, 'OE7': 9978, 'OE8': 9978, 'OE9': 9952}"
5301.0,12.381256400814891,0.004525964110518198,379.61673040013955,3.3472200905087394e-05,"{'OE1': 987.681858288945, 'OE2': 987.681858288945, 'OE3': 6.989414723309412, 'OE4': 5.535232451267074, 'OE5': 5.535232451267074, 'OE6': 0.1890213156858152, 'OE7': 0.049032686870430026, 'OE8': 0.0016590590753184586, 'OE9': 3.3472200905087394e-05}","{'OE1': 9.436469375963481, 'OE2': 4.2716720684365015, 'OE3': 4.2716734451163205, 'OE4': 5.419558508254422, 'OE5': 5.419558508254422, 'OE6': 0.2224154375314738, 'OE7': 5.989508247248164, 'OE8': 1.2942848045077215, 'OE9': 0.0524367891241576}","{'OE1': 49335, 'OE2': 49335, 'OE3': 49335, 'OE4': 39071, 'OE5': 39071, 'OE6': 39016, 'OE7': 10218, 'OE8': 10218, 'OE9': 10202}"
5351.0,13.215942977440136,0.004336521776665336,304.6067900506427,2.786979726645898e-05,"{'OE1': 941.3547147844896, 'OE2': 941.3547147844896, 'OE3': 6.52426678249998, 'OE4': 5.161136395106205, 'OE5': 5.161136395106205, 'OE6': 0.16727439074874081, 'OE7': 0.04510407940893062, 'OE8': 0.0014494580170358168, 'OE9': 2.786979726645898e-05}","{'OE1': 9.386948763447018, 'OE2': 4.265692327738833, 'OE3': 4.265668385142632, 'OE4': 5.393901118859096, 'OE5': 5.393901118859096, 'OE6': 0.2132429024378858, 'OE7': 6.097673483009196, 'OE8': 1.2856739160650277, 'OE9': 0.051861402324907824}","{'OE1': 49318, 'OE2': 49318, 'OE3': 49318, 'OE4': 39014, 'OE5': 39014, 'OE6': 38949, 'OE7': 10611, 'OE8': 10611, 'OE9': 10580}"
5401.0,12.305962239410292,0.004751473104144028,247.84594561437342,2.066759422910979e-05,"{'OE1': 898.0653427052301, 'OE2': 898.0653427052301, 'OE3': 6.096569194738107, 'OE4': 4.816000826164514, 'OE5': 4.816000826164514, 'OE6': 0.14841525840485573, 'OE7': 0.036749382182852744, 'OE8': 0.0011224898921761643, 'OE9': 2.066759422910979e-05}","{'OE1': 9.428306701858604, 'OE2': 4.254989452117371, 'OE3': 4.254959493265886, 'OE4': 5.371764170612682, 'OE5': 5.371764170612682, 'OE6': 0.22304411040682115, 'OE7': 6.071439827977503, 'OE8': 1.3091238240675822, 'OE9': 0.05284170336905453}","{'OE1': 49322, 'OE2': 49322, 'OE3': 49322, 'OE4': 38965, 'OE5': 38965, 'OE6': 38913, 'OE7': 9757, 'OE8': 9757, 'OE9': 9732}"
5451.0,13.032859939042282,0.004755466514096985,199.7284001887697,1.674031521352984e-05,"{'OE1': 857.8004622705351, 'OE2': 857.8004622705351, 'OE3': 5.703838473800766, 'OE4': 4.502030755620641, 'OE5': 4.502030755620641, 'OE6': 0.13190561134684928, 'OE7': 0.0329694485461343, 'OE8': 0.0009578821750889454, 'OE9': 1.674031521352984e-05}","{'OE1': 9.424597926858535, 'OE2': 4.246415599649467, 'OE3': 4.246472530330749, 'OE4': 5.346618636034702, 'OE5': 5.346618636034702, 'OE6': 0.22481453507483096, 'OE7': 5.491246637578882, 'OE8': 1.2790025125211368, 'OE9': 0.04970528092938292}","{'OE1': 49361, 'OE2': 49361, 'OE3': 49361, 'OE4': 38961, 'OE5': 38961, 'OE6': 38914, 'OE7': 9806, 'OE8': 9806, 'OE9': 9785}"
5501.0,12.73944661231144,0.004695057765036053,160.67878373798808,1.3763420916492602e-05,"{'OE1': 819.1213831394014, 'OE2': 819.1213831394014, 'OE3': 5.336313274609316, 'OE4': 4.207104254165172, 'OE5': 4.207104254165172, 'OE6': 0.11735560919380172, 'OE7': 0.02975992270933405, 'OE8': 0.0008229532128433297, 'OE9': 1.3763420916492602e-05}","{'OE1': 9.407781145159245, 'OE2': 4.25683222359477, 'OE3': 4.25683698984048, 'OE4': 5.322295977071889, 'OE5': 5.322295977071889, 'OE6': 0.23233457754680598, 'OE7': 6.05385160960584, 'OE8': 1.27090275093799, 'OE9': 0.05367039894871391}","{'OE1': 49353, 'OE2': 49353, 'OE3': 49353, 'OE4': 38909, 'OE5': 38909, 'OE6': 38862, 'OE7': 9953, 'OE8': 9953, 'OE9': 9934}"
5551.0,12.987902589346959,0.004565492376740016,129.55161777873545,1.1546125416238775e-05,"{'OE1': 782.1018526377698, 'OE2': 782.1018526377698, 'OE3': 4.992329075428583, 'OE4': 3.935397044559884, 'OE5': 3.935397044559884, 'OE6': 0.10450402594160564, 'OE7': 0.02747803882132587, 'OE8': 0.0007237807377886436, 'OE9': 1.1546125416238775e-05}","{'OE1': 9.385361242425132, 'OE2': 4.256541460373569, 'OE3': 4.256599594399191, 'OE4': 5.296158984150777, 'OE5': 5.296158984150777, 'OE6': 0.2241159847747523, 'OE7': 5.345917113700658, 'OE8': 1.2342555729961182, 'OE9': 0.05466377782280912}","{'OE1': 49314, 'OE2': 49314, 'OE3': 49314, 'OE4': 38875, 'OE5': 38875, 'OE6': 38816, 'OE7': 10297, 'OE8': 10297, 'OE9': 10272}"
5601.0,13.27848943338904,0.00481528155609373,103.70841163408868,8.899937193458096e-06,"{'OE1': 748.6304821197041, 'OE2': 748.6304821197041, 'OE3': 4.683440294313515, 'OE4': 3.688482730602134, 'OE5': 3.688482730602134, 'OE6': 0.09334089618435643, 'OE7': 0.02321104813427045, 'OE8': 0.0005827536213556025, 'OE9': 8.899937193458096e-06}","{'OE1': 9.430711057996607, 'OE2': 4.13557546521052, 'OE3': 4.135489052168724, 'OE4': 5.272330496506827, 'OE5': 5.272330496506827, 'OE6': 0.22049682137004145, 'OE7': 6.075412283149031, 'OE8': 1.2854969730675616, 'OE9': 0.04717775452768899}","{'OE1': 49365, 'OE2': 49365, 'OE3': 49365, 'OE4': 38879, 'OE5': 38879, 'OE6': 38826, 'OE7': 9754, 'OE8': 9754, 'OE9': 9723}"
5651.0,13.857835450130551,0.004904225925274324,84.63058688181074,7.263542180885659e-06,"{'OE1': 716.0925323907784, 'OE2': 716.0925323907783, 'OE3': 4.390966569104766, 'OE4': 3.4541090854630996, 'OE5': 3.4541090854630996, 'OE6': 0.08335050986299172, 'OE7': 0.020775886029076793, 'OE8': 0.0004975330231280857, 'OE9': 7.263542180885659e-06}","{'OE1': 9.418322411984333, 'OE2': 4.136415106383433, 'OE3': 4.136380145641641, 'OE4': 5.2509851157161105, 'OE5': 5.2509851157161105, 'OE6': 0.22012537655375441, 'OE7': 5.970408197833869, 'OE8': 1.254397161095338, 'OE9': 0.050884727089057225}","{'OE1': 49358, 'OE2': 49358, 'OE3': 49358, 'OE4': 38825, 'OE5': 38825, 'OE6': 38764, 'OE7': 9748, 'OE8': 9748, 'OE9': 9729}"
5701.0,13.536624389854296,0.005016604986743008,67.04604811790252,5.74856997836409e-06,"{'OE1': 685.6515111367374, 'OE2': 685.6515111367374, 'OE3': 4.121066544078255, 'OE4': 3.240288667191238, 'OE5': 3.240288667191238, 'OE6': 0.07460564786527923, 'OE7': 0.018028597595763668, 'OE8': 0.0004120633760187831, 'OE9': 5.74856997836409e-06}","{'OE1': 9.417511873259016, 'OE2': 4.005090539108762, 'OE3': 4.005031486607753, 'OE4': 5.22744770846778, 'OE5': 5.22744770846778, 'OE6': 0.2189333815588561, 'OE7': 5.96504065794603, 'OE8': 1.227817660997116, 'OE9': 0.04878617250212379}","{'OE1': 49379, 'OE2': 49379, 'OE3': 49379, 'OE4': 38827, 'OE5': 38827, 'OE6': 38777, 'OE7': 9445, 'OE8': 9445, 'OE9': 9418}"
5751.0,13.458155217573221,0.004685675842311256,54.248412532705906,5.107219368587333e-06,"{'OE1': 656.2290569136763, 'OE2': 656.2290569136763, 'OE3': 3.8672875464191763, 'OE4': 3.03624225141117, 'OE5': 3.03624225141117, 'OE6': 0.06677227788722265, 'OE7': 0.017470926031368055, 'OE8': 0.00038136786535072605, 'OE9': 5.107219368587333e-06}","{'OE1': 9.437805345226895, 'OE2': 4.12269615773142, 'OE3': 4.122736879870495, 'OE4': 5.2047501233265585, 'OE5': 5.2047501233265585, 'OE6': 0.22616235970390142, 'OE7': 5.9840623399565125, 'OE8': 1.249720962373001, 'OE9': 0.05328276777224167}","{'OE1': 49344, 'OE2': 49344, 'OE3': 49344, 'OE4': 38744, 'OE5': 38744, 'OE6': 38695, 'OE7': 10215, 'OE8': 10215, 'OE9': 10196}"
5801.0,13.602414243326166,0.0050431425083102555,43.50686248305446,3.909815775920021e-06,"{'OE1': 628.25403259791, 'OE2': 628.25403259791, 'OE3': 3.6303422405134826, 'OE4': 2.8470927775895998, 'OE5': 2.8470927775895998, 'OE6': 0.059813971278815936, 'OE7': 0.014635452682523994, 'OE8': 0.0003053052968786357, 'OE9': 3.909815775920021e-06}","{'OE1': 9.460868174775044, 'OE2': 3.9965760957926033, 'OE3': 3.9965298863087373, 'OE4': 5.180067423605609, 'OE5': 5.180067423605609, 'OE6': 0.2043084790503349, 'OE7': 6.0285320010242565, 'OE8': 1.244061030999755, 'OE9': 0.05186674772648697}","{'OE1': 49307, 'OE2': 49307, 'OE3': 49307, 'OE4': 38666, 'OE5': 38666, 'OE6': 38604, 'OE7': 9516, 'OE8': 9516, 'OE9': 9501}"
5851.0,14.711560270067821,0.004780962406435341,34.849019131166,3.40138054921326e-06,"{'OE1': 603.1994171813894, 'OE2': 603.1994171813893, 'OE3': 3.418280164190868, 'OE4': 2.678375764956172, 'OE5': 2.678375764956172, 'OE6': 0.0537750791522751, 'OE7': 0.013834005297419192, 'OE8': 0.00027595101592179044, 'OE9': 3.40138054921326e-06}","{'OE1': 9.409254368736876, 'OE2': 4.00577548164188, 'OE3': 4.005789038375829, 'OE4': 5.160999321093288, 'OE5': 5.160999321093288, 'OE6': 0.2343282918065029, 'OE7': 6.170309137510364, 'OE8': 1.2645455423870748, 'OE9': 0.05166745363110101}","{'OE1': 49380, 'OE2': 49380, 'OE3': 49380, 'OE4': 38690, 'OE5': 38690, 'OE6': 38634, 'OE7': 10034, 'OE8': 10034, 'OE9': 10014}"
5901.0,13.928418266714289,0.004767516368567212,28.01682094654621,2.8309023690546454e-06,"{'OE1': 577.6955636605293, 'OE2': 577.6955636605293, 'OE3': 3.2110791233873073, 'OE4': 2.513401421792478, 'OE5': 2.513401421792478, 'OE6': 0.048290370747052586, 'OE7': 0.012548202259001558, 'OE8': 0.00023947772984851397, 'OE9': 2.8309023690546454e-06}","{'OE1': 9.410377712463134, 'OE2': 4.001247208726362, 'OE3': 4.001250220607653, 'OE4': 5.137019961290628, 'OE5': 5.137019961290628, 'OE6': 0.20603230563609432, 'OE7': 5.780404456658902, 'OE8': 1.2306291589669742, 'OE9': 0.051281061098391326}","{'OE1': 49310, 'OE2': 49310, 'OE3': 49310, 'OE4': 38597, 'OE5': 38597, 'OE6': 38538, 'OE7': 10120, 'OE8': 10120, 'OE9': 10092}"
5951.0,14.561744833367811,0.0050725006179704315,21.85549740354699,2.1505682959755787e-06,"{'OE1': 554.7050900433983, 'OE2': 554.7050900433983, 'OE3': 3.0250989553618166, 'OE4': 2.3665376137213956, 'OE5': 2.3665376137213956, 'OE6': 0.04351772535144309, 'OE7': 0.010406882581964193, 'OE8': 0.00019015088849373192, 'OE9': 2.1505682959755787e-06}","{'OE1': 9.414989415899429, 'OE2': 4.0012035037349225, 'OE3': 4.001229305160692, 'OE4': 5.116370417181384, 'OE5': 5.116370417181384, 'OE6': 0.21028799494836792, 'OE7': 5.961234074241309, 'OE8': 1.233120672659724, 'OE9': 0.05547849576227991}","{'OE1': 49336, 'OE2': 49336, 'OE3': 49336, 'OE4': 38602, 'OE5': 38602, 'OE6': 38538, 'OE7': 9294, 'OE8': 9294, 'OE9': 9267}"
6001.0,15.107291291915317,0.004869233096099149,17.991373441246967,1.918870092939904e-06,"{'OE1': 532.1960950893719, 'OE2': 532.1960950893717, 'OE3': 2.8477121747516394, 'OE4': 2.223951541423042, 'OE5': 2.223951541423042, 'OE6': 0.03916883803025374, 'OE7': 0.010075221010526544, 'OE8': 0.000176340196021627, 'OE9': 1.918870092939904e-06}","{'OE1': 9.373292593861223, 'OE2': 3.9904575977427914, 'OE3': 3.990417864757223, 'OE4': 5.0946999382761025, 'OE5': 5.0946999382761025, 'OE6': 0.22867912491175063, 'OE7': 5.759220426903731, 'OE8': 1.2222042795614985, 'OE9': 0.051743047958731136}","{'OE1': 49303, 'OE2': 49303, 'OE3': 49303, 'OE4': 38508, 'OE5': 38508, 'OE6': 38440, 'OE7': 9981, 'OE8': 9981, 'OE9': 9959}"
