"cff = 2, order = 2, 2024-03-08 15:01:25.830034"
E,FWHM,Bandwidth,Flux,Intensity,Intensity_dict,Height_dict
101,0.019157703405142,0.00027468173538078316,103735397.54569152,334.7894747880391,"{'OE1': 48986.8560019613, 'OE2': 1334.7242740470952, 'OE3': 1242.714167069241, 'OE4': 1242.7141670692413, 'OE5': 1242.7141670692413, 'OE6': 1229.444235273049, 'OE7': 339.4737703175409, 'OE8': 337.3528805772945, 'OE9': 334.7894747880391}","{'OE1': 9.466381361437797, 'OE2': 0.15585712406685026, 'OE3': 0.14285524639863612, 'OE4': 0.30317218471992646, 'OE5': 0.30317218471992646, 'OE6': 0.21729638662598982, 'OE7': 5.708358133534491, 'OE8': 0.15512182018197618, 'OE9': 0.038948726063660066}"
151,0.0243136892474638,0.00032150573919343577,2237443670.847049,4036.250433094362,"{'OE1': 48181.8080278166, 'OE2': 22660.799307571986, 'OE3': 16647.92318528037, 'OE4': 16647.92318528037, 'OE5': 16647.92318528037, 'OE6': 16256.217224928125, 'OE7': 4226.992571511499, 'OE8': 4141.291707992775, 'OE9': 4036.250433094362}","{'OE1': 9.42412671149622, 'OE2': 3.0083089719622222, 'OE3': 3.0083272634088942, 'OE4': 6.0136267323137105, 'OE5': 6.0136267323137105, 'OE6': 0.24099661335376155, 'OE7': 6.086621595157357, 'OE8': 1.573842009556702, 'OE9': 0.05003195174786909}"
201,0.03462198966050778,0.0003636600910933104,2041633541.4498925,3442.4010572190946,"{'OE1': 47170.03234380987, 'OE2': 34297.45576692675, 'OE3': 14677.869153985157, 'OE4': 14677.869153985157, 'OE5': 14677.869153985157, 'OE6': 14062.920863071684, 'OE7': 3760.683616890261, 'OE8': 3613.288634617024, 'OE9': 3442.4010572190946}","{'OE1': 9.438720550353034, 'OE2': 4.698651424667624, 'OE3': 4.698655202596228, 'OE4': 9.394341357299155, 'OE5': 9.394341357299155, 'OE6': 0.22144477896517162, 'OE7': 6.0848076467218135, 'OE8': 2.4407261026332865, 'OE9': 0.05070750068911514}"
251,0.05049800522741066,0.00039583003994727705,2754722981.9812574,3983.005051478136,"{'OE1': 45851.1883441481, 'OE2': 41822.3232696534, 'OE3': 17902.845302814003, 'OE4': 17902.845302814007, 'OE5': 17902.845302814007, 'OE6': 16714.30706605097, 'OE7': 4587.386719941909, 'OE8': 4296.91072968234, 'OE9': 3983.005051478136}","{'OE1': 9.41441592075262, 'OE2': 5.968594009178369, 'OE3': 5.968615539460991, 'OE4': 11.932257249641411, 'OE5': 11.932257249641411, 'OE6': 0.2119673411945588, 'OE7': 6.076376047789617, 'OE8': 2.9271984602998344, 'OE9': 0.05210932932269763}"
301,0.06695617429585354,0.0004462010018494802,2886160018.989908,2972.2972816959345,"{'OE1': 41138.6974608799, 'OE2': 41138.6974608799, 'OE3': 18906.948541132944, 'OE4': 18906.948541132944, 'OE5': 18906.948541132944, 'OE6': 16005.79456902097, 'OE7': 4204.672903128529, 'OE8': 3570.624241496264, 'OE9': 2972.2972816959345}","{'OE1': 9.4344254552364, 'OE2': 6.526492968986862, 'OE3': 6.526451621273379, 'OE4': 13.04893103079744, 'OE5': 13.04893103079744, 'OE6': 0.21606578714025937, 'OE7': 6.169602304262892, 'OE8': 3.166293839373271, 'OE9': 0.05090816634804096}"
351,0.08479520544113939,0.0004774404965878097,1124532247.8559687,859.1317724214662,"{'OE1': 28891.478553279634, 'OE2': 28891.478553279634, 'OE3': 14469.984586596549, 'OE4': 14469.984586596549, 'OE5': 14469.984586596549, 'OE6': 8875.652746475818, 'OE7': 2377.595664495142, 'OE8': 1470.0441677602685, 'OE9': 859.1317724214662}","{'OE1': 9.447248323884763, 'OE2': 6.548075312874284, 'OE3': 6.54809935619995, 'OE4': 13.090983122101775, 'OE5': 13.090983122101775, 'OE6': 0.22589954265198753, 'OE7': 6.080611855490712, 'OE8': 3.166920591376617, 'OE9': 0.05249455877150386}"
401,0.10259395745407573,0.0005086951052077355,3043648384.417921,1711.2054527639516,"{'OE1': 34056.38969981886, 'OE2': 34056.38969981886, 'OE3': 18012.853564363482, 'OE4': 18012.853564363482, 'OE5': 18012.853564363482, 'OE6': 12841.737449202406, 'OE7': 3464.5822028591665, 'OE8': 2484.2572917566113, 'OE9': 1711.2054527639516}","{'OE1': 9.439403899207964, 'OE2': 6.5425481649357256, 'OE3': 6.542534790775457, 'OE4': 13.081147552465334, 'OE5': 13.081147552465334, 'OE6': 0.21600909741618235, 'OE7': 6.129237604879796, 'OE8': 3.1699522409334624, 'OE9': 0.05434040845604965}"
451,0.12312295057029132,0.0005113075828999807,5406147871.266923,2377.1556571654464,"{'OE1': 36220.67237529232, 'OE2': 36220.67237529232, 'OE3': 20025.329294719868, 'OE4': 20025.329294719868, 'OE5': 20025.329294719868, 'OE6': 15092.688384928879, 'OE7': 4285.347864037183, 'OE8': 3246.1967028006047, 'OE9': 2377.1556571654464}","{'OE1': 9.470510036225999, 'OE2': 6.540472999774003, 'OE3': 6.54048062226242, 'OE4': 13.077280351193044, 'OE5': 13.077280351193044, 'OE6': 0.2196386170641561, 'OE7': 6.103758192127369, 'OE8': 3.2343967026902583, 'OE9': 0.04812454913599522}"
501,0.13932172438700263,0.0005648939028918642,7388964607.0533285,2345.5013035769234,"{'OE1': 36288.69348245612, 'OE2': 36288.69348245612, 'OE3': 20444.38568932706, 'OE4': 20444.38568932706, 'OE5': 20444.38568932706, 'OE6': 15445.699074482465, 'OE7': 4216.982543462898, 'OE8': 3199.527935453037, 'OE9': 2345.5013035769234}","{'OE1': 9.40478350446541, 'OE2': 6.5476604468343265, 'OE3': 6.5476910713939285, 'OE4': 13.08773929472862, 'OE5': 13.08773929472862, 'OE6': 0.20908404163281946, 'OE7': 6.068548983206169, 'OE8': 3.1717966414165244, 'OE9': 0.05505305173497503}"
551,0.17270952347246293,0.0006328137367550738,10953190484.870092,2517.5660408848034,"{'OE1': 37491.85124497745, 'OE2': 37491.85124497745, 'OE3': 21504.213031351417, 'OE4': 21504.213031351417, 'OE5': 21504.213031351417, 'OE6': 16733.37514231146, 'OE7': 4252.180731184623, 'OE8': 3322.4902613852905, 'OE9': 2517.5660408848034}","{'OE1': 9.40396866172316, 'OE2': 6.5398779429167835, 'OE3': 6.539829278251236, 'OE4': 13.07235624236543, 'OE5': 13.07235624236543, 'OE6': 0.21539186275399835, 'OE7': 5.930351986676211, 'OE8': 3.227215222120932, 'OE9': 0.052088381150949964}"
601,0.19262678236827924,0.0006394710259789316,14807507263.622772,2769.8466822421465,"{'OE1': 38047.22523548664, 'OE2': 38047.22523548664, 'OE3': 22122.422379649932, 'OE4': 22101.340051470586, 'OE5': 22101.340051470586, 'OE6': 17424.602899297137, 'OE7': 4549.886759040148, 'OE8': 3601.0190480091733, 'OE9': 2769.8466822421465}","{'OE1': 9.401106393361514, 'OE2': 6.529114437435234, 'OE3': 6.529119753975996, 'OE4': 12.992227508174734, 'OE5': 12.992227508174734, 'OE6': 0.21886293533267975, 'OE7': 6.107964634819266, 'OE8': 3.2249026892897836, 'OE9': 0.05230753571791369}"
651,0.19917762375644088,0.0006787553013108092,19417854455.571014,2847.616266242072,"{'OE1': 38380.96118475775, 'OE2': 38380.96118475775, 'OE3': 22878.872579393104, 'OE4': 22182.317586509602, 'OE5': 22182.317586509602, 'OE6': 17639.672045844636, 'OE7': 4598.560146585616, 'OE8': 3669.2174142037366, 'OE9': 2847.616266242072}","{'OE1': 9.481118635763268, 'OE2': 6.414424403697993, 'OE3': 6.414393302968897, 'OE4': 12.486086793511642, 'OE5': 12.4860867935116, 'OE6': 0.2223801445192063, 'OE7': 6.1983669083527975, 'OE8': 3.0950123091527337, 'OE9': 0.05531528064922103}"
701,0.24394778881799084,0.0006777531669807528,24158991042.894585,2959.4079207491013,"{'OE1': 38876.97064190194, 'OE2': 38876.97064190194, 'OE3': 23533.609242854, 'OE4': 21922.749998393363, 'OE5': 21922.749998393363, 'OE6': 17620.868668767238, 'OE7': 4673.443477509094, 'OE8': 3768.276171243838, 'OE9': 2959.4079207491013}","{'OE1': 9.38354281012839, 'OE2': 6.542301166823087, 'OE3': 6.542350226612609, 'OE4': 12.03189695842111, 'OE5': 12.03189695842111, 'OE6': 0.21000000125004176, 'OE7': 6.113171187213798, 'OE8': 2.970372420342887, 'OE9': 0.05215204507013424}"
751,0.27872549498511034,0.0007175919778614632,29464663319.47663,2907.5940264635437,"{'OE1': 39195.51770136138, 'OE2': 39195.51770136138, 'OE3': 23709.67946645007, 'OE4': 21385.981538629658, 'OE5': 21385.981538629658, 'OE6': 17328.42904456767, 'OE7': 4515.7310401325085, 'OE8': 3670.6344565853015, 'OE9': 2907.5940264635437}","{'OE1': 9.431156179922501, 'OE2': 6.534815304231067, 'OE3': 6.534866392594557, 'OE4': 11.624310016158404, 'OE5': 11.624310016158404, 'OE6': 0.22171510180304124, 'OE7': 5.991474991498668, 'OE8': 2.8684994411193236, 'OE9': 0.04895046109928994}"
801,0.2945596299484805,0.0007061306139022303,35841258639.32442,3109.301995532097,"{'OE1': 39433.45703381748, 'OE2': 39433.45703381748, 'OE3': 24334.07112343489, 'OE4': 21226.197209941573, 'OE5': 21226.197209941573, 'OE6': 17318.941279913834, 'OE7': 4765.109067497815, 'OE8': 3898.043470268559, 'OE9': 3109.301995532097}","{'OE1': 9.474965658308731, 'OE2': 6.424600853472455, 'OE3': 6.424608706796569, 'OE4': 11.257454132155672, 'OE5': 11.257454132155672, 'OE6': 0.21131080577318706, 'OE7': 6.19298372258241, 'OE8': 2.7771375594004764, 'OE9': 0.0496108373292751}"
851,0.30819026333119837,0.0007465245101028889,41810969548.62769,2992.919873790005,"{'OE1': 39670.6785384994, 'OE2': 39670.6785384994, 'OE3': 24784.82371398784, 'OE4': 20996.43727982027, 'OE5': 20996.43727982027, 'OE6': 17199.711720675477, 'OE7': 4543.161907117381, 'OE8': 3732.270390346997, 'OE9': 2992.919873790005}","{'OE1': 9.386268011734, 'OE2': 6.5420633528711445, 'OE3': 6.5420062785036315, 'OE4': 10.922721950530796, 'OE5': 10.922721950530796, 'OE6': 0.21926120994355303, 'OE7': 6.011803811079194, 'OE8': 2.6910416833879727, 'OE9': 0.05259856655063477}"
901,0.3418132523249824,0.0007307842872963209,49365653194.67927,3169.7909657545015,"{'OE1': 39840.169051010096, 'OE2': 39840.169051010096, 'OE3': 25135.704446160627, 'OE4': 20719.46606990171, 'OE5': 20719.46606990171, 'OE6': 17048.735716974734, 'OE7': 4772.615455597821, 'OE8': 3936.7797938447743, 'OE9': 3169.7909657545015}","{'OE1': 9.375320427901437, 'OE2': 6.414490858266028, 'OE3': 6.414551138815646, 'OE4': 10.615148938798264, 'OE5': 10.615148938798264, 'OE6': 0.22450310104465032, 'OE7': 6.0329585585712895, 'OE8': 2.623693409715051, 'OE9': 0.04931474224378232}"
951,0.3915380066379157,0.0008238597526679193,51937874726.59227,2624.0830610639696,"{'OE1': 39309.142498675144, 'OE2': 39309.142498675144, 'OE3': 24461.21605669102, 'OE4': 19656.632024164064, 'OE5': 19656.632024164064, 'OE6': 15984.598276940827, 'OE7': 4053.3370173997137, 'OE8': 3304.7002446029464, 'OE9': 2624.0830610639696}","{'OE1': 9.424042727747889, 'OE2': 6.280895827561913, 'OE3': 6.2809428320738405, 'OE4': 10.333815053955387, 'OE5': 10.333815053955387, 'OE6': 0.21856862692656853, 'OE7': 6.087996830426407, 'OE8': 2.546079733258653, 'OE9': 0.05317538409195477}"
1001,0.3868410307686645,0.0007965671589399253,55916744076.14085,2613.22942071279,"{'OE1': 38825.09490734315, 'OE2': 38825.09490734315, 'OE3': 23833.7192160929, 'OE4': 18684.43327781979, 'OE5': 18684.43327781979, 'OE6': 15028.489857613664, 'OE7': 4135.347481295515, 'OE8': 3333.5593363087783, 'OE9': 2613.22942071279}","{'OE1': 9.417452528369624, 'OE2': 6.531496583792705, 'OE3': 6.531585589762897, 'OE4': 10.07172107048071, 'OE5': 10.07172107048071, 'OE6': 0.23497495923115813, 'OE7': 6.055164104500562, 'OE8': 2.5166069120829544, 'OE9': 0.0535663295888682}"
1051,0.45118011635122457,0.0008117037920759967,62636135853.80339,2583.4245206116743,"{'OE1': 38934.0628525273, 'OE2': 38934.0628525273, 'OE3': 24066.996707777183, 'OE4': 18469.06494306573, 'OE5': 18469.06494306573, 'OE6': 14885.236371356175, 'OE7': 4062.779192139372, 'OE8': 3283.1564350191693, 'OE9': 2583.4245206116743}","{'OE1': 9.44380661551734, 'OE2': 6.273328069265071, 'OE3': 6.273281195935419, 'OE4': 9.828191540784342, 'OE5': 9.828191540784342, 'OE6': 0.22365233644908566, 'OE7': 5.742819727036824, 'OE8': 2.4658467489850837, 'OE9': 0.05067472156319419}"
1101,0.4717174272991542,0.0008552173920123313,71057497274.04597,2506.5240579812807,"{'OE1': 39029.8709106469, 'OE2': 39029.8709106469, 'OE3': 24291.426459060545, 'OE4': 18264.553312646454, 'OE5': 18264.553312646454, 'OE6': 14766.569001894746, 'OE7': 3920.6519038579727, 'OE8': 3176.5911350282895, 'OE9': 2506.5240579812807}","{'OE1': 9.462511535827916, 'OE2': 6.414642415992077, 'OE3': 6.414673308548707, 'OE4': 9.604600691275387, 'OE5': 9.604600691275387, 'OE6': 0.22633546498490753, 'OE7': 6.036411621315315, 'OE8': 2.360808602352781, 'OE9': 0.0506831220897553}"
1151,0.4753500460140003,0.0008515230965966128,79101813975.17293,2551.565278079378,"{'OE1': 39143.99686816907, 'OE2': 39143.99686816907, 'OE3': 24525.502567459127, 'OE4': 18069.86984543931, 'OE5': 18069.86984543931, 'OE6': 14641.367503907135, 'OE7': 3977.2897986611706, 'OE8': 3229.950600032327, 'OE9': 2551.565278079378}","{'OE1': 9.41402572271434, 'OE2': 6.412082719707811, 'OE3': 6.412000188652179, 'OE4': 9.393061296929297, 'OE5': 9.393061296929297, 'OE6': 0.2265116781303148, 'OE7': 6.115396876577796, 'OE8': 2.2967678998856007, 'OE9': 0.05006263884471496}"
1201,0.5274099391415348,0.0008777226550249586,86709728053.88895,2494.4161399179798,"{'OE1': 39174.24705433295, 'OE2': 39174.24705433295, 'OE3': 24704.366144907297, 'OE4': 17899.434574780935, 'OE5': 17899.434574780935, 'OE6': 14525.32228248599, 'OE7': 3874.1537168916184, 'OE8': 3150.649434694133, 'OE9': 2494.4161399179798}","{'OE1': 9.410350409117282, 'OE2': 6.399201374098631, 'OE3': 6.399228764788752, 'OE4': 9.193783189640497, 'OE5': 9.193783189640497, 'OE6': 0.21209844842552095, 'OE7': 5.789466697624453, 'OE8': 2.306941672338085, 'OE9': 0.05018329858803838}"
1251,0.5588118968125855,0.0008976693047018363,94785891259.83344,2486.640383679211,"{'OE1': 39247.457290018996, 'OE2': 39247.45729001899, 'OE3': 24828.40745057171, 'OE4': 17681.61711543128, 'OE5': 17681.61711543128, 'OE6': 14364.456576579023, 'OE7': 3851.9945858673327, 'OE8': 3137.1060823678304, 'OE9': 2486.640383679211}","{'OE1': 9.392868629287953, 'OE2': 6.2844988033918, 'OE3': 6.284488100833399, 'OE4': 9.010167183091447, 'OE5': 9.010167183091447, 'OE6': 0.22010148754658576, 'OE7': 5.880117439930434, 'OE8': 2.2608252284246704, 'OE9': 0.052570758115682986}"
1301,0.5852088117724179,0.000872312962236203,103161000711.12572,2635.813191365341,"{'OE1': 39293.44843054997, 'OE2': 39293.44843054997, 'OE3': 24875.064585892505, 'OE4': 17433.106974315186, 'OE5': 17433.106974315186, 'OE6': 14194.042724490322, 'OE7': 4073.8666898390493, 'OE8': 3322.523649281818, 'OE9': 2635.813191365341}","{'OE1': 9.377203892368335, 'OE2': 6.278656729652319, 'OE3': 6.278624381478337, 'OE4': 8.836099829811351, 'OE5': 8.836099829811351, 'OE6': 0.2160886187586742, 'OE7': 6.054294680426899, 'OE8': 2.2208832176472777, 'OE9': 0.050178121213748345}"
1351,0.6549171918559296,0.0009496822256791573,108945629200.17033,2436.9784065402805,"{'OE1': 39260.972938024745, 'OE2': 39260.972938024745, 'OE3': 24865.18944366769, 'OE4': 17132.15923470998, 'OE5': 17132.15923470998, 'OE6': 13950.577285604419, 'OE7': 3756.2988774296755, 'OE8': 3065.7516170655963, 'OE9': 2436.9784065402805}","{'OE1': 9.390478348040398, 'OE2': 6.281489480701065, 'OE3': 6.281528095561539, 'OE4': 8.670941382611957, 'OE5': 8.670941382611957, 'OE6': 0.23195204854343732, 'OE7': 6.071364754181163, 'OE8': 2.184327270540604, 'OE9': 0.05020911612600101}"
1401,0.6820983354509735,0.0009305381411472935,111889591761.54967,2466.6860077845677,"{'OE1': 39283.57590226548, 'OE2': 39283.57590226548, 'OE3': 24883.080886562053, 'OE4': 16863.047673764, 'OE5': 16863.047673764, 'OE6': 13745.572474350989, 'OE7': 3801.181796976263, 'OE8': 3103.9471338290105, 'OE9': 2466.6860077845677}","{'OE1': 9.483810712977201, 'OE2': 6.2754590482933565, 'OE3': 6.275394502596456, 'OE4': 8.513840143731837, 'OE5': 8.513840143731837, 'OE6': 0.22514355228515082, 'OE7': 6.141209211025455, 'OE8': 2.087415575983896, 'OE9': 0.048850253710260166}"
1451,0.7123503150569377,0.0009446988181603745,113094417615.23373,2416.22291288771,"{'OE1': 39308.44790959579, 'OE2': 39308.44790959578, 'OE3': 24895.094180076918, 'OE4': 16644.469360074792, 'OE5': 16644.469360074792, 'OE6': 13570.229857259339, 'OE7': 3723.7127592449883, 'OE8': 3042.04912161307, 'OE9': 2416.22291288771}","{'OE1': 9.429612566274487, 'OE2': 6.27639149766787, 'OE3': 6.276376861202109, 'OE4': 8.366531358621758, 'OE5': 8.366531358621758, 'OE6': 0.21844433637192573, 'OE7': 5.6856312688227355, 'OE8': 2.049349601002356, 'OE9': 0.05496825818947393}"
1501,0.7437280739386551,0.0009247245462144125,114489049911.4779,2475.194663434959,"{'OE1': 39306.2485524326, 'OE2': 39306.2485524326, 'OE3': 24883.431441723165, 'OE4': 16410.70506226204, 'OE5': 16410.70506226204, 'OE6': 13382.537711330398, 'OE7': 3812.8647024111715, 'OE8': 3116.124978366798, 'OE9': 2475.194663434959}","{'OE1': 9.399510265474618, 'OE2': 6.277521127015459, 'OE3': 6.277566615030892, 'OE4': 8.227652441142986, 'OE5': 8.227652441142986, 'OE6': 0.21993602224421527, 'OE7': 6.069856601886938, 'OE8': 2.017674296906587, 'OE9': 0.05410840863479857}"
1551,0.7767603701740882,0.0009870174509367861,117939678456.86761,2361.3017344548575,"{'OE1': 39346.42497017397, 'OE2': 39346.42497017397, 'OE3': 24805.203931493288, 'OE4': 16163.328815925594, 'OE5': 16163.328815925594, 'OE6': 13194.964795492919, 'OE7': 3629.2534390720066, 'OE8': 2968.673752742113, 'OE9': 2361.3017344548575}","{'OE1': 9.398988448171531, 'OE2': 6.2739102494373, 'OE3': 6.273996469941984, 'OE4': 8.091776162621983, 'OE5': 8.091776162621983, 'OE6': 0.23033202821926002, 'OE7': 6.142892403044174, 'OE8': 1.9859738809347567, 'OE9': 0.05198405282006956}"
1601,0.8017756649485364,0.0010058481978664237,116221350027.84647,2304.2703094467333,"{'OE1': 39331.5841732535, 'OE2': 39331.5841732535, 'OE3': 24666.824221660427, 'OE4': 15901.730541007148, 'OE5': 15901.730541007148, 'OE6': 12989.081481440455, 'OE7': 3547.6991932243063, 'OE8': 2902.735324019039, 'OE9': 2304.2703094467333}","{'OE1': 9.461612438741241, 'OE2': 6.278365051152955, 'OE3': 6.278428716950129, 'OE4': 7.965329193516865, 'OE5': 7.965329193516865, 'OE6': 0.21461706987603119, 'OE7': 5.672952482969142, 'OE8': 1.9932908719749913, 'OE9': 0.051416769195729226}"
1651,0.8478503713581631,0.0009912317233093117,114532990395.53027,2331.4885089619997,"{'OE1': 39320.08130160988, 'OE2': 39320.08130160987, 'OE3': 24513.809842102735, 'OE4': 15596.488753553544, 'OE5': 15596.488753553544, 'OE6': 12734.952250888997, 'OE7': 3585.183836040651, 'OE8': 2933.8687779882052, 'OE9': 2331.4885089619997}","{'OE1': 9.439326298375423, 'OE2': 6.274674404564949, 'OE3': 6.274718643592056, 'OE4': 7.843797882610339, 'OE5': 7.843797882610339, 'OE6': 0.21891834133158705, 'OE7': 6.155215580742572, 'OE8': 1.9176576516749044, 'OE9': 0.05070079281869373}"
1701,0.8363134996761801,0.0010863144827313565,111421609250.11182,2094.491311185276,"{'OE1': 39310.787643500764, 'OE2': 39310.787643500764, 'OE3': 24344.1490018448, 'OE4': 15327.922027307388, 'OE5': 15327.922027307388, 'OE6': 12520.210839587771, 'OE7': 3221.3432122648883, 'OE8': 2636.249546284049, 'OE9': 2094.491311185276}","{'OE1': 9.47308161720198, 'OE2': 6.275664887147864, 'OE3': 6.275586727349856, 'OE4': 7.72835757191616, 'OE5': 7.72835757191616, 'OE6': 0.2280281437980463, 'OE7': 5.753520202978671, 'OE8': 1.8994133148012269, 'OE9': 0.042553747309505285}"
1751,0.939636520492968,0.001082120592402393,111275084656.5445,2138.61303663615,"{'OE1': 39276.353959315864, 'OE2': 39276.353959315864, 'OE3': 24103.85780799669, 'OE4': 15015.974511474196, 'OE5': 15015.974511474196, 'OE6': 12267.891608336267, 'OE7': 3291.842150905617, 'OE8': 2693.744160506224, 'OE9': 2138.61303663615}","{'OE1': 9.401313325579972, 'OE2': 6.264971442148049, 'OE3': 6.264934446472003, 'OE4': 7.616073995795743, 'OE5': 7.616073995795743, 'OE6': 0.21890536537575267, 'OE7': 6.12113051676223, 'OE8': 1.8747956414947535, 'OE9': 0.05649987070926332}"
1801,0.9848113799152998,0.0010293302515806144,104726065610.8756,2188.1045082878286,"{'OE1': 39237.66651229756, 'OE2': 39237.66651229756, 'OE3': 23642.93752863399, 'OE4': 14585.103974201667, 'OE5': 14585.103974201667, 'OE6': 11909.559983275463, 'OE7': 3373.0446498302217, 'OE8': 2759.6397013113683, 'OE9': 2188.1045082878286}","{'OE1': 9.369887723505498, 'OE2': 6.276657875302929, 'OE3': 6.276599596766027, 'OE4': 7.509363955274246, 'OE5': 7.509363955274246, 'OE6': 0.22686976907493023, 'OE7': 6.06329673656224, 'OE8': 1.8483553960122827, 'OE9': 0.05478560111052193}"
1851,1.024505530376473,0.0010812894114566264,98478553991.28423,2033.4931920723773,"{'OE1': 39142.007260300474, 'OE2': 39142.007260300474, 'OE3': 23101.076723826154, 'OE4': 14147.13623147245, 'OE5': 14147.13623147245, 'OE6': 11540.87145401627, 'OE7': 3143.232550476948, 'OE8': 2569.6394363591817, 'OE9': 2033.4931920723773}","{'OE1': 9.448093783297002, 'OE2': 6.264583404424952, 'OE3': 6.264659208245534, 'OE4': 7.4091495213331315, 'OE5': 7.4091495213331315, 'OE6': 0.22420857979659065, 'OE7': 5.691887667916758, 'OE8': 1.8276268797076878, 'OE9': 0.052047313086286406}"
1901,1.0730457229828971,0.0011081667346315752,91149303768.83498,1954.6517884366144,"{'OE1': 39103.14783788419, 'OE2': 39103.14783788419, 'OE3': 22540.333557626353, 'OE4': 13646.216209489932, 'OE5': 13646.216209489932, 'OE6': 11129.05922088202, 'OE7': 3030.596057282253, 'OE8': 2475.1850160873064, 'OE9': 1954.6517884366144}","{'OE1': 9.469474611278747, 'OE2': 6.2796855281101855, 'OE3': 6.279692019271456, 'OE4': 7.311592025685531, 'OE5': 7.311592025685531, 'OE6': 0.21533975627347635, 'OE7': 6.196945762409531, 'OE8': 1.7916994957752337, 'OE9': 0.05425927964817423}"
1951,1.0471547650424782,0.0010958226640444863,79164210576.97424,1850.5604615454513,"{'OE1': 39024.23607015298, 'OE2': 39024.23607015298, 'OE3': 21546.478991760687, 'OE4': 12954.650222266706, 'OE5': 12954.650222266706, 'OE6': 10547.63523630548, 'OE7': 2879.2542640760303, 'OE8': 2348.9593318740367, 'OE9': 1850.5604615454513}","{'OE1': 9.405695229960871, 'OE2': 6.279754979666428, 'OE3': 6.279712618776946, 'OE4': 7.216825999072755, 'OE5': 7.216825999072755, 'OE6': 0.22638621974358508, 'OE7': 5.748911204456958, 'OE8': 1.7561534078984313, 'OE9': 0.05283847169273266}"
2001,1.1431568370599052,0.001146107553768138,66705384513.6652,1676.1372664212854,"{'OE1': 38935.87004611664, 'OE2': 38935.87004611664, 'OE3': 20184.671262251082, 'OE4': 12014.971854967287, 'OE5': 12014.971854967287, 'OE6': 9769.599623114213, 'OE7': 2613.956811169735, 'OE8': 2129.805170563772, 'OE9': 1676.1372664212854}","{'OE1': 9.41664407470751, 'OE2': 6.277569451602082, 'OE3': 6.277568058364068, 'OE4': 7.125372430610675, 'OE5': 7.125372430610675, 'OE6': 0.2337240228450721, 'OE7': 5.80237359122907, 'OE8': 1.8004770590459618, 'OE9': 0.04863689417847758}"
2051,1.149499857583578,0.0010937414651762784,49289790754.51515,1525.8337380827033,"{'OE1': 38823.55013002797, 'OE2': 38823.55013002797, 'OE3': 17694.90451604624, 'OE4': 10414.21074345882, 'OE5': 10414.21074345882, 'OE6': 8461.203234992137, 'OE7': 2389.9789576749226, 'OE8': 1945.2509539193234, 'OE9': 1525.8337380827033}","{'OE1': 9.424411647088801, 'OE2': 6.268074721568967, 'OE3': 6.268079451838627, 'OE4': 7.037808024500821, 'OE5': 7.037808024500821, 'OE6': 0.23339407608291923, 'OE7': 5.694970690787538, 'OE8': 1.7515577057057512, 'OE9': 0.05030434839000386}"
2101,1.217139278135619,0.0011270894897597676,26042804990.85911,980.3002803380441,"{'OE1': 38738.17754370824, 'OE2': 38738.17754370824, 'OE3': 11678.883028537903, 'OE4': 6839.104952287625, 'OE5': 6839.104952287625, 'OE6': 5547.916450420996, 'OE7': 1542.443894911565, 'OE8': 1253.8417790334988, 'OE9': 980.3002803380441}","{'OE1': 9.38483139960393, 'OE2': 6.281609002329356, 'OE3': 6.281666485162161, 'OE4': 6.953705640551259, 'OE5': 6.953705640551259, 'OE6': 0.2180092380618881, 'OE7': 6.052126698540928, 'OE8': 1.7425681318750768, 'OE9': 0.05049110064775918}"
2151,1.2193993261998912,0.0011434356897795912,12050425137.59694,620.2163764555928,"{'OE1': 38594.522035569076, 'OE2': 38594.522035569076, 'OE3': 7538.657323054162, 'OE4': 4383.816062317819, 'OE5': 4383.816062317819, 'OE6': 3549.9678493389238, 'OE7': 981.9794891672818, 'OE8': 796.5759751142332, 'OE9': 620.2163764555928}","{'OE1': 9.432519493866646, 'OE2': 6.281847426657647, 'OE3': 6.281955480144623, 'OE4': 6.8703995040463255, 'OE5': 6.8703995040463255, 'OE6': 0.22016305237603506, 'OE7': 5.704330063672386, 'OE8': 1.7205920707055677, 'OE9': 0.046669417110672504}"
2201,1.2858313920096407,0.001209109804871946,7387845121.872785,590.1959512946491,"{'OE1': 38430.16075929142, 'OE2': 38430.16075929142, 'OE3': 7461.677719117061, 'OE4': 4320.194312402019, 'OE5': 4320.194312402019, 'OE6': 3490.2264759243767, 'OE7': 939.4335088213089, 'OE8': 760.2756341459719, 'OE9': 590.1959512946491}","{'OE1': 9.377840068410242, 'OE2': 6.27502014610708, 'OE3': 6.275023539733031, 'OE4': 6.794157280515365, 'OE5': 6.794157280515365, 'OE6': 0.21492739569863611, 'OE7': 6.093834406663868, 'OE8': 1.676678840673765, 'OE9': 0.04997544729824131}"
2251,1.3602586797678669,0.0012025128525480788,3401843058.7771926,669.3184852414356,"{'OE1': 38267.30638551173, 'OE2': 38267.30638551173, 'OE3': 8456.008952811857, 'OE4': 4852.7099197101525, 'OE5': 4852.7099197101525, 'OE6': 3910.1395592279523, 'OE7': 1074.6605785889521, 'OE8': 867.4357536657176, 'OE9': 669.3184852414356}","{'OE1': 9.438085367260289, 'OE2': 6.279796396008073, 'OE3': 6.279799764875449, 'OE4': 6.719718415059106, 'OE5': 6.719718415059106, 'OE6': 0.20298016768198862, 'OE7': 6.073485529052306, 'OE8': 1.617822379783029, 'OE9': 0.054532010198770214}"
2301,1.4033281235597315,0.0012132174320371768,2777622732.921985,724.0034191111108,"{'OE1': 38071.79265232558, 'OE2': 38071.79265232558, 'OE3': 9389.452060796324, 'OE4': 5341.777283545739, 'OE5': 5341.777283545739, 'OE6': 4289.8810494711615, 'OE7': 1171.4123358801448, 'OE8': 942.7686818843481, 'OE9': 724.0034191111108}","{'OE1': 9.41684384777962, 'OE2': 6.2695731084334145, 'OE3': 6.269446360339584, 'OE4': 6.645086412782684, 'OE5': 6.645086412782684, 'OE6': 0.21775501677780584, 'OE7': 6.125823138695323, 'OE8': 1.6309625855592613, 'OE9': 0.05460688929304669}"
2351,1.4203542591908445,0.0012232062579681394,2817837239.0973973,745.7384959433824,"{'OE1': 37843.56941881584, 'OE2': 37843.56941881584, 'OE3': 9885.206282439085, 'OE4': 5592.384565182212, 'OE5': 5592.384565182212, 'OE6': 4478.336171528331, 'OE7': 1218.3290912911089, 'OE8': 977.3322005802654, 'OE9': 745.7384959433824}","{'OE1': 9.415206695761585, 'OE2': 6.28358507617291, 'OE3': 6.283604018671369, 'OE4': 6.574756924642756, 'OE5': 6.574756924642756, 'OE6': 0.21424729538102594, 'OE7': 5.990582627817414, 'OE8': 1.6040809278271324, 'OE9': 0.049820684338890905}"
2401,1.4913912553984119,0.0011821305900763118,3597102490.012628,801.7409280322681,"{'OE1': 37588.27643193664, 'OE2': 37588.27643193664, 'OE3': 10307.144843275102, 'OE4': 5798.58655167882, 'OE5': 5798.58655167882, 'OE6': 4623.386776435002, 'OE7': 1324.2902396701256, 'OE8': 1058.238448076458, 'OE9': 801.7409280322681}","{'OE1': 9.437068612075512, 'OE2': 6.266609737377252, 'OE3': 6.266824513278365, 'OE4': 6.5048778007321815, 'OE5': 6.5048778007321815, 'OE6': 0.23507498434249463, 'OE7': 6.134508110725532, 'OE8': 1.5973633317036986, 'OE9': 0.05188697775484252}"
2451,1.5120049557208404,0.0011721163417801226,3783484564.932875,808.4238059215805,"{'OE1': 37233.901365630234, 'OE2': 37233.90136563023, 'OE3': 10612.093164204727, 'OE4': 5939.6904936872925, 'OE5': 5939.6904936872925, 'OE6': 4711.213136639562, 'OE7': 1356.4346576253033, 'OE8': 1078.1712503487406, 'OE9': 808.4238059215805}","{'OE1': 9.39814254859245, 'OE2': 6.280334666726706, 'OE3': 6.280339303824421, 'OE4': 6.438131335965515, 'OE5': 6.438131335965515, 'OE6': 0.21930682668558876, 'OE7': 5.759610877430571, 'OE8': 1.6034214385321488, 'OE9': 0.05028380805834669}"
2501,1.585245353983737,0.0012722111069767901,3723830889.3047757,750.8960891013533,"{'OE1': 36797.56202331484, 'OE2': 36797.56202331484, 'OE3': 10846.433246262328, 'OE4': 6027.6666827806575, 'OE5': 6027.6666827806575, 'OE6': 4753.370253831376, 'OE7': 1281.070339642878, 'OE8': 1012.2527587945892, 'OE9': 750.8960891013533}","{'OE1': 9.4548344479874, 'OE2': 6.2788450142051, 'OE3': 6.278731797320802, 'OE4': 6.3729806059603, 'OE5': 6.3729806059603, 'OE6': 0.22193315979428613, 'OE7': 6.124889065864341, 'OE8': 1.5608635444225814, 'OE9': 0.05384040497167683}"
2551,1.6822102457385881,0.0012671791832021947,3446303742.7917333,734.8296279985744,"{'OE1': 36334.32280627959, 'OE2': 36334.32280627959, 'OE3': 10797.039277637461, 'OE4': 5968.442584799417, 'OE5': 5968.442584799417, 'OE6': 4674.48326201401, 'OE7': 1278.2714487122794, 'OE8': 1003.3744006107445, 'OE9': 734.8296279985744}","{'OE1': 9.411988566094978, 'OE2': 6.277785335693428, 'OE3': 6.277770825670661, 'OE4': 6.311610441363484, 'OE5': 6.311610441363484, 'OE6': 0.23387994228980663, 'OE7': 6.010763773554361, 'OE8': 1.5841855095525998, 'OE9': 0.049013789529780694}"
2601,1.683395612417371,0.0012394706341555737,2868070262.806373,687.8799713440982,"{'OE1': 35820.76762363523, 'OE2': 35820.76762363523, 'OE3': 10345.067463169375, 'OE4': 5667.412114035914, 'OE5': 5667.412114035914, 'OE6': 4404.5364251151395, 'OE7': 1226.2308935228364, 'OE8': 955.3956882144057, 'OE9': 687.8799713440982}","{'OE1': 9.458169408935808, 'OE2': 6.2806806465714216, 'OE3': 6.280681166558985, 'OE4': 6.249621997312482, 'OE5': 6.249621997312482, 'OE6': 0.2067639240020801, 'OE7': 6.118821521737345, 'OE8': 1.5672973868304458, 'OE9': 0.05041881809672248}"
2651,1.7282278594757372,0.0012816787995801613,2231552756.1627045,588.1488729634868,"{'OE1': 35101.32407720143, 'OE2': 35101.32407720143, 'OE3': 9342.896163586032, 'OE4': 5109.93691902895, 'OE5': 5109.93691902895, 'OE6': 3929.23128313529, 'OE7': 1082.1883585994585, 'OE8': 834.5153107734689, 'OE9': 588.1488729634868}","{'OE1': 9.415736886909777, 'OE2': 6.271935795656161, 'OE3': 6.271926232524105, 'OE4': 6.191213386040495, 'OE5': 6.191213386040495, 'OE6': 0.21046385567060438, 'OE7': 6.013821043055211, 'OE8': 1.548595132268718, 'OE9': 0.05137645044073347}"
2701,1.8329170275301294,0.0013543612501245791,1813552727.613258,553.0998811073558,"{'OE1': 34168.17432608641, 'OE2': 34168.17432608641, 'OE3': 9776.652347268713, 'OE4': 5324.575109581339, 'OE5': 5324.575109581339, 'OE6': 4041.915545387342, 'OE7': 1060.2704731556487, 'OE8': 807.4388398483463, 'OE9': 553.0998811073558}","{'OE1': 9.397304507998967, 'OE2': 6.149177625226113, 'OE3': 6.149210022389803, 'OE4': 6.13347013384846, 'OE5': 6.13347013384846, 'OE6': 0.22247262965415404, 'OE7': 6.062276006676875, 'OE8': 1.5275670295330275, 'OE9': 0.04987629444789962}"
2751,1.8502530720638788,0.0013733617676544108,1388392841.9480498,521.6649546447914,"{'OE1': 33050.46398843223, 'OE2': 33050.46398843223, 'OE3': 9904.377143824408, 'OE4': 5364.866268578153, 'OE5': 5364.866268578153, 'OE6': 4014.183494726361, 'OE7': 1053.218027135962, 'OE8': 790.4812216150459, 'OE9': 521.6649546447914}","{'OE1': 9.364218021085149, 'OE2': 6.139956302394319, 'OE3': 6.1399168752644, 'OE4': 6.078716802494521, 'OE5': 6.078716802494521, 'OE6': 0.2209284698324273, 'OE7': 6.131368179897427, 'OE8': 1.5224016074666675, 'OE9': 0.046247147502616895}"
2801,1.7887434172116627,0.0013095936313683944,1127407166.1542647,475.93369258827255,"{'OE1': 31259.614571213395, 'OE2': 31259.614571213395, 'OE3': 9650.452235851004, 'OE4': 5193.0835638727995, 'OE5': 5193.0835638727995, 'OE6': 3793.8158638281598, 'OE7': 1048.7745679938714, 'OE8': 769.0314298512379, 'OE9': 475.93369258827255}","{'OE1': 9.44830067512677, 'OE2': 5.88221173946906, 'OE3': 5.8822098838146495, 'OE4': 6.02395798960853, 'OE5': 6.02395798960853, 'OE6': 0.19763242652793234, 'OE7': 5.990224768338932, 'OE8': 1.4772308716613767, 'OE9': 0.047873361168062276}"
2851,1.896505039056592,0.0013540285877878156,839967898.9203937,372.96982192062495,"{'OE1': 28710.160387770407, 'OE2': 28710.1603877704, 'OE3': 9049.492208392188, 'OE4': 4857.189747095783, 'OE5': 4857.189747095783, 'OE6': 3440.808764263194, 'OE7': 934.4777957741321, 'OE8': 665.0423337144059, 'OE9': 372.96982192062495}","{'OE1': 9.443209789201205, 'OE2': 6.010604948431473, 'OE3': 6.0105762200794555, 'OE4': 5.970895930505074, 'OE5': 5.970895930505074, 'OE6': 0.22908820569734423, 'OE7': 6.049321344985783, 'OE8': 1.4300645379686001, 'OE9': 0.054364814063693645}"
2901,1.8581896573045924,0.0013375090507848548,462770163.9306513,237.12482516835163,"{'OE1': 24092.975995033237, 'OE2': 24092.975995033237, 'OE3': 7693.782226747505, 'OE4': 4111.051418524284, 'OE5': 4111.051418524284, 'OE6': 2753.1541177305494, 'OE7': 746.099696996444, 'OE8': 503.29820175858305, 'OE9': 237.12482516835163}","{'OE1': 9.411515387794957, 'OE2': 6.010639812931999, 'OE3': 6.0105500143201525, 'OE4': 5.9187788485500015, 'OE5': 5.9187788485500015, 'OE6': 0.22209016349305077, 'OE7': 6.16676040365479, 'OE8': 1.454582927101155, 'OE9': 0.04972059018240768}"
2951,2.030530075538991,0.0013624052274129042,142973275.53406858,83.26143655546878,"{'OE1': 15674.568847783707, 'OE2': 15674.568847783707, 'OE3': 5058.986785803859, 'OE4': 2683.696069168029, 'OE5': 2683.696069168029, 'OE6': 1571.672486844728, 'OE7': 431.32176843960764, 'OE8': 256.4114374327751, 'OE9': 83.26143655546878}","{'OE1': 9.390687739850582, 'OE2': 6.01958330545534, 'OE3': 6.0196120115278395, 'OE4': 5.869168415366806, 'OE5': 5.869168415366806, 'OE6': 0.22143997658144052, 'OE7': 6.1194864754275, 'OE8': 1.411150152622107, 'OE9': 0.0536160265226355}"
3001,2.1314890413123067,0.0014063057461210615,13403650.63224341,8.953147546887962,"{'OE1': 7707.16112118509, 'OE2': 7707.16112118509, 'OE3': 2474.1842543128173, 'OE4': 1309.6888379605778, 'OE5': 1309.6888379605778, 'OE6': 467.3157605772445, 'OE7': 140.78171430763945, 'OE8': 54.93191899849147, 'OE9': 8.953147546887962}","{'OE1': 9.457998739777864, 'OE2': 5.740715866363567, 'OE3': 5.740752771768495, 'OE4': 5.818459740907962, 'OE5': 5.818459740907962, 'OE6': 0.22581208209839138, 'OE7': 6.09513689917212, 'OE8': 1.4334888326109059, 'OE9': 0.045943223910606304}"
3051,2.110083218410182,0.0013915853833758745,4012205.532483112,3.237431918970169,"{'OE1': 7566.187815209796, 'OE2': 7566.187815209796, 'OE3': 2384.0054120759114, 'OE4': 1252.309837016565, 'OE5': 1252.309837016565, 'OE6': 311.8569674691181, 'OE7': 84.72165654908129, 'OE8': 21.144967774012642, 'OE9': 3.237431918970169}","{'OE1': 9.40186976270573, 'OE2': 5.74663134715569, 'OE3': 5.746652533031215, 'OE4': 5.772487775794758, 'OE5': 5.772487775794758, 'OE6': 0.21256714095409426, 'OE7': 6.072237191638992, 'OE8': 1.3914192604650455, 'OE9': 0.05108250929842015}"
3101,2.1587213887514736,0.001377027450675326,4412184.2499571815,4.323327398271963,"{'OE1': 8003.35093004866, 'OE2': 8003.35093004866, 'OE3': 2577.7974904735775, 'OE4': 1351.5693643637792, 'OE5': 1351.5693643637792, 'OE6': 358.90969607973545, 'OE7': 100.43058666538694, 'OE8': 26.763715723437983, 'OE9': 4.323327398271963}","{'OE1': 9.403239663286113, 'OE2': 5.610428438239777, 'OE3': 5.610463879886605, 'OE4': 5.724241043483288, 'OE5': 5.724241043483288, 'OE6': 0.22538256341264384, 'OE7': 6.106902642477436, 'OE8': 1.4080566814086914, 'OE9': 0.05361291573717411}"
3151,2.218202240190294,0.0014445274837655315,1776387.83771694,1.9503724221111536,"{'OE1': 6829.562301816581, 'OE2': 6829.562301816581, 'OE3': 2221.5774754482027, 'OE4': 1163.0262552675679, 'OE5': 1163.0262552675679, 'OE6': 250.63823336272284, 'OE7': 66.01467499070152, 'OE8': 14.187156362237165, 'OE9': 1.9503724221111536}","{'OE1': 9.426829301068265, 'OE2': 5.4777955210305525, 'OE3': 5.477647470767966, 'OE4': 5.67932954571075, 'OE5': 5.67932954571075, 'OE6': 0.22247583936945425, 'OE7': 6.1468545233681215, 'OE8': 1.3999455359596853, 'OE9': 0.04942827014427088}"
3201,2.3109410905590266,0.0014698096212358775,2428910.4593721377,2.865253658008859,"{'OE1': 7510.021415098003, 'OE2': 7510.021415098003, 'OE3': 2465.3710288253133, 'OE4': 1287.5689394631615, 'OE5': 1287.5689394631615, 'OE6': 305.5856850940214, 'OE7': 79.83062902491545, 'OE8': 18.99087984243903, 'OE9': 2.865253658008859}","{'OE1': 9.49073274043748, 'OE2': 5.741213757684013, 'OE3': 5.741131840649889, 'OE4': 5.633782971758862, 'OE5': 5.633782971758862, 'OE6': 0.22028724696460833, 'OE7': 5.658257596264948, 'OE8': 1.3530447508065961, 'OE9': 0.05207227871211889}"
3251,2.2895839274610807,0.0014038556340066277,3133983.3837756407,3.935386380866056,"{'OE1': 8017.68534839775, 'OE2': 8017.68534839775, 'OE3': 2629.8062672047768, 'OE4': 1364.4665207829485, 'OE5': 1364.4665207829485, 'OE6': 347.01131575347347, 'OE7': 95.19486138394512, 'OE8': 24.287541218802687, 'OE9': 3.935386380866056}","{'OE1': 9.386918390531125, 'OE2': 5.7365930877576945, 'OE3': 5.736588078619184, 'OE4': 5.5907279004710695, 'OE5': 5.5907279004710695, 'OE6': 0.20891226064196367, 'OE7': 6.063554701403952, 'OE8': 1.396071358962359, 'OE9': 0.051307432209943105}"
3301,2.4768222689526738,0.0014948551410834455,3300323.3851542952,3.743620764336259,"{'OE1': 7993.701068231482, 'OE2': 7993.701068231482, 'OE3': 2569.269457563397, 'OE4': 1330.932048507703, 'OE5': 1330.932048507703, 'OE6': 342.96849662218017, 'OE7': 89.80340761534941, 'OE8': 23.211247032577038, 'OE9': 3.743620764336259}","{'OE1': 9.444184713466337, 'OE2': 5.738483313460124, 'OE3': 5.7385268420911135, 'OE4': 5.548768113622358, 'OE5': 5.548768113622358, 'OE6': 0.20859357847159565, 'OE7': 6.094658253950577, 'OE8': 1.3946542767947427, 'OE9': 0.05229441887619417}"
3351,2.471394808284458,0.001460123237433451,3204589.149740166,3.4067276161035513,"{'OE1': 7632.695773400765, 'OE2': 7632.695773400765, 'OE3': 2491.2190385770937, 'OE4': 1284.6860606963023, 'OE5': 1284.6860606963023, 'OE6': 323.30397099576703, 'OE7': 87.84932609474143, 'OE8': 22.163875933357737, 'OE9': 3.4067276161035513}","{'OE1': 9.402418220118737, 'OE2': 5.338100932908283, 'OE3': 5.338108830391484, 'OE4': 5.507500879207978, 'OE5': 5.507500879207978, 'OE6': 0.2033732498082207, 'OE7': 6.148803709135134, 'OE8': 1.3793846016188502, 'OE9': 0.048814242504389954}"
3401,2.4915913752352026,0.001461832958582543,3233711.545152474,3.021435989008848,"{'OE1': 7278.7487267521765, 'OE2': 7278.7487267521765, 'OE3': 2402.731088104141, 'OE4': 1235.0948700772183, 'OE5': 1235.0948700772183, 'OE6': 303.3442130539725, 'OE7': 82.99289446389878, 'OE8': 20.418653365904365, 'OE9': 3.021435989008848}","{'OE1': 9.395049641059146, 'OE2': 5.339538757218563, 'OE3': 5.3395984507031535, 'OE4': 5.4653075347245, 'OE5': 5.4653075347245, 'OE6': 0.22845478141370112, 'OE7': 5.951566359782767, 'OE8': 1.36988569937885, 'OE9': 0.04545809458520056}"
3451,2.6204329671945743,0.001525059176881603,3391769.5791603094,2.603599702741088,"{'OE1': 7186.7312229762465, 'OE2': 7186.7312229762465, 'OE3': 2383.707462035323, 'OE4': 1224.5703998838399, 'OE5': 1224.5703998838399, 'OE6': 289.81913559148234, 'OE7': 75.58096599898374, 'OE8': 17.915888442896225, 'OE9': 2.603599702741088}","{'OE1': 9.471402166049426, 'OE2': 5.335801320860405, 'OE3': 5.335888442151102, 'OE4': 5.42697139718379, 'OE5': 5.42697139718379, 'OE6': 0.2235085475036344, 'OE7': 6.067946591776343, 'OE8': 1.346707446772226, 'OE9': 0.052828658005477966}"
3501,2.4384086209829547,0.001366622049565643,4255974.589020817,3.0601135512462116,"{'OE1': 7198.274550645092, 'OE2': 7198.274550645092, 'OE3': 2398.6259076944793, 'OE4': 1225.8644994568424, 'OE5': 1225.8644994568424, 'OE6': 294.6071989509662, 'OE7': 87.65487671385796, 'OE8': 21.109818762798348, 'OE9': 3.0601135512462116}","{'OE1': 9.422625177421466, 'OE2': 5.336686433074256, 'OE3': 5.33667391780007, 'OE4': 5.387255318867741, 'OE5': 5.387255318867741, 'OE6': 0.2224626965641306, 'OE7': 6.196409574443784, 'OE8': 1.314852188602926, 'OE9': 0.0482667162721518}"
3551,2.7032256440716083,0.0014699725047376054,4920277.8282025065,2.737440914678402,"{'OE1': 7067.2991283208, 'OE2': 7067.299128320799, 'OE3': 2365.5482700378157, 'OE4': 1206.1887748109355, 'OE5': 1206.1887748109355, 'OE6': 289.69624078666345, 'OE7': 79.61980297376, 'OE8': 19.157992212046032, 'OE9': 2.737440914678402}","{'OE1': 9.405940226052804, 'OE2': 5.341981986786575, 'OE3': 5.341979592972184, 'OE4': 5.349477927663786, 'OE5': 5.349477927663786, 'OE6': 0.21795618926753885, 'OE7': 6.128509579887624, 'OE8': 1.3255594218406044, 'OE9': 0.04920616467320521}"
3601,2.816657764894444,0.0015729247840849088,5161594.016850929,2.2657484150670544,"{'OE1': 6815.562536869721, 'OE2': 6815.56253686972, 'OE3': 2280.552161958577, 'OE4': 1160.3401268496732, 'OE5': 1160.3401268496732, 'OE6': 273.5009608031405, 'OE7': 69.47032063073044, 'OE8': 16.414094970185726, 'OE9': 2.2657484150670544}","{'OE1': 9.420100082888851, 'OE2': 5.343344363291234, 'OE3': 5.343304367003849, 'OE4': 5.313496870728178, 'OE5': 5.313496870728178, 'OE6': 0.21715385519774436, 'OE7': 6.174432584518705, 'OE8': 1.2909898311440737, 'OE9': 0.0503525890506748}"
3651,2.9337161613493663,0.0015945736744897665,5427157.956192425,2.0067599393245783,"{'OE1': 6548.749645148338, 'OE2': 6548.749645148338, 'OE3': 2188.627381742204, 'OE4': 1111.2265757127536, 'OE5': 1111.2265757127536, 'OE6': 256.74860381101666, 'OE7': 65.41310269516973, 'OE8': 15.122242148941721, 'OE9': 2.0067599393245783}","{'OE1': 9.43852998429363, 'OE2': 5.215923896169674, 'OE3': 5.215881696261732, 'OE4': 5.277145128614125, 'OE5': 5.277145128614125, 'OE6': 0.2313030502971034, 'OE7': 6.097877556995346, 'OE8': 1.3099287130086343, 'OE9': 0.051405416764103845}"
3701,2.8291818485849944,0.0014863455954383308,5595659.983641474,1.9165230509149145,"{'OE1': 6262.119001441701, 'OE2': 6262.1190014417025, 'OE3': 2089.4899643195326, 'OE4': 1057.4169321973097, 'OE5': 1057.4169321973097, 'OE6': 238.07196306920656, 'OE7': 67.11670266117932, 'OE8': 15.104164651546208, 'OE9': 1.9165230509149145}","{'OE1': 9.423025815102267, 'OE2': 5.208027875285381, 'OE3': 5.056996848978508, 'OE4': 5.240358887515598, 'OE5': 5.240358887515598, 'OE6': 0.2120478092798726, 'OE7': 5.99190413142821, 'OE8': 1.276903946773975, 'OE9': 0.04949793447936959}"
3751,2.8513362940284424,0.0015276605251546664,5204765.538250277,1.5157357010816352,"{'OE1': 5932.805117748455, 'OE2': 5932.805117748455, 'OE3': 1973.2322219790328, 'OE4': 999.2783156049618, 'OE5': 999.2783156049618, 'OE6': 216.96033796440753, 'OE7': 58.2569076036732, 'OE8': 12.627010949822441, 'OE9': 1.5157357010816352}","{'OE1': 9.400017602761844, 'OE2': 5.1904807241047735, 'OE3': 4.9979846804707275, 'OE4': 5.205853302129374, 'OE5': 5.205853302129374, 'OE6': 0.23378788138721796, 'OE7': 6.125317557484067, 'OE8': 1.2691586850602092, 'OE9': 0.047120925712277356}"
3801,2.948336244257007,0.0015131506068184696,5015139.391799861,1.3032608791573421,"{'OE1': 5613.348139446157, 'OE2': 5613.348139446157, 'OE3': 1854.7191946567402, 'OE4': 940.4892509143749, 'OE5': 940.4892509143749, 'OE6': 196.38349480179966, 'OE7': 55.031936553964826, 'OE8': 11.460663939435133, 'OE9': 1.3032608791573421}","{'OE1': 9.413159023822525, 'OE2': 5.081136005520875, 'OE3': 5.097193522117861, 'OE4': 5.169647193926759, 'OE5': 5.169647193926759, 'OE6': 0.2149346483666097, 'OE7': 6.029642406713222, 'OE8': 1.2681344323095731, 'OE9': 0.04994006657563235}"
3851,2.981346173419297,0.001556051057913644,4579387.440570035,1.033773919481726,"{'OE1': 5309.619899145195, 'OE2': 5309.619899145195, 'OE3': 1738.4826414579563, 'OE4': 883.3784038709383, 'OE5': 883.3784038709383, 'OE6': 176.58921388473533, 'OE7': 48.32209353476622, 'OE8': 9.62402307383379, 'OE9': 1.033773919481726}","{'OE1': 9.427336544452483, 'OE2': 5.207538586839296, 'OE3': 5.17119860949391, 'OE4': 5.136718443546675, 'OE5': 5.136718443546675, 'OE6': 0.21414745843219785, 'OE7': 6.148647442779957, 'OE8': 1.2595867896834159, 'OE9': 0.052834844465398545}"
3901,3.1281954691417013,0.0015160052513434816,4002968.6809152705,0.8384273462805838,"{'OE1': 4988.198121494645, 'OE2': 4988.198121494645, 'OE3': 1615.2957809348563, 'OE4': 821.9950483333287, 'OE5': 821.9950483333287, 'OE6': 156.25900557241107, 'OE7': 43.825202483394214, 'OE8': 8.286291822419068, 'OE9': 0.8384273462805838}","{'OE1': 9.459263018968379, 'OE2': 5.195777942677296, 'OE3': 4.992578388388338, 'OE4': 5.104637015807528, 'OE5': 5.104637015807528, 'OE6': 0.20805340944037465, 'OE7': 6.117568765940131, 'OE8': 1.2298966380868208, 'OE9': 0.04896606099840092}"
3951,3.016840142201545,0.0015959086710020368,3415094.153026853,0.621284253162107,"{'OE1': 4690.104361654607, 'OE2': 4690.104361654607, 'OE3': 1501.119709627616, 'OE4': 764.3989306059927, 'OE5': 764.3989306059927, 'OE6': 138.0138237266801, 'OE7': 36.6210659391394, 'OE8': 6.5599057099379054, 'OE9': 0.621284253162107}","{'OE1': 9.41829112372495, 'OE2': 4.800986594834468, 'OE3': 5.20418141436177, 'OE4': 5.07153279222501, 'OE5': 5.07153279222501, 'OE6': 0.22877200067782244, 'OE7': 6.1320620959881555, 'OE8': 1.2470731949700848, 'OE9': 0.05366684060784445}"
4001,3.2417260468937457,0.0016087856086961982,2936962.335786136,0.4895420118798304,"{'OE1': 4409.05979198659, 'OE2': 4409.05979198659, 'OE3': 1394.4010682462388, 'OE4': 713.1360362502489, 'OE5': 713.1360362502489, 'OE6': 121.68736633712496, 'OE7': 32.46049491891461, 'OE8': 5.492879108501003, 'OE9': 0.4895420118798304}","{'OE1': 9.424267408017442, 'OE2': 4.937271454096205, 'OE3': 4.89661159331547, 'OE4': 5.039805958763271, 'OE5': 5.039805958763271, 'OE6': 0.21246164804295886, 'OE7': 6.143411864897064, 'OE8': 1.2372979383290479, 'OE9': 0.05133574108566755}"
4051,3.279691564024688,0.0015700494643411827,2427330.896881651,0.3865283823890565,"{'OE1': 4130.433556023235, 'OE2': 4130.433556023235, 'OE3': 1291.3374825291446, 'OE4': 660.3461198062926, 'OE5': 660.3461198062926, 'OE6': 106.10175406006903, 'OE7': 29.123528011615633, 'OE8': 4.630869197954419, 'OE9': 0.3865283823890565}","{'OE1': 9.394666513965237, 'OE2': 4.798332966661572, 'OE3': 4.977385926967166, 'OE4': 5.007921834784632, 'OE5': 5.007921834784632, 'OE6': 0.2102454048926159, 'OE7': 5.727089613479626, 'OE8': 1.2402531822583045, 'OE9': 0.05055438796152931}"
4101,3.4296001101374713,0.001616114926181346,1997797.3954936839,0.29075501913790935,"{'OE1': 3872.9856201722996, 'OE2': 3872.9856201722996, 'OE3': 1194.4982746643313, 'OE4': 612.5939933518698, 'OE5': 612.5939933518698, 'OE6': 92.53346869477411, 'OE7': 24.887967848290643, 'OE8': 3.7146328326394022, 'OE9': 0.29075501913790935}","{'OE1': 9.400922508283912, 'OE2': 4.938223283999535, 'OE3': 5.061565564581344, 'OE4': 4.977988613536759, 'OE5': 4.977988613536759, 'OE6': 0.2198141568506079, 'OE7': 6.114735553622356, 'OE8': 1.2266679208255795, 'OE9': 0.04873841634725741}"
4151,3.235282843047571,0.001507578162711074,1664086.1008112002,0.24611004338699274,"{'OE1': 3636.2380439471613, 'OE2': 3636.2380439471613, 'OE3': 1103.205572571594, 'OE4': 568.196465121051, 'OE5': 568.196465121051, 'OE6': 80.57553459567804, 'OE7': 23.90338417536759, 'OE8': 3.346796982909995, 'OE9': 0.24611004338699274}","{'OE1': 9.350280674352629, 'OE2': 4.801452469461376, 'OE3': 4.884865592515588, 'OE4': 4.947962280981502, 'OE5': 4.947962280981502, 'OE6': 0.2161511846411665, 'OE7': 6.116400676367824, 'OE8': 1.2246093107261733, 'OE9': 0.05088157737334474}"
4201,3.415249831003166,0.0016302198596909265,1305116.480497838,0.17105156419738263,"{'OE1': 3407.683589207662, 'OE2': 3407.683589207662, 'OE3': 1016.1852985026487, 'OE4': 525.3906461091442, 'OE5': 525.3906461091442, 'OE6': 69.77776972624436, 'OE7': 18.98456350326046, 'OE8': 2.486245754305724, 'OE9': 0.17105156419738263}","{'OE1': 9.442867230648377, 'OE2': 4.935877595242573, 'OE3': 4.715569009119754, 'OE4': 4.918589537586626, 'OE5': 4.918589537586626, 'OE6': 0.21554101010458104, 'OE7': 5.671898731584887, 'OE8': 1.209371602476002, 'OE9': 0.04837156538734971}"
4251,3.5464628454938065,0.0015574496435248166,995075.8852755418,0.1325533374826653,"{'OE1': 3198.100391206634, 'OE2': 3198.100391206634, 'OE3': 935.6239455588774, 'OE4': 484.70357026496663, 'OE5': 484.70357026496663, 'OE6': 60.17470562725195, 'OE7': 16.79150327797383, 'OE8': 2.054673706581557, 'OE9': 0.1325533374826653}","{'OE1': 9.392790760570128, 'OE2': 4.805688011680795, 'OE3': 4.797259786239874, 'OE4': 4.8899967552480845, 'OE5': 4.8899967552480845, 'OE6': 0.21322291380934294, 'OE7': 6.168331566297658, 'OE8': 1.2099505373403445, 'OE9': 0.04821772335934563}"
4301,3.456926931889029,0.001702424461759278,779015.7005802158,0.09352865877207613,"{'OE1': 3001.5208081784526, 'OE2': 3001.5208081784526, 'OE3': 861.3440991563207, 'OE4': 446.8115280682539, 'OE5': 446.8115280682539, 'OE6': 51.84771616465822, 'OE7': 13.444493897629677, 'OE8': 1.5378346430965708, 'OE9': 0.09352865877207613}","{'OE1': 9.43738378358536, 'OE2': 4.805329982277167, 'OE3': 4.756546613893029, 'OE4': 4.860436687750117, 'OE5': 4.860436687750117, 'OE6': 0.21424228175147908, 'OE7': 6.041888880737595, 'OE8': 1.2019178521724867, 'OE9': 0.05057168764958368}"
4351,3.459981498531306,0.0017026213497534808,610555.6830079366,0.07197461215466516,"{'OE1': 2818.6197198197096, 'OE2': 2818.6197198197096, 'OE3': 791.6968907859556, 'OE4': 411.67745516853074, 'OE5': 411.67745516853074, 'OE6': 44.687163060388684, 'OE7': 11.819621719205758, 'OE8': 1.2635839188456877, 'OE9': 0.07197461215466516}","{'OE1': 9.442880249440226, 'OE2': 4.937005080147385, 'OE3': 4.714324546556377, 'OE4': 4.8325577353161435, 'OE5': 4.8325577353161435, 'OE6': 0.21327520743433262, 'OE7': 6.144868558041052, 'OE8': 1.189990932975778, 'OE9': 0.053176746950463816}"
4401,3.734338716036291,0.001622833622070131,461852.4897859423,0.05645282374053888,"{'OE1': 2648.532631536044, 'OE2': 2648.532631536044, 'OE3': 728.448023456537, 'OE4': 380.50648051254666, 'OE5': 380.50648051254666, 'OE6': 38.55957851093041, 'OE7': 10.573273192803004, 'OE8': 1.0555008197521303, 'OE9': 0.05645282374053888}","{'OE1': 9.426129376339983, 'OE2': 4.787125568382709, 'OE3': 4.78448369853329, 'OE4': 4.804842676442661, 'OE5': 4.804842676442661, 'OE6': 0.22326613876918933, 'OE7': 6.022606912174014, 'OE8': 1.1853059156318044, 'OE9': 0.051725759984998024}"
4451,3.888784899841994,0.0016751538492116244,355126.9456971965,0.041961068924846884,"{'OE1': 2493.139950782238, 'OE2': 2493.139950782238, 'OE3': 670.447661270448, 'OE4': 352.06400000862845, 'OE5': 352.06400000862845, 'OE6': 33.34577567389594, 'OE7': 8.971557680137071, 'OE8': 0.8371864632334174, 'OE9': 0.041961068924846884}","{'OE1': 9.404830727081578, 'OE2': 4.810889309055341, 'OE3': 4.635487157379945, 'OE4': 4.778096922740215, 'OE5': 4.778096922740215, 'OE6': 0.21526779480487102, 'OE7': 5.598456577706468, 'OE8': 1.1723309637925363, 'OE9': 0.044555214550915045}"
4501,3.8091002177297923,0.0017302174451050583,270889.5526324344,0.03111539579279407,"{'OE1': 2343.749706154243, 'OE2': 2343.749706154243, 'OE3': 615.2499360234254, 'OE4': 323.6808623398651, 'OE5': 323.6808623398651, 'OE6': 28.68643886305886, 'OE7': 7.500308497267824, 'OE8': 0.6550248931701881, 'OE9': 0.03111539579279407}","{'OE1': 9.469610216780211, 'OE2': 4.661064859954371, 'OE3': 4.589018064052581, 'OE4': 4.753084220752502, 'OE5': 4.753084220752502, 'OE6': 0.20304041066172984, 'OE7': 6.186869228168949, 'OE8': 1.1467818017652898, 'OE9': 0.05574607280544708}"
4551,3.8747878210851923,0.0016902511921369182,204745.27834978976,0.02434614514957991,"{'OE1': 2206.3702947074994, 'OE2': 2206.3702947074994, 'OE3': 563.383935259105, 'OE4': 297.903159961193, 'OE5': 297.903159961193, 'OE6': 24.714795632350267, 'OE7': 6.696943002831519, 'OE8': 0.5471734864676231, 'OE9': 0.02434614514957991}","{'OE1': 9.435846696527054, 'OE2': 4.538254537685341, 'OE3': 4.664140576647727, 'OE4': 4.725823173359872, 'OE5': 4.725823173359872, 'OE6': 0.20941542053008202, 'OE7': 6.082822986213776, 'OE8': 1.1873120747134687, 'OE9': 0.05363580794169098}"
4601,4.099547713817628,0.0017349722456465005,155256.19624807785,0.01834177262784807,"{'OE1': 2080.0267836801822, 'OE2': 2080.0267836801822, 'OE3': 516.3930100219998, 'OE4': 273.43536417343165, 'OE5': 273.43536417343165, 'OE6': 21.233748123375186, 'OE7': 5.700746910886739, 'OE8': 0.4362805448864183, 'OE9': 0.01834177262784807}","{'OE1': 9.48023462971313, 'OE2': 4.535822255990422, 'OE3': 4.407404088088005, 'OE4': 4.700405378613237, 'OE5': 4.700405378613237, 'OE6': 0.22390349135651771, 'OE7': 5.971304376003533, 'OE8': 1.149228712619495, 'OE9': 0.04874891914632619}"
4651,4.2094999676482985,0.0016647701332450995,117448.4758067953,0.014846527657524148,"{'OE1': 1962.2651562552587, 'OE2': 1962.265156255259, 'OE3': 473.3543509605726, 'OE4': 252.0882860200186, 'OE5': 252.0882860200186, 'OE6': 18.359711456423483, 'OE7': 5.191651224173108, 'OE8': 0.3726413168585138, 'OE9': 0.014846527657524148}","{'OE1': 9.358289975657545, 'OE2': 4.532440822914807, 'OE3': 4.366202481647282, 'OE4': 4.675978618186464, 'OE5': 4.675978618186464, 'OE6': 0.22367411118990022, 'OE7': 5.972513764764763, 'OE8': 1.1291185143665778, 'OE9': 0.04971213528364028}"
4701,4.050323469461546,0.001703965048405687,85095.90789207627,0.010873238258487253,"{'OE1': 1853.0408194529052, 'OE2': 1853.0408194529052, 'OE3': 433.62103205900155, 'OE4': 231.7743091280419, 'OE5': 231.7743091280419, 'OE6': 15.820243596663847, 'OE7': 4.307572341600791, 'OE8': 0.2900415127459468, 'OE9': 0.010873238258487253}","{'OE1': 9.416826989936785, 'OE2': 4.525454382017106, 'OE3': 4.32320839369847, 'OE4': 4.650000547771603, 'OE5': 4.650000547771603, 'OE6': 0.22522643847082413, 'OE7': 6.116372664219623, 'OE8': 1.1446641405128835, 'OE9': 0.05337471393894924}"
4751,3.9805088784123654,0.0017315447283290629,61579.457814296475,0.00808280594499242,"{'OE1': 1749.103034232612, 'OE2': 1749.103034232612, 'OE3': 396.7854566494625, 'OE4': 212.96886145641054, 'OE5': 212.96886145641054, 'OE6': 13.642592483082545, 'OE7': 3.619340252891651, 'OE8': 0.2288691789495856, 'OE9': 0.00808280594499242}","{'OE1': 9.425508193390273, 'OE2': 4.527631927507182, 'OE3': 4.292307813007419, 'OE4': 4.62403137226435, 'OE5': 4.62403137226435, 'OE6': 0.20858104342308115, 'OE7': 6.099578827491785, 'OE8': 1.104729243713154, 'OE9': 0.053169996535888275}"
4801,4.139521135130053,0.001777912784892396,46339.37338973885,0.00622565259779944,"{'OE1': 1654.6528122991226, 'OE2': 1654.6528122991226, 'OE3': 363.7047437539584, 'OE4': 196.1581134652882, 'OE5': 196.1581134652882, 'OE6': 11.815037827732677, 'OE7': 3.1483088845650684, 'OE8': 0.18720388100608287, 'OE9': 0.00622565259779944}","{'OE1': 9.47628679700357, 'OE2': 4.5296082468255525, 'OE3': 4.258707540129256, 'OE4': 4.59979126847775, 'OE5': 4.59979126847775, 'OE6': 0.20755616318515197, 'OE7': 5.734055186230178, 'OE8': 1.1235722182868833, 'OE9': 0.051317480559058604}"
4851,4.3740236688136065,0.0017951368162545213,34023.565264782526,0.004801468033001249,"{'OE1': 1567.5615086430462, 'OE2': 1567.5615086430462, 'OE3': 333.34587490894023, 'OE4': 180.46240631437502, 'OE5': 180.46240631437502, 'OE6': 10.23405888292529, 'OE7': 2.7070786570775285, 'OE8': 0.1515588373544893, 'OE9': 0.004801468033001249}","{'OE1': 9.41771012117798, 'OE2': 4.528855553740964, 'OE3': 4.212465241473648, 'OE4': 4.577106996805119, 'OE5': 4.577106996805119, 'OE6': 0.22206091936275402, 'OE7': 6.015176669186477, 'OE8': 1.1210062703184378, 'OE9': 0.04835557135050919}"
4901,4.565338829579559,0.0018158729512999904,24954.294040886954,0.0037251555524089996,"{'OE1': 1484.7613167336992, 'OE2': 1484.7613167336992, 'OE3': 304.94132386772594, 'OE4': 165.98273171220492, 'OE5': 165.98273171220492, 'OE6': 8.861561083417705, 'OE7': 2.3611142597441197, 'OE8': 0.12451384023084212, 'OE9': 0.0037251555524089996}","{'OE1': 9.485325871619892, 'OE2': 4.526320619516008, 'OE3': 4.184956673739735, 'OE4': 4.554090074393441, 'OE5': 4.554090074393441, 'OE6': 0.210021463558243, 'OE7': 6.093469792566408, 'OE8': 1.0890177636252556, 'OE9': 0.05175922767258356}"
4951,4.450478804297745,0.0017480505671945083,17885.652912088608,0.0029891764916040583,"{'OE1': 1406.920596321076, 'OE2': 1406.920596321076, 'OE3': 278.5080607989886, 'OE4': 152.0087831308266, 'OE5': 152.0087831308266, 'OE6': 7.647889715202012, 'OE7': 2.1112858484714994, 'OE8': 0.10499022971783369, 'OE9': 0.0029891764916040583}","{'OE1': 9.428002536479914, 'OE2': 4.394708997342362, 'OE3': 4.045846483175488, 'OE4': 4.53000711809802, 'OE5': 4.53000711809802, 'OE6': 0.20116797829746236, 'OE7': 6.00173768701845, 'OE8': 1.1215092897017378, 'OE9': 0.05327809103241177}"
5001,4.487193038032274,0.0017684411506393798,12592.840347281455,0.0022669887517009542,"{'OE1': 1335.0126534221884, 'OE2': 1335.0126534221884, 'OE3': 254.85923901653774, 'OE4': 139.7950567652198, 'OE5': 139.7950567652198, 'OE6': 6.640896003191131, 'OE7': 1.7947177669982066, 'OE8': 0.08425994657722322, 'OE9': 0.0022669887517009542}","{'OE1': 9.438149567622006, 'OE2': 4.408551469265483, 'OE3': 4.015963627457804, 'OE4': 4.508359045575979, 'OE5': 4.508359045575979, 'OE6': 0.20873099376986676, 'OE7': 6.184030494505106, 'OE8': 1.1192566168347557, 'OE9': 0.049077826534341465}"
5051,4.505483674160132,0.001706040374385394,9060.29944816391,0.0018582359461121931,"{'OE1': 1267.7027031734165, 'OE2': 1267.7027031734165, 'OE3': 233.11834706687415, 'OE4': 128.60752416646721, 'OE5': 128.60752416646721, 'OE6': 5.7698599530235075, 'OE7': 1.6382612838530257, 'OE8': 0.07268609508657704, 'OE9': 0.0018582359461121931}","{'OE1': 9.411394319480015, 'OE2': 4.2762570472385875, 'OE3': 3.98805784575181, 'OE4': 4.486139844899629, 'OE5': 4.486139844899629, 'OE6': 0.20086317828350297, 'OE7': 6.099917161714423, 'OE8': 1.0933827938859717, 'OE9': 0.044541441123782}"
5101,4.444828788371524,0.001774376714474138,6589.163389279235,0.0014384846905338262,"{'OE1': 1204.2911583816015, 'OE2': 1204.2911583816015, 'OE3': 213.01623356534967, 'OE4': 118.25836428094196, 'OE5': 118.25836428094196, 'OE6': 5.017621877809533, 'OE7': 1.4159471552316156, 'OE8': 0.05939053934456266, 'OE9': 0.0014384846905338262}","{'OE1': 9.45585371634347, 'OE2': 4.264993387376677, 'OE3': 3.9509933313656194, 'OE4': 4.4638675571896, 'OE5': 4.4638675571896, 'OE6': 0.22955421803868603, 'OE7': 6.119580069423034, 'OE8': 1.0943299322294409, 'OE9': 0.05155974585259751}"
5151,4.870899687499332,0.0017850423127372872,4492.657238808144,0.0010963997071708337,"{'OE1': 1143.794869576009, 'OE2': 1143.794869576009, 'OE3': 194.64451815047522, 'OE4': 108.51002009414603, 'OE5': 108.51002009414603, 'OE6': 4.354134946225798, 'OE7': 1.1925497406572816, 'OE8': 0.047340495306430516, 'OE9': 0.0010963997071708337}","{'OE1': 9.391320112463866, 'OE2': 4.256535146134084, 'OE3': 3.9117820804235164, 'OE4': 4.4428045114364165, 'OE5': 4.4428045114364165, 'OE6': 0.23427001996019714, 'OE7': 6.0711962461775, 'OE8': 1.065070685819745, 'OE9': 0.047518732443590256}"
5201,4.8381579205242815,0.0018797573093963858,3103.17699099912,0.0008227717818642952,"{'OE1': 1089.098442210588, 'OE2': 1089.098442210588, 'OE3': 178.2674702920284, 'OE4': 99.89420293318318, 'OE5': 99.89420293318318, 'OE6': 3.7947146283552224, 'OE7': 0.9920685466310812, 'OE8': 0.03731162922950268, 'OE9': 0.0008227717818642952}","{'OE1': 9.42057336711525, 'OE2': 4.398072987392434, 'OE3': 3.775815544890019, 'OE4': 4.421185624425547, 'OE5': 4.421185624425547, 'OE6': 0.21550464305282013, 'OE7': 6.104769755400261, 'OE8': 1.0806804630628184, 'OE9': 0.05231357615356358}"
5251,5.046215853697504,0.0018622041786744124,2132.0123730741348,0.0006593294517293712,"{'OE1': 1037.5330527776157, 'OE2': 1037.5330527776157, 'OE3': 163.32531853788643, 'OE4': 92.11255206506844, 'OE5': 92.11255206506844, 'OE6': 3.318633632576752, 'OE7': 0.8847117393540598, 'OE8': 0.03155289685692961, 'OE9': 0.0006593294517293712}","{'OE1': 9.437309243019984, 'OE2': 4.269447670913294, 'OE3': 3.755328225985525, 'OE4': 4.399403566375566, 'OE5': 4.399403566375566, 'OE6': 0.22784473704837094, 'OE7': 6.025360017036844, 'OE8': 1.0768140918688751, 'OE9': 0.05078574430314717}"
5301,4.526606012172124,0.0019376854215470537,1430.511764137828,0.0004986214244316589,"{'OE1': 987.9018739352804, 'OE2': 987.9018739352804, 'OE3': 149.5191731832498, 'OE4': 84.77830089144146, 'OE5': 84.77830089144146, 'OE6': 2.899855408818092, 'OE7': 0.7398532050221198, 'OE8': 0.025038652108790846, 'OE9': 0.0004986214244316589}","{'OE1': 9.429640776487107, 'OE2': 4.263433171135958, 'OE3': 3.73026533307337, 'OE4': 4.378214578441932, 'OE5': 4.378214578441932, 'OE6': 0.21014349022057524, 'OE7': 6.136271644878802, 'OE8': 1.0681084580140463, 'OE9': 0.05132146846035979}"
5351,5.161623390613386,0.001814806191847362,962.4871060496421,0.00042718546630454257,"{'OE1': 941.5158469920646, 'OE2': 941.5158469920646, 'OE3': 137.10138780179932, 'OE4': 78.07681758453975, 'OE5': 78.07681758453975, 'OE6': 2.533197976757422, 'OE7': 0.69873003371825, 'OE8': 0.02245882847807446, 'OE9': 0.00042718546630454257}","{'OE1': 9.41742058981437, 'OE2': 4.261861879651775, 'OE3': 3.696729410692046, 'OE4': 4.357959353150722, 'OE5': 4.357959353150722, 'OE6': 0.22152698663681913, 'OE7': 6.12132798492611, 'OE8': 1.0637395999998767, 'OE9': 0.04642165289512498}"
5401,5.092895904283068,0.0019131253556437036,630.4189881914241,0.00032609638837902426,"{'OE1': 898.1149451832963, 'OE2': 898.1149451832963, 'OE3': 125.66553627136032, 'OE4': 72.0202337465422, 'OE5': 72.0202337465422, 'OE6': 2.2212299209571658, 'OE7': 0.5862740442552563, 'OE8': 0.017910658059345892, 'OE9': 0.00032609638837902426}","{'OE1': 9.42835616747136, 'OE2': 4.260080732570643, 'OE3': 3.670500535928178, 'OE4': 4.33822901616448, 'OE5': 4.33822901616448, 'OE6': 0.20930991232340312, 'OE7': 6.158604771317839, 'OE8': 1.0634075694848693, 'OE9': 0.05244289229668886}"
5451,5.114517221154529,0.0018842676428344081,388.5639243513675,0.00026035675583863745,"{'OE1': 857.8636150535309, 'OE2': 857.8636150535309, 'OE3': 115.28990812467856, 'OE4': 66.50426539448677, 'OE5': 66.50426539448677, 'OE6': 1.9498458211707876, 'OE7': 0.5192973681672921, 'OE8': 0.01508950107874598, 'OE9': 0.00026035675583863745}","{'OE1': 9.41974795633711, 'OE2': 4.251995985674256, 'OE3': 3.634817811975278, 'OE4': 4.318723659596499, 'OE5': 4.318723659596499, 'OE6': 0.2145424265415205, 'OE7': 6.135336474730941, 'OE8': 1.0557356042413992, 'OE9': 0.05209767394156328}"
5501,5.241122901940798,0.0018768939936929501,239.01826251251862,0.00021119739602585294,"{'OE1': 818.8653419243815, 'OE2': 818.8653419243815, 'OE3': 105.6251630571884, 'OE4': 61.29543306540478, 'OE5': 61.29543306540478, 'OE6': 1.7112786895910397, 'OE7': 0.4629012150396374, 'OE8': 0.012802904422413872, 'OE9': 0.00021119739602585294}","{'OE1': 9.407763684858866, 'OE2': 4.260445353896799, 'OE3': 3.6154203114524854, 'OE4': 4.298971800534732, 'OE5': 4.298971800534732, 'OE6': 0.21089098784134164, 'OE7': 6.1781988353588835, 'OE8': 1.0492723924799645, 'OE9': 0.053886901730104395}"
5551,5.241355916883549,0.0018694987485568743,142.70505908160885,0.00017192116991439436,"{'OE1': 782.47075630474, 'OE2': 782.47075630474, 'OE3': 96.98114770378238, 'OE4': 56.60850779957161, 'OE5': 56.60850779957161, 'OE6': 1.5045045681198403, 'OE7': 0.4130975603228511, 'OE8': 0.010882879029979416, 'OE9': 0.00017192116991439436}","{'OE1': 9.374386611937647, 'OE2': 4.135312952381639, 'OE3': 3.4960341340864387, 'OE4': 4.278852637680545, 'OE5': 4.278852637680545, 'OE6': 0.21689175577078487, 'OE7': 6.128664364240719, 'OE8': 1.0455238553895385, 'OE9': 0.05315604223946287}"
5601,5.161442915115913,0.0018524181021723765,80.30312095755316,0.0001385792632644622,"{'OE1': 748.386180808096, 'OE2': 748.386180808096, 'OE3': 89.16128544911663, 'OE4': 52.42922417518601, 'OE5': 52.42922417518601, 'OE6': 1.3275467261568006, 'OE7': 0.36471841714435344, 'OE8': 0.009158569941571663, 'OE9': 0.0001385792632644622}","{'OE1': 9.396656330611101, 'OE2': 4.139625034089798, 'OE3': 3.4706538163669736, 'OE4': 4.259543987545117, 'OE5': 4.259543987545117, 'OE6': 0.22223812625313893, 'OE7': 6.192486349552368, 'OE8': 1.0415309493145242, 'OE9': 0.05206304276428897}"
5651,5.689799556839716,0.0019929178535629333,43.97839074065156,0.00010410853607853528,"{'OE1': 715.5264475419889, 'OE2': 715.5264475419889, 'OE3': 81.85621354707595, 'OE4': 48.40271814569458, 'OE5': 48.40271814569458, 'OE6': 1.1685456699181311, 'OE7': 0.30095537935861927, 'OE8': 0.007208351356964213, 'OE9': 0.00010410853607853528}","{'OE1': 9.44116417922827, 'OE2': 4.142599678360678, 'OE3': 3.4457943561955044, 'OE4': 4.241175901356144, 'OE5': 4.241175901356144, 'OE6': 0.21930410475904383, 'OE7': 6.054689620395527, 'OE8': 1.0345978120729982, 'OE9': 0.045327444088141294}"
5701,5.673869017115976,0.0019725391316832014,23.02303108988912,8.46078589322993e-05,"{'OE1': 685.048641925572, 'OE2': 685.048641925572, 'OE3': 75.35469043680375, 'OE4': 44.88837551707991, 'OE5': 44.88837551707991, 'OE6': 1.0342267813819466, 'OE7': 0.26673459595931215, 'OE8': 0.006097487069070783, 'OE9': 8.46078589322993e-05}","{'OE1': 9.417356165462051, 'OE2': 4.128801494064726, 'OE3': 3.4167257616311977, 'OE4': 4.2221902433328395, 'OE5': 4.2221902433328395, 'OE6': 0.23245155771331572, 'OE7': 6.15805228466723, 'OE8': 1.0319349201641552, 'OE9': 0.052454881317644794}"
5751,5.58724644686481,0.0019975716638143313,11.800882748662486,6.819739110040831e-05,"{'OE1': 656.0136724581897, 'OE2': 656.0136724581897, 'OE3': 69.27569756535758, 'OE4': 41.5365558002242, 'OE5': 41.5365558002242, 'OE6': 0.9143612612166603, 'OE7': 0.23548558759992694, 'OE8': 0.005141173489601072, 'OE9': 6.819739110040831e-05}","{'OE1': 9.437808462130036, 'OE2': 4.118646572991782, 'OE3': 3.297458962076524, 'OE4': 4.204672462982171, 'OE5': 4.204672462982171, 'OE6': 0.21522834731403456, 'OE7': 6.1689462559728785, 'OE8': 1.0264498715271342, 'OE9': 0.051816709424882035}"
5801,5.725577280406469,0.0019375898798408145,6.099829112871929,5.866958973140031e-05,"{'OE1': 627.9131942811036, 'OE2': 627.9131942811036, 'OE3': 63.80815630890912, 'OE4': 38.474376135002785, 'OE5': 38.474376135002785, 'OE6': 0.8094075017249331, 'OE7': 0.22138570723371548, 'OE8': 0.004618929815887653, 'OE9': 5.866958973140031e-05}","{'OE1': 9.428282022344389, 'OE2': 4.001734124706164, 'OE3': 3.2760273676719276, 'OE4': 4.185933541711886, 'OE5': 4.185933541711886, 'OE6': 0.21737710114809572, 'OE7': 5.6761624785707, 'OE8': 1.020676155941291, 'OE9': 0.05212216282701809}"
5851,5.89950880636934,0.002010178690089481,2.7931191075135873,4.503971441922479e-05,"{'OE1': 603.0176304069689, 'OE2': 603.0176304069689, 'OE3': 58.90147063785458, 'OE4': 35.790148863238215, 'OE5': 35.790148863238215, 'OE6': 0.7193709380269073, 'OE7': 0.18496915214252707, 'OE8': 0.0036901429206912715, 'OE9': 4.503971441922479e-05}","{'OE1': 9.409274180321301, 'OE2': 4.008636866052826, 'OE3': 3.253459866836772, 'OE4': 4.168151855401685, 'OE5': 4.168151855401685, 'OE6': 0.22783044422287207, 'OE7': 6.1295328864325445, 'OE8': 1.0192733685358282, 'OE9': 0.05257244648221038}"
5901,5.61036998299096,0.0019191607694644475,0.8454747803217957,3.882856907069409e-05,"{'OE1': 577.6087357288268, 'OE2': 577.6087357288268, 'OE3': 54.25624727020747, 'OE4': 33.23679318694714, 'OE5': 33.23679318694714, 'OE6': 0.6391154857595962, 'OE7': 0.17372617501652818, 'OE8': 0.0033160198477720664, 'OE9': 3.882856907069409e-05}","{'OE1': 9.41032491854096, 'OE2': 4.003737759078714, 'OE3': 3.2291210733463824, 'OE4': 4.149304994415218, 'OE5': 4.149304994415218, 'OE6': 0.2090144026033544, 'OE7': 6.1335656681320465, 'OE8': 0.9952123383855133, 'OE9': 0.04789435341479881}"
5951,5.844622082579008,0.002054022896804322,-0.768856530604283,2.9417420797681943e-05,"{'OE1': 554.4620999349787, 'OE2': 554.4620999349787, 'OE3': 50.13505887141438, 'OE4': 30.943582351422453, 'OE5': 30.943582351422453, 'OE6': 0.5695534497887057, 'OE7': 0.14348931703371354, 'OE8': 0.002622131290561001, 'OE9': 2.9417420797681943e-05}","{'OE1': 9.415017600598532, 'OE2': 4.001909133092161, 'OE3': 3.2064594217734466, 'OE4': 4.13302405988888, 'OE5': 4.13302405988888, 'OE6': 0.22221379572803512, 'OE7': 6.127999374169491, 'OE8': 0.992787161366348, 'OE9': 0.05174618714709943}"
6001,5.827530796366773,0.0019291942242389587,-2.6301482352456365,2.6472856706304195e-05,"{'OE1': 532.3915113448687, 'OE2': 532.3915113448687, 'OE3': 46.2953699398768, 'OE4': 28.73326414080261, 'OE5': 28.73326414080261, 'OE6': 0.5066961957223972, 'OE7': 0.1405312137629694, 'OE8': 0.0024600347678788654, 'OE9': 2.6472856706304195e-05}","{'OE1': 9.395802874222566, 'OE2': 3.997260176354973, 'OE3': 3.0866866235206416, 'OE4': 4.1141923515340615, 'OE5': 4.1141923515340615, 'OE6': 0.22362646020492316, 'OE7': 6.106601102169165, 'OE8': 0.9911462830998807, 'OE9': 0.05444159729966569}"
