"cff = 1.4, order = 1, 2024-03-11 12:14:05.057299"
E,FWHM,Bandwidth,Flux,Intensity,Intensity_dict,Height_dict,Ray Dict
101.0,0.026132798294398185,0.0004929354348689123,31351521149.51452,3639.4600085126112,"{'OE1': 48986.86065343197, 'OE2': 16471.200762397126, 'OE3': 15345.52741161628, 'OE4': 15345.527411616282, 'OE5': 15345.527411616282, 'OE6': 15200.423114225443, 'OE7': 3707.0551091002144, 'OE8': 3684.120882689337, 'OE9': 3639.4600085126112}","{'OE1': 9.46638362270524, 'OE2': 2.140535604946958, 'OE3': 2.1405596703160157, 'OE4': 2.995392006524696, 'OE5': 2.995392006524696, 'OE6': 0.21714063739151046, 'OE7': 6.055035251304814, 'OE8': 0.7820190701619303, 'OE9': 0.04848921962582109}","{'OE1': 49368, 'OE2': 16599, 'OE3': 16599, 'OE4': 16599, 'OE5': 16599, 'OE6': 16558, 'OE7': 4038, 'OE8': 4038, 'OE9': 4020}"
151.0,0.04200664520396913,0.0005468180050000541,105849192621.80176,6352.12111113116,"{'OE1': 48181.80892101603, 'OE2': 34370.299881450745, 'OE3': 25259.533028354024, 'OE4': 25259.533028354024, 'OE5': 25259.533028354024, 'OE6': 24682.52585738861, 'OE7': 6655.106633415555, 'OE8': 6520.375690551429, 'OE9': 6352.12111113116}","{'OE1': 9.424127577974827, 'OE2': 4.589909309213006, 'OE3': 4.589928016006816, 'OE4': 6.424123020505235, 'OE5': 6.424123020505235, 'OE6': 0.20873767754370187, 'OE7': 6.13020145151946, 'OE8': 1.6292094273634916, 'OE9': 0.05087083790722542}","{'OE1': 49337, 'OE2': 35195, 'OE3': 35195, 'OE4': 35195, 'OE5': 35195, 'OE6': 35140, 'OE7': 9475, 'OE8': 9475, 'OE9': 9452}"
201.0,0.0696512291431759,0.0006585283060288776,72308648253.3081,4327.088356517128,"{'OE1': 47170.03574109177, 'OE2': 44816.53195407169, 'OE3': 19176.926651722806, 'OE4': 19176.926651722806, 'OE5': 19176.926651722806, 'OE6': 18375.31339027886, 'OE7': 4728.301340190019, 'OE8': 4542.968153158912, 'OE9': 4327.088356517128}","{'OE1': 9.438720666802132, 'OE2': 6.197503226381322, 'OE3': 6.1974835327079605, 'OE4': 8.67542377932566, 'OE5': 8.67542377932566, 'OE6': 0.21015366556029286, 'OE7': 5.789770947640664, 'OE8': 2.1492898808874465, 'OE9': 0.050513866117728456}","{'OE1': 49351, 'OE2': 46889, 'OE3': 46889, 'OE4': 46889, 'OE5': 46889, 'OE6': 46812, 'OE7': 12046, 'OE8': 12046, 'OE9': 12004}"
251.0,0.09273344383080939,0.0007798724853597899,84231818188.96828,3874.436477528559,"{'OE1': 45861.41319220477, 'OE2': 45861.41319220477, 'OE3': 19630.1787263512, 'OE4': 19630.1787263512, 'OE5': 19630.1787263512, 'OE6': 18336.570679686443, 'OE7': 4464.890566999061, 'OE8': 4182.2066542933335, 'OE9': 3874.436477528559}","{'OE1': 9.414416872356934, 'OE2': 6.408731124030744, 'OE3': 6.408722696265762, 'OE4': 8.9683972495789, 'OE5': 8.9683972495789, 'OE6': 0.2276429609781162, 'OE7': 6.057846201883489, 'OE8': 2.2523930860476207, 'OE9': 0.05190917028470063}","{'OE1': 49341, 'OE2': 49341, 'OE3': 49341, 'OE4': 49341, 'OE5': 49341, 'OE6': 49252, 'OE7': 11993, 'OE8': 11993, 'OE9': 11953}"
301.0,0.12338297086455441,0.0008217983403758194,81199818200.54861,2841.340523622789,"{'OE1': 41141.879342580585, 'OE2': 41141.879342580585, 'OE3': 18910.155817991184, 'OE4': 18910.155817991184, 'OE5': 18910.155817991184, 'OE6': 16019.056225038294, 'OE7': 4024.0583165321996, 'OE8': 3417.4373896592742, 'OE9': 2841.340523622789}","{'OE1': 9.434423382131362, 'OE2': 6.5379848655140425, 'OE3': 6.537939089417426, 'OE4': 9.149108749672415, 'OE5': 9.149108749672415, 'OE6': 0.2139017401467035, 'OE7': 6.102595262761115, 'OE8': 2.213379292933321, 'OE9': 0.05051243175568462}","{'OE1': 49338, 'OE2': 49338, 'OE3': 49338, 'OE4': 49338, 'OE5': 49338, 'OE6': 49268, 'OE7': 12377, 'OE8': 12377, 'OE9': 12341}"
351.0,0.16322974710931248,0.0009120861136729052,29941649575.9196,787.6305919452134,"{'OE1': 28892.062810317475, 'OE2': 28892.062810317475, 'OE3': 14471.3065601844, 'OE4': 14471.3065601844, 'OE5': 14471.3065601844, 'OE6': 8880.857973456947, 'OE7': 2179.3070753812462, 'OE8': 1347.6693150979827, 'OE9': 787.6305919452134}","{'OE1': 9.44724913731375, 'OE2': 6.548127826789964, 'OE3': 6.548152163611533, 'OE4': 9.163722796013541, 'OE5': 9.163722796013541, 'OE6': 0.21955287017326985, 'OE7': 6.056010484313976, 'OE8': 2.2094892801884782, 'OE9': 0.05093647439237642}","{'OE1': 49334, 'OE2': 49334, 'OE3': 49334, 'OE4': 49334, 'OE5': 49334, 'OE6': 49235, 'OE7': 12086, 'OE8': 12086, 'OE9': 12058}"
401.0,0.19337070893044483,0.0009709545600967011,73101518771.37436,1563.1156652343057,"{'OE1': 34056.38029488398, 'OE2': 34056.38029488398, 'OE3': 18013.888247261835, 'OE4': 18013.888247261835, 'OE5': 18013.888247261835, 'OE6': 12847.89894174121, 'OE7': 3167.620735504146, 'OE8': 2271.595326110252, 'OE9': 1563.1156652343057}","{'OE1': 9.439404721707847, 'OE2': 6.542992770051179, 'OE3': 6.542979505882385, 'OE4': 9.157560328299242, 'OE5': 9.157560328299242, 'OE6': 0.21654952677703165, 'OE7': 6.1238218248553355, 'OE8': 2.1620133731062037, 'OE9': 0.048455078943945004}","{'OE1': 49329, 'OE2': 49329, 'OE3': 49329, 'OE4': 49329, 'OE5': 49329, 'OE6': 49251, 'OE7': 12145, 'OE8': 12145, 'OE9': 12104}"
451.0,0.22605897140908837,0.0010171257383427713,113673154937.00922,2087.5537840015804,"{'OE1': 36220.65778495226, 'OE2': 36220.65778495226, 'OE3': 20026.29926641107, 'OE4': 20026.29926641107, 'OE5': 20026.29926641107, 'OE6': 15100.473585859696, 'OE7': 3764.6598192202523, 'OE8': 2852.0470432710063, 'OE9': 2087.5537840015804}","{'OE1': 9.47051075080605, 'OE2': 6.5413769363108685, 'OE3': 6.541384641802241, 'OE4': 9.155743294746433, 'OE5': 9.155743294746433, 'OE6': 0.23967107395183734, 'OE7': 6.093574965052328, 'OE8': 2.2064469192612526, 'OE9': 0.05179624013750142}","{'OE1': 49339, 'OE2': 49339, 'OE3': 49339, 'OE4': 49339, 'OE5': 49339, 'OE6': 49247, 'OE7': 12280, 'OE8': 12280, 'OE9': 12242}"
501.0,0.2602127062912132,0.001130425130979407,132618128215.8795,2045.2962323040829,"{'OE1': 36287.14105644452, 'OE2': 36287.14105644452, 'OE3': 20444.41310571642, 'OE4': 20444.41310571642, 'OE5': 20444.41310571642, 'OE6': 15452.920831449634, 'OE7': 3677.287633338804, 'OE8': 2790.3269719802174, 'OE9': 2045.2962323040829}","{'OE1': 9.404783241207907, 'OE2': 6.546694515938724, 'OE3': 6.546725342553666, 'OE4': 9.15964875227662, 'OE5': 9.15964875227662, 'OE6': 0.23035399142688262, 'OE7': 6.179610443128498, 'OE8': 2.2649608233758283, 'OE9': 0.05253932366833536}","{'OE1': 49327, 'OE2': 49327, 'OE3': 49327, 'OE4': 49327, 'OE5': 49327, 'OE6': 49255, 'OE7': 11724, 'OE8': 11724, 'OE9': 11679}"
551.0,0.31287881257162553,0.0011754008086032849,166529045503.71628,2369.2951342825672,"{'OE1': 37500.17896858021, 'OE2': 37500.178968580214, 'OE3': 21509.817872536212, 'OE4': 21509.817872536212, 'OE5': 21509.817872536212, 'OE6': 16744.191579956645, 'OE7': 4003.850968156377, 'OE8': 3128.731590414038, 'OE9': 2369.2951342825672}","{'OE1': 9.40396928135073, 'OE2': 6.546544190205676, 'OE3': 6.546515532947864, 'OE4': 9.159821780865979, 'OE5': 9.159821780865979, 'OE6': 0.20453929712199442, 'OE7': 6.181715361212412, 'OE8': 2.209311200879469, 'OE9': 0.05599385881861618}","{'OE1': 49334, 'OE2': 49334, 'OE3': 49334, 'OE4': 49334, 'OE5': 49334, 'OE6': 49247, 'OE7': 11777, 'OE8': 11777, 'OE9': 11733}"
601.0,0.3834097346825729,0.0012232971616701407,190384628035.5724,2544.2459113945242,"{'OE1': 38046.45484001195, 'OE2': 38046.45484001195, 'OE3': 22122.73409926396, 'OE4': 22122.73409926396, 'OE5': 22122.73409926396, 'OE6': 17448.849669323958, 'OE7': 4183.040288452722, 'OE8': 3310.9546950641225, 'OE9': 2544.2459113945242}","{'OE1': 9.401106783528856, 'OE2': 6.529834798185334, 'OE3': 6.529840331185801, 'OE4': 9.138122017010591, 'OE5': 9.138122017010591, 'OE6': 0.22033584778664883, 'OE7': 6.042789246125315, 'OE8': 2.2088304980760363, 'OE9': 0.05037220482449922}","{'OE1': 49338, 'OE2': 49338, 'OE3': 49338, 'OE4': 49338, 'OE5': 49338, 'OE6': 49251, 'OE7': 11808, 'OE8': 11808, 'OE9': 11767}"
651.0,0.4167010350795408,0.0012865452592087769,215061748785.42743,2707.702623811874,"{'OE1': 38380.94853642511, 'OE2': 38380.948536425116, 'OE3': 22879.566228694082, 'OE4': 22879.566228694082, 'OE5': 22879.566228694082, 'OE6': 18200.636046470387, 'OE7': 4374.66444276575, 'OE8': 3490.7848779375954, 'OE9': 2707.702623811874}","{'OE1': 9.481130954358576, 'OE2': 6.414380535218946, 'OE3': 6.414349435354993, 'OE4': 9.162284362089867, 'OE5': 9.162284362089867, 'OE6': 0.21528735643242186, 'OE7': 6.055176776183599, 'OE8': 2.251372789450594, 'OE9': 0.05058194147594916}","{'OE1': 49322, 'OE2': 49322, 'OE3': 49322, 'OE4': 49322, 'OE5': 49322, 'OE6': 49246, 'OE7': 11839, 'OE8': 11839, 'OE9': 11799}"
701.0,0.44592475797628595,0.0012513914628337322,233194664095.7854,3014.3464679402946,"{'OE1': 38873.01267551888, 'OE2': 38873.01267551888, 'OE3': 23531.87966650165, 'OE4': 23531.879666501653, 'OE5': 23531.879666501653, 'OE6': 18917.264058572284, 'OE7': 4765.267663158551, 'OE8': 3842.476078782916, 'OE9': 3014.3464679402946}","{'OE1': 9.383540213693577, 'OE2': 6.542737499838958, 'OE3': 6.542786745218573, 'OE4': 9.156090040786257, 'OE5': 9.156090040786257, 'OE6': 0.2254698561715749, 'OE7': 6.122316482697366, 'OE8': 2.2078146805727528, 'OE9': 0.052292572035235255}","{'OE1': 49374, 'OE2': 49374, 'OE3': 49374, 'OE4': 49374, 'OE5': 49374, 'OE6': 49288, 'OE7': 12417, 'OE8': 12417, 'OE9': 12372}"
751.0,0.5345439471830105,0.0013507917165987797,245320318564.9246,2998.7112633690713,"{'OE1': 39197.10623483165, 'OE2': 39197.10623483164, 'OE3': 23711.27499086078, 'OE4': 23711.27499086078, 'OE5': 23711.27499086078, 'OE6': 19218.753831148864, 'OE7': 4661.143127688421, 'OE8': 3788.937383625672, 'OE9': 2998.7112633690713}","{'OE1': 9.43115416829964, 'OE2': 6.535369460423528, 'OE3': 6.535400001331519, 'OE4': 9.144831463125186, 'OE5': 9.144831463125186, 'OE6': 0.22736501127804454, 'OE7': 6.158882793836199, 'OE8': 2.207824498486745, 'OE9': 0.052230521687198425}","{'OE1': 49341, 'OE2': 49341, 'OE3': 49341, 'OE4': 49341, 'OE5': 49341, 'OE6': 49254, 'OE7': 11947, 'OE8': 11947, 'OE9': 11902}"
801.0,0.5853515471189894,0.0013814480521372804,258188443356.42453,3190.3213775424438,"{'OE1': 39432.65102586916, 'OE2': 39432.65102586916, 'OE3': 24334.165924686076, 'OE4': 24334.165924686076, 'OE5': 24334.165924686076, 'OE6': 19852.622971616463, 'OE7': 4892.65967202623, 'OE8': 4002.4461017603753, 'OE9': 3190.3213775424438}","{'OE1': 9.474966397663495, 'OE2': 6.4247446894182545, 'OE3': 6.42475254024604, 'OE4': 8.988767038766781, 'OE5': 8.988767038766781, 'OE6': 0.2195383154845062, 'OE7': 6.186169713208525, 'OE8': 2.2076865256936538, 'OE9': 0.050982104547556306}","{'OE1': 49290, 'OE2': 49290, 'OE3': 49290, 'OE4': 49290, 'OE5': 49290, 'OE6': 49204, 'OE7': 12128, 'OE8': 12128, 'OE9': 12083}"
851.0,0.6392080722469018,0.0014136498987823063,260397851713.0054,3281.2129311731424,"{'OE1': 39670.66965799525, 'OE2': 39670.66965799525, 'OE3': 24785.389329035024, 'OE4': 24785.389329035024, 'OE5': 24785.389329035024, 'OE6': 20310.64613312071, 'OE7': 4983.161978999952, 'OE8': 4093.7701862359404, 'OE9': 3281.2129311731424}","{'OE1': 9.386273765705822, 'OE2': 6.542463408017902, 'OE3': 6.542406095817972, 'OE4': 9.154373636557445, 'OE5': 9.154373636557445, 'OE6': 0.20566255897562974, 'OE7': 6.037298530451768, 'OE8': 2.2070482023865323, 'OE9': 0.05708670701597629}","{'OE1': 49357, 'OE2': 49357, 'OE3': 49357, 'OE4': 49357, 'OE5': 49357, 'OE6': 49276, 'OE7': 12091, 'OE8': 12091, 'OE9': 12057}"
901.0,0.6188267641427956,0.001446116184629202,263480750560.4554,3411.9802429823967,"{'OE1': 39840.76708527081, 'OE2': 39840.76708527081, 'OE3': 25136.419586128082, 'OE4': 25136.41958612809, 'OE5': 25136.41958612809, 'OE6': 20686.88487007692, 'OE7': 5137.984655059582, 'OE8': 4238.165790448231, 'OE9': 3411.9802429823967}","{'OE1': 9.375321946892408, 'OE2': 6.415680926290271, 'OE3': 6.415741407346275, 'OE4': 8.978587501259753, 'OE5': 8.978587501259753, 'OE6': 0.22834531060534666, 'OE7': 6.0172776681642155, 'OE8': 2.2116623837631955, 'OE9': 0.054149728993123425}","{'OE1': 49349, 'OE2': 49349, 'OE3': 49349, 'OE4': 49349, 'OE5': 49349, 'OE6': 49274, 'OE7': 12240, 'OE8': 12240, 'OE9': 12204}"
951.0,0.7399128864362865,0.0014925251511580175,236355756791.84503,3157.74304853572,"{'OE1': 39307.57934816993, 'OE2': 39307.57934816993, 'OE3': 24460.809465032522, 'OE4': 24410.20078054911, 'OE5': 24410.20078054911, 'OE6': 19851.426532076002, 'OE7': 4874.667934329445, 'OE8': 3974.3139651033516, 'OE9': 3157.74304853572}","{'OE1': 9.424049110581885, 'OE2': 6.2811602773987225, 'OE3': 6.281207450007152, 'OE4': 9.039511783688361, 'OE5': 9.039511783688361, 'OE6': 0.22683155771009744, 'OE7': 5.526993152631885, 'OE8': 2.184253405881048, 'OE9': 0.05560298496365308}","{'OE1': 49328, 'OE2': 49328, 'OE3': 49328, 'OE4': 49226, 'OE5': 49226, 'OE6': 49137, 'OE7': 12068, 'OE8': 12068, 'OE9': 12032}"
1001.0,0.7340305452653411,0.0014843876547211102,211491055670.20987,3057.9799603003667,"{'OE1': 38821.64053569891, 'OE2': 38821.640535698905, 'OE3': 23832.611754054375, 'OE4': 23342.31553847348, 'OE5': 23342.31553847348, 'OE6': 18775.130933125725, 'OE7': 4839.201615916501, 'OE8': 3900.928694519035, 'OE9': 3057.9799603003667}","{'OE1': 9.39023328885071, 'OE2': 6.532614512603593, 'OE3': 6.532641045805669, 'OE4': 8.812293765366164, 'OE5': 8.812293765366164, 'OE6': 0.22468833561987045, 'OE7': 6.199661992768785, 'OE8': 2.2067460174749947, 'OE9': 0.05215658113254684}","{'OE1': 49341, 'OE2': 49341, 'OE3': 49341, 'OE4': 48326, 'OE5': 48326, 'OE6': 48252, 'OE7': 12438, 'OE8': 12438, 'OE9': 12395}"
1051.0,0.8265062024213421,0.0015388879044969592,198110734154.11447,3001.4729726202786,"{'OE1': 38933.275776789, 'OE2': 38933.275776789, 'OE3': 24066.98925106629, 'OE4': 23065.47657696699, 'OE5': 23065.47657696699, 'OE6': 18591.380002380174, 'OE7': 4723.9076129008945, 'OE8': 3817.40342092801, 'OE9': 3001.4729726202786}","{'OE1': 9.44381451939337, 'OE2': 6.272462690294211, 'OE3': 6.272415562612405, 'OE4': 8.603100867018721, 'OE5': 8.603100867018721, 'OE6': 0.21190767538855043, 'OE7': 5.733574962276295, 'OE8': 2.1189638828982753, 'OE9': 0.05410099246556693}","{'OE1': 49356, 'OE2': 49356, 'OE3': 49356, 'OE4': 47302, 'OE5': 47302, 'OE6': 47210, 'OE7': 11997, 'OE8': 11997, 'OE9': 11959}"
1101.0,0.8517319667816992,0.001609060390134431,182930602855.31396,2905.0475057330364,"{'OE1': 39031.43496659457, 'OE2': 39031.43496659457, 'OE3': 24292.906080013767, 'OE4': 22760.529936834137, 'OE5': 22760.529936834137, 'OE6': 18399.843489370578, 'OE7': 4545.378113118049, 'OE8': 3682.747384125245, 'OE9': 2905.0475057330364}","{'OE1': 9.462510292262449, 'OE2': 6.537931758094723, 'OE3': 6.537953918296269, 'OE4': 8.40463530522527, 'OE5': 8.40463530522527, 'OE6': 0.23511971676933363, 'OE7': 6.083300845973005, 'OE8': 2.0957023399593613, 'OE9': 0.04683009698889226}","{'OE1': 49346, 'OE2': 49346, 'OE3': 49346, 'OE4': 46233, 'OE5': 46233, 'OE6': 46156, 'OE7': 11404, 'OE8': 11404, 'OE9': 11373}"
1151.0,0.8832238829097605,0.0016352478979340208,166723430205.74512,2892.6752521342114,"{'OE1': 39124.14909786339, 'OE2': 39124.14909786339, 'OE3': 24513.531336004562, 'OE4': 22521.195373532297, 'OE5': 22521.195373532297, 'OE6': 18249.544273113406, 'OE7': 4510.824194071931, 'OE8': 3663.234763803453, 'OE9': 2892.6752521342114}","{'OE1': 9.376260908969082, 'OE2': 6.276398569495507, 'OE3': 6.276338261496517, 'OE4': 8.221205217281064, 'OE5': 8.221205217281064, 'OE6': 0.215098576567753, 'OE7': 6.105056740627086, 'OE8': 2.0154180267126867, 'OE9': 0.05348336897800808}","{'OE1': 49346, 'OE2': 49346, 'OE3': 49346, 'OE4': 45335, 'OE5': 45335, 'OE6': 45260, 'OE7': 11189, 'OE8': 11189, 'OE9': 11144}"
1201.0,0.9300995954781683,0.0016185559646454645,149420406717.90738,2930.2108221028375,"{'OE1': 39194.08841392424, 'OE2': 39194.08841392424, 'OE3': 24717.30054247436, 'OE4': 22318.746082464455, 'OE5': 22318.746082464455, 'OE6': 18112.78379135305, 'OE7': 4551.942741438454, 'OE8': 3701.8619343725095, 'OE9': 2930.2108221028375}","{'OE1': 9.370451320630107, 'OE2': 6.2749127237018545, 'OE3': 6.274934273836482, 'OE4': 8.04681058962325, 'OE5': 8.04681058962325, 'OE6': 0.2112965745762656, 'OE7': 6.194278964604547, 'OE8': 1.9775054392339695, 'OE9': 0.04455698534179131}","{'OE1': 49368, 'OE2': 49368, 'OE3': 49368, 'OE4': 44577, 'OE5': 44577, 'OE6': 44505, 'OE7': 11186, 'OE8': 11186, 'OE9': 11154}"
1251.0,0.9921789519180493,0.0015627865024989813,136528273058.97948,3116.41347819628,"{'OE1': 39247.4561623075, 'OE2': 39247.4561623075, 'OE3': 24828.844149906035, 'OE4': 22026.27600793222, 'OE5': 22026.27600793222, 'OE6': 17894.63370811542, 'OE7': 4827.983460659795, 'OE8': 3931.96798567041, 'OE9': 3116.41347819628}","{'OE1': 9.392865041503091, 'OE2': 6.285199170056689, 'OE3': 6.285187757924192, 'OE4': 7.884307021480407, 'OE5': 7.884307021480407, 'OE6': 0.22170835008165546, 'OE7': 6.044106801585517, 'OE8': 1.8967475923237276, 'OE9': 0.05326268615353971}","{'OE1': 49369, 'OE2': 49369, 'OE3': 49369, 'OE4': 43796, 'OE5': 43796, 'OE6': 43709, 'OE7': 11794, 'OE8': 11794, 'OE9': 11760}"
1301.0,1.0588550407999264,0.0016386339447336936,124475039020.25108,3052.3239102304005,"{'OE1': 39294.247469119604, 'OE2': 39294.247469119604, 'OE3': 24875.982692358655, 'OE4': 21690.34313118, 'OE5': 21690.34313118, 'OE6': 17656.22880303567, 'OE7': 4719.463862449471, 'OE8': 3849.0642479195176, 'OE9': 3052.3239102304005}","{'OE1': 9.377203812327798, 'OE2': 6.278321551530669, 'OE3': 6.27828291271614, 'OE4': 7.7320293013225125, 'OE5': 7.7320293013225125, 'OE6': 0.2173823986464491, 'OE7': 6.102064279005587, 'OE8': 1.9036199506068403, 'OE9': 0.05096779149304148}","{'OE1': 49363, 'OE2': 49363, 'OE3': 49363, 'OE4': 43041, 'OE5': 43041, 'OE6': 42977, 'OE7': 11490, 'OE8': 11490, 'OE9': 11446}"
1351.0,1.1768600033283292,0.0017301623498567078,111907478353.23172,2910.9188180240653,"{'OE1': 39276.89919442601, 'OE2': 39276.89919442601, 'OE3': 24875.69006919899, 'OE4': 21350.05234825827, 'OE5': 21350.05234825827, 'OE6': 17388.861253641404, 'OE7': 4490.479937031252, 'OE8': 3664.977602741519, 'OE9': 2910.9188180240653}","{'OE1': 9.414038165067636, 'OE2': 6.28717567101999, 'OE3': 6.287215740495373, 'OE4': 7.5880606733992035, 'OE5': 7.5880606733992035, 'OE6': 0.23153646200801986, 'OE7': 6.065843685222507, 'OE8': 1.8746338590747564, 'OE9': 0.050751375880520117}","{'OE1': 49316, 'OE2': 49316, 'OE3': 49316, 'OE4': 42326, 'OE5': 42326, 'OE6': 42255, 'OE7': 10914, 'OE8': 10914, 'OE9': 10884}"
1401.0,1.22917378937359,0.0015582828113620988,99288938473.42323,3203.703173025133,"{'OE1': 39284.37222556161, 'OE2': 39284.37222556161, 'OE3': 24884.015736506008, 'OE4': 21014.950085518252, 'OE5': 21014.950085518252, 'OE6': 17129.944793053295, 'OE7': 4936.273582038635, 'OE8': 4030.8499001777213, 'OE9': 3203.703173025133}","{'OE1': 9.483812682248477, 'OE2': 6.276130116306108, 'OE3': 6.276065481553489, 'OE4': 7.449660199947553, 'OE5': 7.449660199947553, 'OE6': 0.22947478433577695, 'OE7': 6.0936725258821465, 'OE8': 1.8398626727086915, 'OE9': 0.05138900336121452}","{'OE1': 49314, 'OE2': 49314, 'OE3': 49314, 'OE4': 41646, 'OE5': 41646, 'OE6': 41588, 'OE7': 11987, 'OE8': 11987, 'OE9': 11959}"
1451.0,1.2964778329910587,0.0017368549356339485,87341252975.62636,2858.0822116653317,"{'OE1': 39308.44198360864, 'OE2': 39308.44198360864, 'OE3': 24895.514582687436, 'OE4': 20745.42954616391, 'OE5': 20745.42954616391, 'OE6': 16915.73086492051, 'OE7': 4405.098845061426, 'OE8': 3598.717951917083, 'OE9': 2858.0822116653317}","{'OE1': 9.429610468954179, 'OE2': 6.27635192851333, 'OE3': 6.27633729711348, 'OE4': 7.323007859181603, 'OE5': 7.323007859181603, 'OE6': 0.22004312841040308, 'OE7': 5.6120200922295105, 'OE8': 1.8046140428023445, 'OE9': 0.05301972039213457}","{'OE1': 49337, 'OE2': 49337, 'OE3': 49337, 'OE4': 41112, 'OE5': 41112, 'OE6': 41049, 'OE7': 10691, 'OE8': 10691, 'OE9': 10659}"
1501.0,1.3388307000495843,0.0016710245083748567,76984661858.57072,3004.714573831702,"{'OE1': 39320.70116341821, 'OE2': 39320.70116341821, 'OE3': 24893.136467030454, 'OE4': 20451.384613514478, 'OE5': 20451.384613514478, 'OE6': 16680.822933676114, 'OE7': 4630.684179905065, 'OE8': 3784.522302613305, 'OE9': 3004.714573831702}","{'OE1': 9.41175680336385, 'OE2': 6.2655650932977895, 'OE3': 6.26559365860879, 'OE4': 7.198162185008598, 'OE5': 7.198162185008598, 'OE6': 0.217726287088843, 'OE7': 6.034120033038571, 'OE8': 1.7825741426731407, 'OE9': 0.05083745774566786}","{'OE1': 49349, 'OE2': 49349, 'OE3': 49349, 'OE4': 40543, 'OE5': 40543, 'OE6': 40476, 'OE7': 11238, 'OE8': 11238, 'OE9': 11200}"
1551.0,1.3869981133757392,0.0018902790201396698,67718511040.5802,2672.0610073614766,"{'OE1': 39346.42108750998, 'OE2': 39346.42108750999, 'OE3': 24805.668435669875, 'OE4': 20121.531311636863, 'OE5': 20121.531311636863, 'OE6': 16423.326847506505, 'OE7': 4107.911893178262, 'OE8': 3360.233368264825, 'OE9': 2672.0610073614766}","{'OE1': 9.399003759624366, 'OE2': 6.272401454682477, 'OE3': 6.27248711706199, 'OE4': 7.083121515941681, 'OE5': 7.083121515941681, 'OE6': 0.2308948371189537, 'OE7': 6.128944339798599, 'OE8': 1.7642668219054367, 'OE9': 0.050932008307772586}","{'OE1': 49353, 'OE2': 49353, 'OE3': 49353, 'OE4': 40033, 'OE5': 40033, 'OE6': 39960, 'OE7': 9997, 'OE8': 9997, 'OE9': 9972}"
1601.0,1.4050805783663236,0.0018364033849547668,55592829729.7181,2733.2562430187236,"{'OE1': 39334.77716522581, 'OE2': 39334.77716522581, 'OE3': 24669.237150449993, 'OE4': 19740.233636406563, 'OE5': 19740.233636406563, 'OE6': 16126.03144873486, 'OE7': 4208.604566071034, 'OE8': 3443.513652099465, 'OE9': 2733.2562430187236}","{'OE1': 9.461612258200644, 'OE2': 6.275619766954925, 'OE3': 6.275648467313397, 'OE4': 6.971447155714127, 'OE5': 6.971447155714127, 'OE6': 0.22949529548979808, 'OE7': 5.725560546577693, 'OE8': 1.7379934136646626, 'OE9': 0.05404629562040901}","{'OE1': 49346, 'OE2': 49346, 'OE3': 49346, 'OE4': 39486, 'OE5': 39486, 'OE6': 39437, 'OE7': 10293, 'OE8': 10293, 'OE9': 10253}"
1651.0,1.5221529486968848,0.0018518290023151755,43450750938.81581,2696.2024510345523,"{'OE1': 39313.701390344206, 'OE2': 39313.701390344206, 'OE3': 24510.316317165572, 'OE4': 19395.79513225404, 'OE5': 19395.79513225404, 'OE6': 15837.12292069774, 'OE7': 4148.469517444955, 'OE8': 3394.8489121033745, 'OE9': 2696.2024510345523}","{'OE1': 9.392893616565033, 'OE2': 6.275090744444005, 'OE3': 6.27513485912878, 'OE4': 6.86388344022039, 'OE5': 6.86388344022039, 'OE6': 0.2045968281773849, 'OE7': 5.988115627850458, 'OE8': 1.7195854184298476, 'OE9': 0.05069674702242906}","{'OE1': 49335, 'OE2': 49335, 'OE3': 49335, 'OE4': 39040, 'OE5': 39040, 'OE6': 38966, 'OE7': 10209, 'OE8': 10209, 'OE9': 10176}"
1701.0,1.6936500851561505,0.0019338388309199852,32197544385.954426,2566.087531622057,"{'OE1': 39311.58987572652, 'OE2': 39311.58987572652, 'OE3': 24345.07645236876, 'OE4': 19055.593779668605, 'OE5': 19055.593779668605, 'OE6': 15565.052969692177, 'OE7': 3946.7823536809, 'OE8': 3229.949159961194, 'OE9': 2566.087531622057}","{'OE1': 9.473073910404773, 'OE2': 6.288809033282383, 'OE3': 6.288753886495876, 'OE4': 6.761851572019978, 'OE5': 6.761851572019978, 'OE6': 0.2211922893951654, 'OE7': 5.74818110622748, 'OE8': 1.65693071602327, 'OE9': 0.04990938899833888}","{'OE1': 49356, 'OE2': 49356, 'OE3': 49356, 'OE4': 38632, 'OE5': 38632, 'OE6': 38571, 'OE7': 9781, 'OE8': 9781, 'OE9': 9760}"
1751.0,1.7303417671309944,0.0018662666137776258,22471363840.696884,2677.7971530799596,"{'OE1': 39275.53875088083, 'OE2': 39275.53875088083, 'OE3': 24103.837452228032, 'OE4': 18664.615018294426, 'OE5': 18664.615018294426, 'OE6': 15242.30101210846, 'OE7': 4125.018801524972, 'OE8': 3375.5626376482564, 'OE9': 2677.7971530799596}","{'OE1': 9.45048117394019, 'OE2': 6.262524742737131, 'OE3': 6.26243185016537, 'OE4': 6.664535547764963, 'OE5': 6.664535547764963, 'OE6': 0.22261074617854024, 'OE7': 6.194592236620975, 'OE8': 1.6393805661551848, 'OE9': 0.049511689217677346}","{'OE1': 49343, 'OE2': 49343, 'OE3': 49343, 'OE4': 38208, 'OE5': 38208, 'OE6': 38142, 'OE7': 10325, 'OE8': 10325, 'OE9': 10291}"
1801.0,1.9043899188054638,0.0020105128913436876,14078970718.345308,2450.1314916352253,"{'OE1': 39240.054836473784, 'OE2': 39240.054836473784, 'OE3': 23644.977447259764, 'OE4': 18145.590137137806, 'OE5': 18145.590137137806, 'OE6': 14818.618140635896, 'OE7': 3779.3576278890187, 'OE8': 3092.08631246712, 'OE9': 2450.1314916352253}","{'OE1': 9.369890093149587, 'OE2': 6.275944949402656, 'OE3': 6.27588638990765, 'OE4': 6.5720436437346414, 'OE5': 6.5720436437346414, 'OE6': 0.20603364822602932, 'OE7': 6.20220056027623, 'OE8': 1.6068379967617932, 'OE9': 0.05268387624489579}","{'OE1': 49340, 'OE2': 49340, 'OE3': 49340, 'OE4': 37864, 'OE5': 37864, 'OE6': 37807, 'OE7': 9644, 'OE8': 9644, 'OE9': 9611}"
1851.0,1.731486936496367,0.0018158927976677315,8148854397.175089,2626.932941744518,"{'OE1': 39145.9738165817, 'OE2': 39145.97381658171, 'OE3': 23103.769882028726, 'OE4': 17557.086821068373, 'OE5': 17557.086821068373, 'OE6': 14320.53621305832, 'OE7': 4061.0426152063783, 'OE8': 3319.9926940149703, 'OE9': 2626.932941744518}","{'OE1': 9.448094632966264, 'OE2': 6.26500151067605, 'OE3': 6.265083921985729, 'OE4': 6.481602549485292, 'OE5': 6.481602549485292, 'OE6': 0.22645344065068407, 'OE7': 5.825440327077703, 'OE8': 1.6159867916289912, 'OE9': 0.04919782072664111}","{'OE1': 49299, 'OE2': 49299, 'OE3': 49299, 'OE4': 37463, 'OE5': 37463, 'OE6': 37390, 'OE7': 10605, 'OE8': 10605, 'OE9': 10570}"
1901.0,1.9835625795553824,0.001985700902485516,4495143342.88204,2374.0725981330033,"{'OE1': 39103.15211101617, 'OE2': 39103.15211101617, 'OE3': 22540.823321897606, 'OE4': 16974.809263169693, 'OE5': 16974.809263169693, 'OE6': 13843.083082023166, 'OE7': 3681.775667932926, 'OE8': 3007.0516953174265, 'OE9': 2374.0725981330033}","{'OE1': 9.469470536870553, 'OE2': 6.279404715998865, 'OE3': 6.279411327498053, 'OE4': 6.396808279232277, 'OE5': 6.396808279232277, 'OE6': 0.21186165218688263, 'OE7': 6.186535639258606, 'OE8': 1.5938499130304624, 'OE9': 0.05077767796909542}","{'OE1': 49336, 'OE2': 49336, 'OE3': 49336, 'OE4': 37153, 'OE5': 37153, 'OE6': 37109, 'OE7': 9871, 'OE8': 9871, 'OE9': 9837}"
1951.0,1.9922417737793694,0.002048358977614768,2427628162.4234686,2180.186274466309,"{'OE1': 39048.77916285985, 'OE2': 39048.77916285985, 'OE3': 21560.501841279474, 'OE4': 16091.740564503481, 'OE5': 16091.740564503481, 'OE6': 13102.631590647852, 'OE7': 3387.5078231965135, 'OE8': 2763.627365873079, 'OE9': 2180.186274466309}","{'OE1': 9.416379780193736, 'OE2': 6.275253258378401, 'OE3': 6.275159077924484, 'OE4': 6.315474258275714, 'OE5': 6.315474258275714, 'OE6': 0.22466502290469392, 'OE7': 6.057675947503398, 'OE8': 1.5793217640777, 'OE9': 0.05131237017481187}","{'OE1': 49371, 'OE2': 49371, 'OE3': 49371, 'OE4': 36848, 'OE5': 36848, 'OE6': 36789, 'OE7': 9512, 'OE8': 9512, 'OE9': 9493}"
2001.0,1.9956894494091557,0.0020410271111389634,1658949554.9893334,2044.8638155791427,"{'OE1': 38937.60791059745, 'OE2': 38937.60791059744, 'OE3': 20186.468398175144, 'OE4': 14927.585275192669, 'OE5': 14927.585275192669, 'OE6': 12139.103924119618, 'OE7': 3190.2580453818946, 'OE8': 2599.389949870486, 'OE9': 2044.8638155791427}","{'OE1': 9.416642263270626, 'OE2': 6.278675869392602, 'OE3': 6.2786752910281045, 'OE4': 6.235493460207008, 'OE5': 6.235493460207008, 'OE6': 0.20075375985842697, 'OE7': 5.727678627511039, 'OE8': 1.5592547330134365, 'OE9': 0.05180217005887576}","{'OE1': 49347, 'OE2': 49347, 'OE3': 49347, 'OE4': 36491, 'OE5': 36491, 'OE6': 36432, 'OE7': 9577, 'OE8': 9577, 'OE9': 9552}"
2051.0,2.0949606845683775,0.0020387833629583667,1782152230.901721,1792.8845333168497,"{'OE1': 38824.33392049216, 'OE2': 38824.33392049216, 'OE3': 17695.46513946895, 'OE4': 12950.245537758366, 'OE5': 12950.245537758366, 'OE6': 10520.834749433736, 'OE7': 2808.5076170346965, 'OE8': 2285.9210657594826, 'OE9': 1792.8845333168497}","{'OE1': 9.424411928339623, 'OE2': 6.267704878920891, 'OE3': 6.267709392482421, 'OE4': 6.158772896883432, 'OE5': 6.158772896883454, 'OE6': 0.2196010988493159, 'OE7': 5.7162845639285775, 'OE8': 1.5430544951372895, 'OE9': 0.05286979287799476}","{'OE1': 49313, 'OE2': 49313, 'OE3': 49313, 'OE4': 36090, 'OE5': 36090, 'OE6': 36035, 'OE7': 9620, 'OE8': 9620, 'OE9': 9590}"
2101.0,2.0098369414990884,0.0019381312700258951,2395770219.6534796,1243.4954714332807,"{'OE1': 38734.80548235082, 'OE2': 38734.80548235082, 'OE3': 11676.239420576598, 'OE4': 8483.532558610212, 'OE5': 8483.532558610212, 'OE6': 6880.981332611088, 'OE7': 1957.4935461889836, 'OE8': 1591.2456775574333, 'OE9': 1243.4954714332807}","{'OE1': 9.384827293739848, 'OE2': 6.282029972422812, 'OE3': 6.282074140244808, 'OE4': 6.0861287562567, 'OE5': 6.0861287562567, 'OE6': 0.20152236512513094, 'OE7': 6.0996003233929965, 'OE8': 1.4909852570655868, 'OE9': 0.04925763584417539}","{'OE1': 49326, 'OE2': 49326, 'OE3': 49326, 'OE4': 35831, 'OE5': 35831, 'OE6': 35764, 'OE7': 10174, 'OE8': 10174, 'OE9': 10133}"
2151.0,2.171016944424082,0.002046844509597851,3903702515.9512777,759.8294838734214,"{'OE1': 38593.752373633484, 'OE2': 38593.752373633484, 'OE3': 7538.649502586497, 'OE4': 5447.855059750362, 'OE5': 5447.855059750362, 'OE6': 4411.454890862629, 'OE7': 1202.6355091093396, 'OE8': 975.5808638297815, 'OE9': 759.8294838734214}","{'OE1': 9.432517891253275, 'OE2': 6.28208779624123, 'OE3': 6.282196423136226, 'OE4': 6.013949964247875, 'OE5': 6.013949964247875, 'OE6': 0.22310104886993698, 'OE7': 5.705539799635672, 'OE8': 1.4415751891012762, 'OE9': 0.05107250669634675}","{'OE1': 49328, 'OE2': 49328, 'OE3': 49328, 'OE4': 35645, 'OE5': 35645, 'OE6': 35595, 'OE7': 9703, 'OE8': 9703, 'OE9': 9668}"
2201.0,2.41280820715383,0.0021787189438346923,9573785365.77916,696.785351609339,"{'OE1': 38441.84392509, 'OE2': 38441.84392509, 'OE3': 7471.636470224385, 'OE4': 5358.242728476496, 'OE5': 5358.242728476496, 'OE6': 4329.704792970496, 'OE7': 1109.2330156563946, 'OE8': 897.703748823503, 'OE9': 696.785351609339}","{'OE1': 9.383956414325972, 'OE2': 6.258508473355315, 'OE3': 6.258478491433181, 'OE4': 5.946300902269497, 'OE5': 5.946300902269497, 'OE6': 0.20661562219127205, 'OE7': 6.093958364120271, 'OE8': 1.4261045865194992, 'OE9': 0.05171522695022489}","{'OE1': 49339, 'OE2': 49339, 'OE3': 49339, 'OE4': 35382, 'OE5': 35382, 'OE6': 35341, 'OE7': 9057, 'OE8': 9057, 'OE9': 9029}"
2251.0,2.26662996137793,0.0020016386002617488,8982803283.51207,858.3755956275209,"{'OE1': 38291.460593026524, 'OE2': 38291.460593026524, 'OE3': 8461.453714785692, 'OE4': 6026.702835764536, 'OE5': 6026.702835764536, 'OE6': 4855.465330907814, 'OE7': 1379.0062212464231, 'OE8': 1113.1075247068306, 'OE9': 858.3755956275209}","{'OE1': 9.438085281880825, 'OE2': 6.279228356581702, 'OE3': 6.279231974631211, 'OE4': 5.87922554802244, 'OE5': 5.87922554802244, 'OE6': 0.21852958504487152, 'OE7': 6.089985438410052, 'OE8': 1.4456210018910005, 'OE9': 0.05191042680113986}","{'OE1': 49377, 'OE2': 49377, 'OE3': 49377, 'OE4': 35166, 'OE5': 35166, 'OE6': 35115, 'OE7': 9974, 'OE8': 9974, 'OE9': 9930}"
2301.0,2.548088807746808,0.0020857479504743,8767249666.500074,919.9093125424853,"{'OE1': 38069.50106482904, 'OE2': 38069.50106482904, 'OE3': 9389.175976895562, 'OE4': 6636.163478160289, 'OE5': 6636.163478160289, 'OE6': 5329.037440651121, 'OE7': 1488.9303610081809, 'OE8': 1198.3240679805438, 'OE9': 919.9093125424853}","{'OE1': 9.42128023873277, 'OE2': 6.278417906489943, 'OE3': 6.278286252194947, 'OE4': 5.813766270569422, 'OE5': 5.813766270569422, 'OE6': 0.21948083413790084, 'OE7': 6.055076318926707, 'OE8': 1.429681929349838, 'OE9': 0.0519848029692694}","{'OE1': 49351, 'OE2': 49351, 'OE3': 49351, 'OE4': 34879, 'OE5': 34879, 'OE6': 34817, 'OE7': 9730, 'OE8': 9730, 'OE9': 9694}"
2351.0,2.7799492078129333,0.0023054940785770537,9062324189.231598,860.0180057737182,"{'OE1': 37855.86950912563, 'OE2': 37855.86950912563, 'OE3': 9888.733701027368, 'OE4': 6936.992827849346, 'OE5': 6936.992827849346, 'OE6': 5554.371228886504, 'OE7': 1406.1875584640059, 'OE8': 1128.0452926208704, 'OE9': 860.0180057737182}","{'OE1': 9.428280081694929, 'OE2': 6.276064425399324, 'OE3': 6.2761182355907525, 'OE4': 5.753256936768826, 'OE5': 5.753256936768826, 'OE6': 0.21881096016737123, 'OE7': 6.006857127109036, 'OE8': 1.4181156400619925, 'OE9': 0.04993298991647721}","{'OE1': 49368, 'OE2': 49368, 'OE3': 49368, 'OE4': 34630, 'OE5': 34630, 'OE6': 34583, 'OE7': 8757, 'OE8': 8757, 'OE9': 8719}"
2401.0,2.7009097096770347,0.0022123977105441826,10259197116.77071,929.6685123918703,"{'OE1': 37587.5483797364, 'OE2': 37587.5483797364, 'OE3': 10307.26327982559, 'OE4': 7205.578562277178, 'OE5': 7205.578562277178, 'OE6': 5745.171419848587, 'OE7': 1535.7023586107348, 'OE8': 1227.1956567997017, 'OE9': 929.6685123918703}","{'OE1': 9.428702200081958, 'OE2': 6.253722105111667, 'OE3': 6.253945880058859, 'OE4': 5.691974968380688, 'OE5': 5.691974968380688, 'OE6': 0.23640974561351236, 'OE7': 6.009696020820789, 'OE8': 1.3708483479513052, 'OE9': 0.04903969411699127}","{'OE1': 49366, 'OE2': 49366, 'OE3': 49366, 'OE4': 34509, 'OE5': 34509, 'OE6': 34452, 'OE7': 9211, 'OE8': 9211, 'OE9': 9179}"
2451.0,2.8326458429064587,0.002161770184538731,11270674919.156448,957.0031043602604,"{'OE1': 37238.221536725825, 'OE2': 37238.221536725825, 'OE3': 10613.661897963562, 'OE4': 7377.7785732917255, 'OE5': 7377.7785732917255, 'OE6': 5850.070899222999, 'OE7': 1604.2901342915366, 'OE8': 1275.2012606650817, 'OE9': 957.0031043602604}","{'OE1': 9.394516968295116, 'OE2': 6.264378159556401, 'OE3': 6.264356750780953, 'OE4': 5.63405369504078, 'OE5': 5.63405369504078, 'OE6': 0.21926236704388813, 'OE7': 6.055149417718811, 'OE8': 1.3845853575552733, 'OE9': 0.0522149916985597}","{'OE1': 49372, 'OE2': 49372, 'OE3': 49372, 'OE4': 34318, 'OE5': 34318, 'OE6': 34256, 'OE7': 9396, 'OE8': 9396, 'OE9': 9369}"
2501.0,2.841833628755012,0.002188645390567396,12432404533.06745,956.9142032966081,"{'OE1': 36796.05798128823, 'OE2': 36796.057981288235, 'OE3': 10846.251162102666, 'OE4': 7471.9800578851755, 'OE5': 7471.9800578851755, 'OE6': 5891.5252603757945, 'OE7': 1631.7720667524443, 'OE8': 1289.3822891949821, 'OE9': 956.9142032966081}","{'OE1': 9.454842886975154, 'OE2': 6.278797787472319, 'OE3': 6.278684159974256, 'OE4': 5.576827187592968, 'OE5': 5.576827187592968, 'OE6': 0.22737666952091395, 'OE7': 6.0782526180451875, 'OE8': 1.3750618504573682, 'OE9': 0.050143084385899095}","{'OE1': 49318, 'OE2': 49318, 'OE3': 49318, 'OE4': 33974, 'OE5': 33974, 'OE6': 33925, 'OE7': 9399, 'OE8': 9399, 'OE9': 9372}"
2551.0,2.7720294428295347,0.0022795596458035053,12882856781.518835,883.3202912959051,"{'OE1': 36328.34815862789, 'OE2': 36328.34815862789, 'OE3': 10795.63032284108, 'OE4': 7411.594039872101, 'OE5': 7411.594039872101, 'OE6': 5805.177030425862, 'OE7': 1536.5972689553319, 'OE8': 1206.1662424281876, 'OE9': 883.3202912959051}","{'OE1': 9.411989029403266, 'OE2': 6.277813714545116, 'OE3': 6.277805272719233, 'OE4': 5.522288872299417, 'OE5': 5.522288872299417, 'OE6': 0.20530438042736876, 'OE7': 6.005370443487545, 'OE8': 1.379660540509482, 'OE9': 0.05164359810577723}","{'OE1': 49307, 'OE2': 49307, 'OE3': 49307, 'OE4': 33850, 'OE5': 33850, 'OE6': 33804, 'OE7': 8951, 'OE8': 8951, 'OE9': 8923}"
2601.0,2.948228299787843,0.0022911353084004655,12606912355.654978,805.8478093726978,"{'OE1': 35824.37897270096, 'OE2': 35824.378972700964, 'OE3': 10346.671413599615, 'OE4': 7036.42552310256, 'OE5': 7036.42552310256, 'OE6': 5468.38247584836, 'OE7': 1436.8627921732532, 'OE8': 1119.5257188209778, 'OE9': 805.8478093726978}","{'OE1': 9.458178568541873, 'OE2': 6.280344568090643, 'OE3': 6.280344794909682, 'OE4': 5.469383370417615, 'OE5': 5.469383370417615, 'OE6': 0.20452651081354284, 'OE7': 6.171446469056592, 'OE8': 1.3629895709110171, 'OE9': 0.04656675546856573}","{'OE1': 49344, 'OE2': 49344, 'OE3': 49344, 'OE4': 33556, 'OE5': 33556, 'OE6': 33502, 'OE7': 8807, 'OE8': 8807, 'OE9': 8766}"
2651.0,3.047776059103853,0.0023107744351965847,11976022170.40558,708.6395808466209,"{'OE1': 35119.17750023214, 'OE2': 35119.17750023214, 'OE3': 9381.186544576438, 'OE4': 6366.330893058079, 'OE5': 6366.330893058079, 'OE6': 4897.050570194534, 'OE7': 1304.641825745815, 'OE8': 1006.0781467119234, 'OE9': 708.6395808466209}","{'OE1': 9.430786484970373, 'OE2': 6.270653673687642, 'OE3': 6.2706853618345235, 'OE4': 5.41728577491624, 'OE5': 5.41728577491624, 'OE6': 0.21337024142331262, 'OE7': 6.0682562640559645, 'OE8': 1.3463126031497334, 'OE9': 0.04696798205181693}","{'OE1': 49376, 'OE2': 49376, 'OE3': 49376, 'OE4': 33509, 'OE5': 33509, 'OE6': 33462, 'OE7': 8949, 'OE8': 8949, 'OE9': 8914}"
2701.0,3.1266053416998147,0.002333271279489608,12683963611.164278,697.5287225475918,"{'OE1': 34159.03580390943, 'OE2': 34159.03580390943, 'OE3': 9774.20582808429, 'OE4': 6599.257967470425, 'OE5': 6599.257967470425, 'OE6': 5009.519307337361, 'OE7': 1337.1833051916403, 'OE8': 1018.3345846871748, 'OE9': 697.5287225475918}","{'OE1': 9.39726527540492, 'OE2': 6.149395796801387, 'OE3': 6.149428541856785, 'OE4': 5.367510169240026, 'OE5': 5.367510169240026, 'OE6': 0.22127166139132626, 'OE7': 6.071472677813315, 'OE8': 1.3513546699261632, 'OE9': 0.051550921814669456}","{'OE1': 49309, 'OE2': 49309, 'OE3': 49309, 'OE4': 33291, 'OE5': 33291, 'OE6': 33230, 'OE7': 8874, 'OE8': 8874, 'OE9': 8843}"
2751.0,3.341435589359662,0.002468894295206129,13241136341.546528,625.4013605763928,"{'OE1': 33040.05653871479, 'OE2': 33040.05653871479, 'OE3': 9901.502906144471, 'OE4': 6662.9891815117335, 'OE5': 6662.9891815117335, 'OE6': 4984.421867320442, 'OE7': 1262.281551792732, 'OE8': 947.4146472002109, 'OE9': 625.4013605763928}","{'OE1': 9.366174118942476, 'OE2': 6.005017010407155, 'OE3': 6.004977856988727, 'OE4': 5.318715975389937, 'OE5': 5.318715975389937, 'OE6': 0.21716234163330417, 'OE7': 6.133771514303454, 'OE8': 1.3131702059619987, 'OE9': 0.05071471182530436}","{'OE1': 49309, 'OE2': 49309, 'OE3': 49309, 'OE4': 33181, 'OE5': 33181, 'OE6': 33127, 'OE7': 8395, 'OE8': 8395, 'OE9': 8365}"
2801.0,3.2226124132876066,0.002334144613805688,12352982794.098087,578.3551091487744,"{'OE1': 31269.693327951878, 'OE2': 31269.693327951878, 'OE3': 9653.774150677757, 'OE4': 6446.103578254184, 'OE5': 6446.103578254184, 'OE6': 4707.962933201041, 'OE7': 1273.8647373316032, 'OE8': 934.107610261356, 'OE9': 578.3551091487744}","{'OE1': 9.448301585400618, 'OE2': 6.015251741277261, 'OE3': 6.015249933672315, 'OE4': 5.270911168853831, 'OE5': 5.270911168853831, 'OE6': 0.20497466970573996, 'OE7': 5.679651103058017, 'OE8': 1.308495891414052, 'OE9': 0.04999991764425821}","{'OE1': 49367, 'OE2': 49367, 'OE3': 49367, 'OE4': 32964, 'OE5': 32964, 'OE6': 32911, 'OE7': 8910, 'OE8': 8910, 'OE9': 8884}"
2851.0,3.1826560473632526,0.0024797856425630366,10304778493.691135,437.60361136349195,"{'OE1': 28716.131825818025, 'OE2': 28716.131825818025, 'OE3': 9051.68659879626, 'OE4': 6021.7654940841585, 'OE5': 6021.7654940841585, 'OE6': 4265.750284503113, 'OE7': 1093.6174469317493, 'OE8': 778.3243606409147, 'OE9': 437.60361136349195}","{'OE1': 9.443208058453411, 'OE2': 6.011105169274799, 'OE3': 6.011076987214434, 'OE4': 5.223171078595527, 'OE5': 5.223171078595527, 'OE6': 0.219265191403183, 'OE7': 6.100209426778719, 'OE8': 1.2987865325018229, 'OE9': 0.051120836383520066}","{'OE1': 49322, 'OE2': 49322, 'OE3': 49322, 'OE4': 32814, 'OE5': 32814, 'OE6': 32775, 'OE7': 8409, 'OE8': 8409, 'OE9': 8374}"
2901.0,3.518879803344589,0.0024265753785182274,6810019501.713648,286.12770267813846,"{'OE1': 24086.63207333654, 'OE2': 24086.63207333654, 'OE3': 7692.035420251398, 'OE4': 5089.557742813271, 'OE5': 5089.557742813271, 'OE6': 3407.749763084967, 'OE7': 897.7042651587078, 'OE8': 605.6045623929596, 'OE9': 286.12770267813846}","{'OE1': 9.411519631524143, 'OE2': 6.009136613206145, 'OE3': 6.009105065826697, 'OE4': 5.179626019022363, 'OE5': 5.179626019022363, 'OE6': 0.23154579406127151, 'OE7': 6.124067597985837, 'OE8': 1.2969773037128087, 'OE9': 0.052638137626544804}","{'OE1': 49398, 'OE2': 49398, 'OE3': 49398, 'OE4': 32688, 'OE5': 32688, 'OE6': 32649, 'OE7': 8607, 'OE8': 8607, 'OE9': 8583}"
2951.0,3.6414992334116505,0.002385225749538811,2491432456.763082,103.98988379286644,"{'OE1': 15680.008832590907, 'OE2': 15680.008832590907, 'OE3': 5061.295959697885, 'OE4': 3331.697757388197, 'OE5': 3331.697757388197, 'OE6': 1950.5995826609287, 'OE7': 536.0663895777265, 'OE8': 318.76104682146394, 'OE9': 103.98988379286644}","{'OE1': 9.390680762854405, 'OE2': 6.0185134960438225, 'OE3': 6.0185425850267045, 'OE4': 5.134622539760262, 'OE5': 5.134622539760262, 'OE6': 0.2191762228401511, 'OE7': 6.1101198291034, 'OE8': 1.2859346964786242, 'OE9': 0.052861517362754046}","{'OE1': 49384, 'OE2': 49384, 'OE3': 49384, 'OE4': 32510, 'OE5': 32510, 'OE6': 32465, 'OE7': 8941, 'OE8': 8941, 'OE9': 8907}"
3001.0,3.493798515530216,0.0023928772299474173,265328331.916302,10.846873386163105,"{'OE1': 7604.92780248131, 'OE2': 7604.92780248131, 'OE3': 2441.7293690898637, 'OE4': 1601.7747019842031, 'OE5': 1601.7747019842031, 'OE6': 548.6483371994474, 'OE7': 172.9768373167529, 'OE8': 66.71648228359703, 'OE9': 10.846873386163105}","{'OE1': 9.457994201173577, 'OE2': 5.74075673014232, 'OE3': 5.740793586904655, 'OE4': 5.093400208993705, 'OE5': 5.093400208993705, 'OE6': 0.2140703151927582, 'OE7': 6.117321602686587, 'OE8': 1.252671513123116, 'OE9': 0.05054205757411642}","{'OE1': 49339, 'OE2': 49339, 'OE3': 49339, 'OE4': 32379, 'OE5': 32379, 'OE6': 32341, 'OE7': 8859, 'OE8': 8859, 'OE9': 8824}"
