"cff = 2, order = 1, 2024-03-08 15:38:16.326898"
E,FWHM,Bandwidth,Flux,Intensity,Intensity_dict,Height_dict,Ray Dict
101,0.017429026343251053,0.00037161399127837896,33158685114.022846,8788.868606970731,"{'OE1': 48986.85798522438, 'OE2': 35971.69828350968, 'OE3': 34260.05034773127, 'OE4': 34260.05034773127, 'OE5': 34260.05034773127, 'OE6': 33943.17997853875, 'OE7': 8947.918506193346, 'OE8': 8892.819571699307, 'OE9': 8788.868606970731}","{'OE1': 9.466382312457418, 'OE2': 4.720523150720165, 'OE3': 4.720526362755827, 'OE4': 9.438110130161633, 'OE5': 9.438110130161633, 'OE6': 0.20922894915941112, 'OE7': 6.193927079683785, 'OE8': 2.4623429811066413, 'OE9': 0.05264133301657159}","{'OE1': 49368, 'OE2': 36252, 'OE3': 36252, 'OE4': 36252, 'OE5': 36252, 'OE6': 36171, 'OE7': 9535, 'OE8': 9535, 'OE9': 9497}"
151,0.03386700410283083,0.0004855543739475685,81345767713.0479,8936.322427538646,"{'OE1': 48181.80869396908, 'OE2': 48181.80869396908, 'OE3': 39158.106700635006, 'OE4': 39158.10670063501, 'OE5': 39158.10670063501, 'OE6': 38251.877250955076, 'OE7': 9355.519893970206, 'OE8': 9165.890241512512, 'OE9': 8936.322427538646}","{'OE1': 9.424127263873041, 'OE2': 6.542730014417488, 'OE3': 6.542689351207645, 'OE4': 13.078867619297956, 'OE5': 13.078867619297956, 'OE6': 0.22375680243002882, 'OE7': 6.083742259961877, 'OE8': 3.1693144106986537, 'OE9': 0.05065300614392046}","{'OE1': 49337, 'OE2': 49337, 'OE3': 49337, 'OE4': 49337, 'OE5': 49337, 'OE6': 49244, 'OE7': 12044, 'OE8': 12044, 'OE9': 12024}"
201,0.04976409153087502,0.0005396318467239611,63493762309.94255,5954.151559631453,"{'OE1': 47170.03441096427, 'OE2': 47170.03441096427, 'OE3': 26627.075735752907, 'OE4': 26627.075735752907, 'OE5': 26627.075735752907, 'OE6': 25500.234727420106, 'OE7': 6499.252598130764, 'OE8': 6244.365217732992, 'OE9': 5954.151559631453}","{'OE1': 9.438720619393406, 'OE2': 6.551682418470507, 'OE3': 6.5516714317186695, 'OE4': 13.096541458264053, 'OE5': 13.096541458264053, 'OE6': 0.21134262931902814, 'OE7': 5.99883042036582, 'OE8': 3.165683045811103, 'OE9': 0.048329445289744366}","{'OE1': 49351, 'OE2': 49351, 'OE3': 49351, 'OE4': 49351, 'OE5': 49351, 'OE6': 49243, 'OE7': 12551, 'OE8': 12551, 'OE9': 12521}"
251,0.0699588806844531,0.0006032442666235808,76765199648.24106,5322.9606462992415,"{'OE1': 45850.25648799908, 'OE2': 45850.25648799908, 'OE3': 25811.582714627082, 'OE4': 25811.582714627082, 'OE5': 25811.582714627082, 'OE6': 24096.56022794029, 'OE7': 6129.421886799502, 'OE8': 5741.212800656131, 'OE9': 5322.9606462992415}","{'OE1': 9.414416390956742, 'OE2': 6.413562846536038, 'OE3': 6.413541919523681, 'OE4': 12.818336916594035, 'OE5': 12.818336916594035, 'OE6': 0.21099926732938912, 'OE7': 6.082991373081262, 'OE8': 3.237832391843653, 'OE9': 0.05569966195420317}","{'OE1': 49329, 'OE2': 49329, 'OE3': 49329, 'OE4': 49329, 'OE5': 49329, 'OE6': 49211, 'OE7': 12518, 'OE8': 12518, 'OE9': 12487}"
301,0.08950734717160458,0.0005836794341999045,73994609238.10696,4102.3378040121315,"{'OE1': 41142.8173368867, 'OE2': 41142.8173368867, 'OE3': 24256.78080782256, 'OE4': 24238.11503881263, 'OE5': 24238.11503881263, 'OE6': 20518.599100130286, 'OE7': 5803.004264751449, 'OE8': 4927.939755056342, 'OE9': 4102.3378040121315}","{'OE1': 9.434424723709155, 'OE2': 6.539145121245264, 'OE3': 6.539174695018035, 'OE4': 12.981667609133767, 'OE5': 12.981667609133767, 'OE6': 0.21458278994272273, 'OE7': 6.158797362711292, 'OE8': 3.2147286614478072, 'OE9': 0.05080509862981178}","{'OE1': 49339, 'OE2': 49339, 'OE3': 49339, 'OE4': 49301, 'OE5': 49301, 'OE6': 49197, 'OE7': 13915, 'OE8': 13915, 'OE9': 13892}"
351,0.12035194978295749,0.0006988584308396575,25739867879.86205,961.5337361867126,"{'OE1': 28891.47737797189, 'OE2': 28891.47737797189, 'OE3': 18062.30903255128, 'OE4': 16798.701965797187, 'OE5': 16798.701965797187, 'OE6': 10305.76007143536, 'OE7': 2661.2832225748903, 'OE8': 1645.600671724229, 'OE9': 961.5337361867126}","{'OE1': 9.447248686667415, 'OE2': 6.54922311564294, 'OE3': 6.5492427690449695, 'OE4': 12.023802901317417, 'OE5': 12.023802901317417, 'OE6': 0.2182194582508037, 'OE7': 6.083882540497873, 'OE8': 2.9700090738246043, 'OE9': 0.05278816571802339}","{'OE1': 49333, 'OE2': 49333, 'OE3': 49333, 'OE4': 45881, 'OE5': 45881, 'OE6': 45770, 'OE7': 11824, 'OE8': 11824, 'OE9': 11798}"
401,0.14637508171279023,0.0007315269370974534,60437049920.05871,1803.3645613486508,"{'OE1': 34056.38205620327, 'OE2': 34056.38205620327, 'OE3': 22117.718687624398, 'OE4': 19187.706437653822, 'OE5': 19187.706437653822, 'OE6': 13680.688132593146, 'OE7': 3651.7900300366546, 'OE8': 2618.8248189207843, 'OE9': 1803.3645613486508}","{'OE1': 9.43940417895687, 'OE2': 6.410270566418902, 'OE3': 6.4102639823372485, 'OE4': 11.251560065667457, 'OE5': 11.251560065667457, 'OE6': 0.21759153146187504, 'OE7': 6.126346881878183, 'OE8': 2.7864055536657415, 'OE9': 0.05480319634724909}","{'OE1': 49329, 'OE2': 49329, 'OE3': 49329, 'OE4': 42792, 'OE5': 42792, 'OE6': 42710, 'OE7': 11403, 'OE8': 11403, 'OE9': 11376}"
451,0.17404263572984746,0.0007614521136747902,90279967646.31808,2240.4891587790335,"{'OE1': 36220.66325005543, 'OE2': 36220.66325005543, 'OE3': 24274.295788171647, 'OE4': 19840.427785686457, 'OE5': 19840.427785686457, 'OE6': 14961.126765705128, 'OE7': 4040.0828635388616, 'OE8': 3060.8520419421156, 'OE9': 2240.4891587790335}","{'OE1': 9.470510567282254, 'OE2': 6.54202746367969, 'OE3': 6.5420225892170825, 'OE4': 10.608233879564988, 'OE5': 10.608233879564988, 'OE6': 0.2281222798438154, 'OE7': 6.09905029452735, 'OE8': 2.66093049605494, 'OE9': 0.0480208896907426}","{'OE1': 49339, 'OE2': 49339, 'OE3': 49339, 'OE4': 40324, 'OE5': 40324, 'OE6': 40252, 'OE7': 10872, 'OE8': 10872, 'OE9': 10841}"
501,0.20440820190202658,0.0008002339547255598,102718084745.39252,2166.384179114086,"{'OE1': 36289.39087891249, 'OE2': 36289.3908789125, 'OE3': 24667.067055740896, 'OE4': 19058.462537096475, 'OE5': 19058.462537096475, 'OE6': 14403.775918197467, 'OE7': 3895.8831282794517, 'OE8': 2956.406190708266, 'OE9': 2166.384179114086}","{'OE1': 9.40478337952529, 'OE2': 6.5484415770008155, 'OE3': 6.548473491677102, 'OE4': 10.06747748244732, 'OE5': 10.06747748244732, 'OE6': 0.207634527912414, 'OE7': 6.159320337653824, 'OE8': 2.5214963842689464, 'OE9': 0.05262763056089456}","{'OE1': 49330, 'OE2': 49330, 'OE3': 49330, 'OE4': 38111, 'OE5': 38111, 'OE6': 38053, 'OE7': 10295, 'OE8': 10295, 'OE9': 10255}"
551,0.23440657612195537,0.0007906283666284542,128360242496.24586,2504.744805126429,"{'OE1': 37491.844769725874, 'OE2': 37491.844769725874, 'OE3': 25807.585022614865, 'OE4': 18977.610657834863, 'OE5': 18977.610657834863, 'OE6': 14775.182288758837, 'OE7': 4232.242136692928, 'OE8': 3307.493574382409, 'OE9': 2504.744805126429}","{'OE1': 9.4039688907135, 'OE2': 6.541026707725142, 'OE3': 6.541044700663982, 'OE4': 9.598891906272282, 'OE5': 9.598891906272282, 'OE6': 0.22983050363569735, 'OE7': 6.088532214586287, 'OE8': 2.406454499435994, 'OE9': 0.05554726924261022}","{'OE1': 49323, 'OE2': 49323, 'OE3': 49323, 'OE4': 36267, 'OE5': 36267, 'OE6': 36209, 'OE7': 10373, 'OE8': 10373, 'OE9': 10337}"
601,0.2504089813860446,0.0008468497342009369,147365812590.47977,2494.447770412311,"{'OE1': 38046.453769763546, 'OE2': 38046.453769763546, 'OE3': 26460.008913373582, 'OE4': 18606.66658217921, 'OE5': 18606.66658217921, 'OE6': 14673.880495457088, 'OE7': 4101.838590464408, 'OE8': 3246.96961639515, 'OE9': 2494.447770412311}","{'OE1': 9.401106544122635, 'OE2': 6.530757756977433, 'OE3': 6.530779846773733, 'OE4': 9.190856141696525, 'OE5': 9.190856141696525, 'OE6': 0.2198551741425312, 'OE7': 6.105208696299439, 'OE8': 2.2670835654907724, 'OE9': 0.05254240544349087}","{'OE1': 49338, 'OE2': 49338, 'OE3': 49338, 'OE4': 34692, 'OE5': 34692, 'OE6': 34627, 'OE7': 9680, 'OE8': 9680, 'OE9': 9647}"
651,0.3006279070357323,0.0008978989500957657,168743864713.60895,2532.488090503851,"{'OE1': 38380.95554392016, 'OE2': 38380.95554392016, 'OE3': 27176.41031953104, 'OE4': 18402.37782320445, 'OE5': 18402.37782320445, 'OE6': 14640.998934121015, 'OE7': 4090.513227881602, 'OE8': 3264.353662195683, 'OE9': 2532.488090503851}","{'OE1': 9.481123077639953, 'OE2': 6.415818272561907, 'OE3': 6.41578236971575, 'OE4': 8.8334873199378, 'OE5': 8.8334873199378, 'OE6': 0.2049087084935597, 'OE7': 6.18829197512315, 'OE8': 2.17276636080012, 'OE9': 0.055295440014990066}","{'OE1': 49322, 'OE2': 49322, 'OE3': 49322, 'OE4': 33396, 'OE5': 33396, 'OE6': 33350, 'OE7': 9319, 'OE8': 9319, 'OE9': 9292}"
701,0.32525552180845807,0.0009230822462565257,184019811069.29135,2543.109261463729,"{'OE1': 38873.02247791388, 'OE2': 38873.02247791388, 'OE3': 27850.072100926252, 'OE4': 18127.833656590163, 'OE5': 18127.833656590163, 'OE6': 14573.99896212433, 'OE7': 4017.4169550266633, 'OE8': 3239.748351363176, 'OE9': 2543.109261463729}","{'OE1': 9.383541694237017, 'OE2': 6.5438437329399335, 'OE3': 6.5437766445642325, 'OE4': 8.512699018318507, 'OE5': 8.512699018318507, 'OE6': 0.20991790631766516, 'OE7': 6.037460819101154, 'OE8': 2.1296431608813506, 'OE9': 0.04839709527194627}","{'OE1': 49374, 'OE2': 49374, 'OE3': 49374, 'OE4': 32136, 'OE5': 32136, 'OE6': 32083, 'OE7': 8845, 'OE8': 8845, 'OE9': 8820}"
751,0.3538017201302637,0.0009498862629716895,199799134713.6357,2578.8063057390955,"{'OE1': 39197.1072607486, 'OE2': 39197.1072607486, 'OE3': 28097.83136265899, 'OE4': 17729.600631937963, 'OE5': 17729.600631937963, 'OE6': 14372.492751818061, 'OE7': 4005.8487693282714, 'OE8': 3256.5562169357972, 'OE9': 2578.8063057390955}","{'OE1': 9.431155372607808, 'OE2': 6.536743655986777, 'OE3': 6.53678239231755, 'OE4': 8.224586592436648, 'OE5': 8.224586592436648, 'OE6': 0.22243995031987082, 'OE7': 6.064844863795566, 'OE8': 2.0173167955560016, 'OE9': 0.05259976817869105}","{'OE1': 49341, 'OE2': 49341, 'OE3': 49341, 'OE4': 31132, 'OE5': 31132, 'OE6': 31082, 'OE7': 8664, 'OE8': 8664, 'OE9': 8638}"
801,0.41215733503634056,0.0009843058392726015,211842360909.2221,2557.9692908179977,"{'OE1': 39439.064494630176, 'OE2': 39439.064494630176, 'OE3': 28686.74147233817, 'OE4': 17520.98566055641, 'OE5': 17520.98566055641, 'OE6': 14298.465335974606, 'OE7': 3925.9587613922035, 'OE8': 3211.9092938097683, 'OE9': 2557.9692908179977}","{'OE1': 9.477056872868353, 'OE2': 6.426504537150819, 'OE3': 6.426625854819584, 'OE4': 7.96378177803528, 'OE5': 7.96378177803528, 'OE6': 0.20012059661572507, 'OE7': 6.056693603251691, 'OE8': 1.9912231789726935, 'OE9': 0.050308993906443764}","{'OE1': 49298, 'OE2': 49298, 'OE3': 49298, 'OE4': 30108, 'OE5': 30108, 'OE6': 30065, 'OE7': 8256, 'OE8': 8256, 'OE9': 8220}"
851,0.444671816960863,0.0010356332420299321,223150895471.034,2497.193887933582,"{'OE1': 39670.67469116576, 'OE2': 39670.67469116576, 'OE3': 29137.60268877013, 'OE4': 17289.080314844792, 'OE5': 17289.080314844792, 'OE6': 14167.763771147947, 'OE7': 3792.426553713131, 'OE8': 3115.826322236804, 'OE9': 2497.193887933582}","{'OE1': 9.386270571249632, 'OE2': 6.543893661572097, 'OE3': 6.543836195610403, 'OE4': 7.726162507424892, 'OE5': 7.726162507424892, 'OE6': 0.21876402188058142, 'OE7': 6.012159948784541, 'OE8': 1.8967598450607075, 'OE9': 0.04939718743549114}","{'OE1': 49357, 'OE2': 49357, 'OE3': 49357, 'OE4': 29285, 'OE5': 29285, 'OE6': 29237, 'OE7': 7827, 'OE8': 7827, 'OE9': 7806}"
901,0.4876533108063086,0.0009913581659008453,236063669811.3449,2701.902292700019,"{'OE1': 39840.172138562244, 'OE2': 39840.172138562244, 'OE3': 29497.041909559994, 'OE4': 17060.15137162375, 'OE5': 17060.15137162375, 'OE6': 14041.87840652265, 'OE7': 4070.064261313558, 'OE8': 3357.5516824133315, 'OE9': 2701.902292700019}","{'OE1': 9.375321025923467, 'OE2': 6.416604449144089, 'OE3': 6.416600523687563, 'OE4': 7.507332388040171, 'OE5': 7.507332388040171, 'OE6': 0.23668169751608734, 'OE7': 6.174850924910784, 'OE8': 1.8481479113402655, 'OE9': 0.04947483517563876}","{'OE1': 49348, 'OE2': 49348, 'OE3': 49348, 'OE4': 28540, 'OE5': 28540, 'OE6': 28500, 'OE7': 8262, 'OE8': 8262, 'OE9': 8236}"
951,0.5475922770463058,0.0010838967500732867,226832722940.11563,2340.2535958409617,"{'OE1': 39309.154509545464, 'OE2': 39309.154509545464, 'OE3': 28874.01890844819, 'OE4': 16250.369850429593, 'OE5': 16250.369850429593, 'OE6': 13219.023132654598, 'OE7': 3617.5670020378593, 'OE8': 2949.655036023124, 'OE9': 2340.2535958409617}","{'OE1': 9.424045224620823, 'OE2': 6.282641647459148, 'OE3': 6.282649623797081, 'OE4': 7.3087978083647105, 'OE5': 7.3087978083647105, 'OE6': 0.2219326040498365, 'OE7': 6.064827884968743, 'OE8': 1.8244949256665643, 'OE9': 0.054406249639234475}","{'OE1': 49330, 'OE2': 49330, 'OE3': 49330, 'OE4': 27762, 'OE5': 27762, 'OE6': 27719, 'OE7': 7587, 'OE8': 7587, 'OE9': 7555}"
1001,0.5746429256212195,0.0011534133776587004,222059656805.31116,2132.202983608143,"{'OE1': 38825.16395801522, 'OE2': 38825.16395801522, 'OE3': 28299.083885349122, 'OE4': 15571.736408359695, 'OE5': 15571.736408359695, 'OE6': 12526.342768582317, 'OE7': 3377.1843994474343, 'OE8': 2722.6092917817523, 'OE9': 2132.202983608143}","{'OE1': 9.390234922359465, 'OE2': 6.533611533989604, 'OE3': 6.533579531814038, 'OE4': 7.123031263855928, 'OE5': 7.123031263855928, 'OE6': 0.23490165795429313, 'OE7': 6.029680503464483, 'OE8': 1.8047660547575521, 'OE9': 0.05896175127125665}","{'OE1': 49346, 'OE2': 49346, 'OE3': 49346, 'OE4': 27152, 'OE5': 27152, 'OE6': 27114, 'OE7': 7311, 'OE8': 7311, 'OE9': 7279}"
1051,0.5901508940987696,0.0011578495176630416,224816563623.1255,2137.265005018725,"{'OE1': 38934.852495352934, 'OE2': 38934.852495352934, 'OE3': 28562.60604245976, 'OE4': 15404.452962101774, 'OE5': 15404.452962101774, 'OE6': 12417.286951911223, 'OE7': 3362.238174796629, 'OE8': 2717.2437215923565, 'OE9': 2137.265005018725}","{'OE1': 9.443810488890891, 'OE2': 6.274635854836884, 'OE3': 6.274626758270932, 'OE4': 6.952990630525266, 'OE5': 6.952990630525266, 'OE6': 0.2228695036473607, 'OE7': 6.147614921134535, 'OE8': 1.7306901354657467, 'OE9': 0.05054261588070674}","{'OE1': 49358, 'OE2': 49358, 'OE3': 49358, 'OE4': 26619, 'OE5': 26619, 'OE6': 26570, 'OE7': 7195, 'OE8': 7195, 'OE9': 7176}"
1101,0.6718942266620616,0.0012286975822882048,230660299615.3972,2062.0287362083795,"{'OE1': 39031.445476826244, 'OE2': 39031.445476826244, 'OE3': 28815.26264210539, 'OE4': 15156.633521498257, 'OE5': 15156.633521498257, 'OE6': 12257.818398552226, 'OE7': 3225.3385755269524, 'OE8': 2613.4115322887665, 'OE9': 2062.0287362083795}","{'OE1': 9.462511154357635, 'OE2': 6.539755137115375, 'OE3': 6.539727901223755, 'OE4': 6.791968663368447, 'OE5': 6.791968663368447, 'OE6': 0.22569296920393778, 'OE7': 6.030213015376228, 'OE8': 1.6303033734828771, 'OE9': 0.05061298474593294}","{'OE1': 49346, 'OE2': 49346, 'OE3': 49346, 'OE4': 25955, 'OE5': 25955, 'OE6': 25922, 'OE7': 6822, 'OE8': 6822, 'OE9': 6806}"
1151,0.6836527794112044,0.0012201438460553008,230708999327.12115,2090.1353934929225,"{'OE1': 39126.533705310976, 'OE2': 39126.533705310976, 'OE3': 29064.684009940003, 'OE4': 15044.831646390106, 'OE5': 15044.831646390106, 'OE6': 12192.68266247842, 'OE7': 3260.219987132458, 'OE8': 2647.7928192126556, 'OE9': 2090.1353934929225}","{'OE1': 9.376255968547142, 'OE2': 6.277573605047173, 'OE3': 6.277466177337509, 'OE4': 6.64278752420345, 'OE5': 6.64278752420345, 'OE6': 0.2246482061144104, 'OE7': 6.049294948049374, 'OE8': 1.6384242146007995, 'OE9': 0.04970869526403826}","{'OE1': 49349, 'OE2': 49349, 'OE3': 49349, 'OE4': 25544, 'OE5': 25544, 'OE6': 25505, 'OE7': 6821, 'OE8': 6821, 'OE9': 6792}"
1201,0.783651372262284,0.0012387250893642478,229295482225.12933,2075.6817569034934,"{'OE1': 39192.50090651909, 'OE2': 39192.50090651908, 'OE3': 29289.664368457117, 'OE4': 14840.284145877893, 'OE5': 14840.284145877893, 'OE6': 12046.960010161501, 'OE7': 3220.0436189035277, 'OE8': 2618.8554527496135, 'OE9': 2075.6817569034934}","{'OE1': 9.370449305181552, 'OE2': 6.276191211766307, 'OE3': 6.276345605329466, 'OE4': 6.504346829379615, 'OE5': 6.504346829379615, 'OE6': 0.20563868145403935, 'OE7': 6.045380214370143, 'OE8': 1.6212909304188339, 'OE9': 0.05083823309855684}","{'OE1': 49366, 'OE2': 49366, 'OE3': 49366, 'OE4': 25012, 'OE5': 25012, 'OE6': 24978, 'OE7': 6677, 'OE8': 6677, 'OE9': 6668}"
1251,0.8067965586924402,0.001281282941725005,229089488876.19467,2050.869389736443,"{'OE1': 39247.456827222835, 'OE2': 39247.456827222835, 'OE3': 29449.47443293361, 'OE4': 14679.393441088007, 'OE5': 14679.393441088007, 'OE6': 11925.631752364243, 'OE7': 3178.7899721859403, 'OE8': 2588.9915741077934, 'OE9': 2050.869389736443}","{'OE1': 9.392866538006151, 'OE2': 6.286899381008595, 'OE3': 6.286913181055604, 'OE4': 6.371891279094992, 'OE5': 6.371891279094992, 'OE6': 0.23377626500509216, 'OE7': 5.881183546528176, 'OE8': 1.5918988896225248, 'OE9': 0.04907603944561417}","{'OE1': 49369, 'OE2': 49369, 'OE3': 49369, 'OE4': 24608, 'OE5': 24608, 'OE6': 24559, 'OE7': 6547, 'OE8': 6547, 'OE9': 6525}"
1301,0.8028403776947926,0.0012337387410358226,229677684081.35547,2193.2267153717985,"{'OE1': 39294.246051158814, 'OE2': 39294.246051158814, 'OE3': 29562.83204618061, 'OE4': 14574.142824717004, 'OE5': 14574.142824717004, 'OE6': 11869.108147857201, 'OE7': 3390.7034189323804, 'OE8': 2765.506126026151, 'OE9': 2193.2267153717985}","{'OE1': 9.377203872159834, 'OE2': 6.280295375619707, 'OE3': 6.280340544065879, 'OE4': 6.2492991333977095, 'OE5': 6.2492991333977095, 'OE6': 0.21579806746886618, 'OE7': 5.647009846576574, 'OE8': 1.5665996077494566, 'OE9': 0.05022748628068738}","{'OE1': 49363, 'OE2': 49363, 'OE3': 49363, 'OE4': 24335, 'OE5': 24335, 'OE6': 24310, 'OE7': 6946, 'OE8': 6946, 'OE9': 6921}"
1351,0.9045408632402996,0.0012754816925805899,227143623616.55496,2152.896055964445,"{'OE1': 39260.97078624429, 'OE2': 39260.97078624429, 'OE3': 29612.560488543324, 'OE4': 14336.110912874003, 'OE5': 14336.110912874003, 'OE6': 11679.293534504552, 'OE7': 3320.8936366949038, 'OE8': 2710.5291683195032, 'OE9': 2152.896055964445}","{'OE1': 9.390480472177455, 'OE2': 6.289232627646999, 'OE3': 6.28924581700727, 'OE4': 6.131965934910459, 'OE5': 6.131965934910459, 'OE6': 0.2183200446373229, 'OE7': 6.063860770614018, 'OE8': 1.5381533830691032, 'OE9': 0.0501632431379547}","{'OE1': 49296, 'OE2': 49296, 'OE3': 49296, 'OE4': 23865, 'OE5': 23865, 'OE6': 23831, 'OE7': 6777, 'OE8': 6777, 'OE9': 6760}"
1401,0.9818534768310201,0.0013960540367871602,219621166866.0702,1943.9473849014335,"{'OE1': 39284.37225915112, 'OE2': 39284.37225915112, 'OE3': 29701.623108832155, 'OE4': 14193.194281285492, 'OE5': 14193.194281285492, 'OE6': 11572.19781522079, 'OE7': 2996.988316168223, 'OE8': 2447.387008826324, 'OE9': 1943.9473849014335}","{'OE1': 9.483812347396762, 'OE2': 6.277932334568375, 'OE3': 6.27781591165059, 'OE4': 6.0227405734313795, 'OE5': 6.0227405734313795, 'OE6': 0.22332605905052638, 'OE7': 6.138656134448128, 'OE8': 1.4389207831528528, 'OE9': 0.0485112330913328}","{'OE1': 49314, 'OE2': 49314, 'OE3': 49314, 'OE4': 23565, 'OE5': 23565, 'OE6': 23537, 'OE7': 6097, 'OE8': 6097, 'OE9': 6080}"
1451,1.0233839164834535,0.0013014798745660226,218123889576.75632,2098.7218704427387,"{'OE1': 39308.44782143211, 'OE2': 39308.44782143211, 'OE3': 29787.91350613662, 'OE4': 13997.173437734658, 'OE5': 13997.173437734658, 'OE6': 11414.184986259463, 'OE7': 3236.7098385221475, 'OE8': 2644.320064597171, 'OE9': 2098.7218704427387}","{'OE1': 9.429611657114584, 'OE2': 6.278485011989165, 'OE3': 6.278428569096107, 'OE4': 5.91731194789495, 'OE5': 5.91731194789495, 'OE6': 0.21946212276342525, 'OE7': 5.68504891017405, 'OE8': 1.4478329215938328, 'OE9': 0.054599121285115126}","{'OE1': 49337, 'OE2': 49337, 'OE3': 49337, 'OE4': 23183, 'OE5': 23183, 'OE6': 23149, 'OE7': 6565, 'OE8': 6565, 'OE9': 6542}"
1501,1.0198701602607798,0.001315150698984743,218605391012.00256,2084.4858788222823,"{'OE1': 39306.30183952186, 'OE2': 39306.30183952186, 'OE3': 29851.869202403126, 'OE4': 13889.173727771864, 'OE5': 13889.173727771864, 'OE6': 11334.378448169322, 'OE7': 3213.1052858701687, 'OE8': 2626.080795797916, 'OE9': 2084.4858788222823}","{'OE1': 9.399522902222033, 'OE2': 6.279630986486571, 'OE3': 6.279610969503424, 'OE4': 5.817510569002451, 'OE5': 5.817510569002451, 'OE6': 0.21936343439743922, 'OE7': 6.032938148172276, 'OE8': 1.4327392803606553, 'OE9': 0.05378314326577156}","{'OE1': 49331, 'OE2': 49331, 'OE3': 49331, 'OE4': 22952, 'OE5': 22952, 'OE6': 22926, 'OE7': 6500, 'OE8': 6500, 'OE9': 6477}"
1551,1.0710023148512846,0.0013604659845783214,230137584533.91083,2074.7668628499323,"{'OE1': 39346.42364231993, 'OE2': 39346.42364231993, 'OE3': 29896.22195061001, 'OE4': 13727.893906222009, 'OE5': 13727.893906222009, 'OE6': 11206.51896297393, 'OE7': 3190.46933676115, 'OE8': 2609.8684593781713, 'OE9': 2074.7668628499323}","{'OE1': 9.398994914551773, 'OE2': 6.275204314440513, 'OE3': 6.2751997931990395, 'OE4': 5.720746172109919, 'OE5': 5.720746172109919, 'OE6': 0.21055328055028444, 'OE7': 6.14273604430492, 'OE8': 1.410752771365002, 'OE9': 0.04945106671463875}","{'OE1': 49353, 'OE2': 49353, 'OE3': 49353, 'OE4': 22662, 'OE5': 22662, 'OE6': 22624, 'OE7': 6442, 'OE8': 6442, 'OE9': 6425}"
1601,1.1639359704838625,0.0013943814398833145,237699733077.14993,2010.6039988693328,"{'OE1': 39336.374670449855, 'OE2': 39336.374670449855, 'OE3': 29890.852080227254, 'OE4': 13604.433851991342, 'OE5': 13604.433851991342, 'OE6': 11114.891710249816, 'OE7': 3096.2233535758164, 'OE8': 2533.4442364155216, 'OE9': 2010.6039988693328}","{'OE1': 9.461612385441377, 'OE2': 6.281382401854827, 'OE3': 6.281334815928661, 'OE4': 5.635153051384201, 'OE5': 5.635153051384201, 'OE6': 0.21423374654099697, 'OE7': 6.174393081162939, 'OE8': 1.389794943881945, 'OE9': 0.051433302802984596}","{'OE1': 49348, 'OE2': 49348, 'OE3': 49348, 'OE4': 22460, 'OE5': 22460, 'OE6': 22434, 'OE7': 6250, 'OE8': 6250, 'OE9': 6225}"
1651,1.1827915329995449,0.0013957729298470045,250141758988.89594,2014.5381904019857,"{'OE1': 39315.29623432237, 'OE2': 39315.29623432237, 'OE3': 29871.546325620664, 'OE4': 13416.980002895092, 'OE5': 13416.980002895092, 'OE6': 10958.998932878725, 'OE7': 3097.9854923564008, 'OE8': 2535.2818737603184, 'OE9': 2014.5381904019857}","{'OE1': 9.439327260785468, 'OE2': 6.276833185653914, 'OE3': 6.277061138995064, 'OE4': 5.546839304841403, 'OE5': 5.546839304841403, 'OE6': 0.20457908317746631, 'OE7': 6.193529977480006, 'OE8': 1.3953175460060865, 'OE9': 0.050701597073132404}","{'OE1': 49337, 'OE2': 49337, 'OE3': 49337, 'OE4': 22160, 'OE5': 22160, 'OE6': 22125, 'OE7': 6256, 'OE8': 6256, 'OE9': 6239}"
1701,1.2257892685227034,0.001379406078928104,264736484657.421,2036.9967685256493,"{'OE1': 39310.78721589388, 'OE2': 39310.787215893884, 'OE3': 29859.208106005477, 'OE4': 13273.449066627421, 'OE5': 13273.449066627421, 'OE6': 10843.681095382242, 'OE7': 3134.3681870706105, 'OE8': 2565.171705385097, 'OE9': 2036.9967685256493}","{'OE1': 9.473078977466738, 'OE2': 6.27824857371118, 'OE3': 6.278325244701433, 'OE4': 5.463769233942351, 'OE5': 5.463769233942351, 'OE6': 0.21141575732159396, 'OE7': 5.691538634744053, 'OE8': 1.3617717450098752, 'OE9': 0.042460557890332776}","{'OE1': 49355, 'OE2': 49355, 'OE3': 49355, 'OE4': 21940, 'OE5': 21940, 'OE6': 21908, 'OE7': 6333, 'OE8': 6333, 'OE9': 6317}"
1751,1.2897036261563244,0.0014871944592810679,280589786805.103,1906.2013187127752,"{'OE1': 39273.94600671503, 'OE2': 39273.94600671503, 'OE3': 29795.811321090336, 'OE4': 13072.13829029447, 'OE5': 13072.13829029447, 'OE6': 10676.804846242949, 'OE7': 2932.644560976564, 'OE8': 2399.9023547381685, 'OE9': 1906.2013187127752}","{'OE1': 9.450480748607951, 'OE2': 6.265027601380324, 'OE3': 6.265042691972361, 'OE4': 5.387251302829258, 'OE5': 5.387251302829258, 'OE6': 0.21861578195002496, 'OE7': 6.111634389264486, 'OE8': 1.3394969905674112, 'OE9': 0.049366123287313934}","{'OE1': 49341, 'OE2': 49341, 'OE3': 49341, 'OE4': 21647, 'OE5': 21647, 'OE6': 21613, 'OE7': 5938, 'OE8': 5938, 'OE9': 5926}"
1801,1.3645007007544336,0.001550961375070871,286395773978.48114,1814.7453219698386,"{'OE1': 39237.669631418954, 'OE2': 39237.66963141896, 'OE3': 29615.82243689592, 'OE4': 12908.955964467785, 'OE5': 12908.955964467785, 'OE6': 10541.440780044699, 'OE7': 2796.4260309759975, 'OE8': 2287.970581687676, 'OE9': 1814.7453219698386}","{'OE1': 9.369888996922716, 'OE2': 6.278390418774839, 'OE3': 6.278292689308425, 'OE4': 5.310302211262755, 'OE5': 5.310302211262755, 'OE6': 0.2279843574116977, 'OE7': 6.055757225435245, 'OE8': 1.3062006453617818, 'OE9': 0.04951789075836219}","{'OE1': 49337, 'OE2': 49337, 'OE3': 49337, 'OE4': 21505, 'OE5': 21505, 'OE6': 21471, 'OE7': 5697, 'OE8': 5697, 'OE9': 5683}"
1851,1.4000269870557531,0.001521733005701557,290746214679.8316,1852.3145730568688,"{'OE1': 39136.43411438377, 'OE2': 39136.43411438377, 'OE3': 29366.773063509627, 'OE4': 12750.928893473458, 'OE5': 12750.928893473458, 'OE6': 10402.975753048093, 'OE7': 2864.8597220542106, 'OE8': 2342.153478989726, 'OE9': 1852.3145730568688}","{'OE1': 9.448094299142124, 'OE2': 6.266700830519278, 'OE3': 6.251289523245182, 'OE4': 5.239731532966482, 'OE5': 5.239731532966482, 'OE6': 0.22369473544037344, 'OE7': 5.689576667621895, 'OE8': 1.279281940666747, 'OE9': 0.050277781416732586}","{'OE1': 49287, 'OE2': 49287, 'OE3': 49275, 'OE4': 21395, 'OE5': 21395, 'OE6': 21358, 'OE7': 5883, 'OE8': 5883, 'OE9': 5861}"
1901,1.4985209668502648,0.001556999028911701,285063760983.0573,1809.0399486103947,"{'OE1': 39103.15172468567, 'OE2': 39103.15172468567, 'OE3': 28880.502961111757, 'OE4': 12481.128141691903, 'OE5': 12481.128141691903, 'OE6': 10180.3226334965, 'OE7': 2804.5300302964606, 'OE8': 2290.6341418999864, 'OE9': 1809.0399486103947}","{'OE1': 9.469472434094685, 'OE2': 6.2818566926285975, 'OE3': 6.265447463859559, 'OE4': 5.170891860459538, 'OE5': 5.170891860459538, 'OE6': 0.21650638544694817, 'OE7': 6.143580658531514, 'OE8': 1.2628062513053462, 'OE9': 0.05037250597591095}","{'OE1': 49336, 'OE2': 49336, 'OE3': 48847, 'OE4': 21110, 'OE5': 21110, 'OE6': 21088, 'OE7': 5810, 'OE8': 5810, 'OE9': 5793}"
1951,1.562170540878924,0.001612991600000707,263506905786.31952,1679.8180176223782,"{'OE1': 39049.56739258645, 'OE2': 39049.56739258645, 'OE3': 28078.819642973478, 'OE4': 12216.786456700385, 'OE5': 12216.786456700385, 'OE6': 9949.385490166926, 'OE7': 2611.114225186069, 'OE8': 2130.282394243631, 'OE9': 1679.8180176223782}","{'OE1': 9.416385156110978, 'OE2': 6.278475922516085, 'OE3': 6.150716108948984, 'OE4': 5.102816031926464, 'OE5': 5.102816031926464, 'OE6': 0.2153392229007135, 'OE7': 5.714494948384389, 'OE8': 1.2544016968793932, 'OE9': 0.05242805991834763}","{'OE1': 49372, 'OE2': 49372, 'OE3': 48215, 'OE4': 20978, 'OE5': 20978, 'OE6': 20947, 'OE7': 5498, 'OE8': 5498, 'OE9': 5485}"
2001,1.6883415766342296,0.0016458381676726305,237030486677.06635,1611.258023946912,"{'OE1': 38935.957689928386, 'OE2': 38935.957689928386, 'OE3': 27089.831239653213, 'OE4': 11868.912024951473, 'OE5': 11868.912024951473, 'OE6': 9653.4153042854, 'OE7': 2511.925171784229, 'OE8': 2046.745264836337, 'OE9': 1611.258023946912}","{'OE1': 9.416643175001488, 'OE2': 6.280555015611684, 'OE3': 6.0351774384921555, 'OE4': 5.0390678209303585, 'OE5': 5.0390678209303585, 'OE6': 0.21781745252207996, 'OE7': 6.197098415817367, 'OE8': 1.2405409107709935, 'OE9': 0.04866541333205944}","{'OE1': 49345, 'OE2': 49345, 'OE3': 47504, 'OE4': 20813, 'OE5': 20813, 'OE6': 20782, 'OE7': 5409, 'OE8': 5409, 'OE9': 5399}"
2051,1.609121081946796,0.0015342734853990717,199606109197.09653,1657.4536874502023,"{'OE1': 38825.12705625312, 'OE2': 38825.12705625312, 'OE3': 25631.363497939124, 'OE4': 11235.120436057452, 'OE5': 11235.120436057452, 'OE6': 9128.10710140054, 'OE7': 2596.503784342792, 'OE8': 2113.4229151707314, 'OE9': 1657.4536874502023}","{'OE1': 9.424411633334682, 'OE2': 6.2702276104279315, 'OE3': 5.920874991030104, 'OE4': 4.977282071204078, 'OE5': 4.977282071204078, 'OE6': 0.21778504899227724, 'OE7': 5.268192712792378, 'OE8': 1.2294607595631195, 'OE9': 0.053658439928961216}","{'OE1': 49314, 'OE2': 49314, 'OE3': 46758, 'OE4': 20496, 'OE5': 20496, 'OE6': 20465, 'OE7': 5822, 'OE8': 5822, 'OE9': 5804}"
2101,1.737280855525114,0.0015287522175574534,148806002665.27527,1500.2723948570779,"{'OE1': 38734.92421864922, 'OE2': 38734.92421864922, 'OE3': 22575.019862292378, 'OE4': 10034.235793795491, 'OE5': 10034.235793795491, 'OE6': 8139.83504825289, 'OE7': 2360.998169595209, 'OE8': 1919.3035416722241, 'OE9': 1500.2723948570779}","{'OE1': 9.38482943126769, 'OE2': 6.284300555748056, 'OE3': 5.814913561639422, 'OE4': 4.917558294464305, 'OE5': 4.917558294464305, 'OE6': 0.22359539806576356, 'OE7': 6.052015702084214, 'OE8': 1.234423452465777, 'OE9': 0.05017618748459482}","{'OE1': 49326, 'OE2': 49326, 'OE3': 46103, 'OE4': 20491, 'OE5': 20491, 'OE6': 20455, 'OE7': 5933, 'OE8': 5933, 'OE9': 5911}"
2151,1.7604812145236792,0.0016694279315398587,85951614683.64407,1055.4041764602503,"{'OE1': 38593.747920037895, 'OE2': 38593.747920037895, 'OE3': 17188.59002593544, 'OE4': 7677.299025371239, 'OE5': 7677.299025371239, 'OE6': 6217.110903253675, 'OE7': 1670.8975955916071, 'OE8': 1355.4695914928534, 'OE9': 1055.4041764602503}","{'OE1': 9.432518655689215, 'OE2': 6.2844581019616665, 'OE3': 5.711296262463456, 'OE4': 4.860214004072283, 'OE5': 4.860214004072283, 'OE6': 0.2194555258524819, 'OE7': 5.7884546208902155, 'OE8': 1.2045468666117118, 'OE9': 0.04995424777959309}","{'OE1': 49328, 'OE2': 49328, 'OE3': 45434, 'OE4': 20293, 'OE5': 20293, 'OE6': 20265, 'OE7': 5447, 'OE8': 5447, 'OE9': 5426}"
2201,1.8699809785548496,0.0015939725940785692,48839032490.78996,943.13106295958,"{'OE1': 38440.283010570536, 'OE2': 38440.283010570536, 'OE3': 14349.347096157555, 'OE4': 6451.1537388222105, 'OE5': 6451.1537388222105, 'OE6': 5213.57362990259, 'OE7': 1501.509658864552, 'OE8': 1215.2016449024504, 'OE9': 943.13106295958}","{'OE1': 9.383953750057353, 'OE2': 6.26084056011563, 'OE3': 5.597969863503415, 'OE4': 4.804654686559011, 'OE5': 4.804654686559011, 'OE6': 0.21110926229321397, 'OE7': 6.016040698168728, 'OE8': 1.1856264896935316, 'OE9': 0.05557464212698521}","{'OE1': 49337, 'OE2': 49337, 'OE3': 44777, 'OE4': 20129, 'OE5': 20129, 'OE6': 20108, 'OE7': 5779, 'OE8': 5779, 'OE9': 5761}"
2251,1.944586680358043,0.0016989115891972947,39504171979.4827,914.7676290110271,"{'OE1': 38291.458899741825, 'OE2': 38291.458899741825, 'OE3': 14952.57604054235, 'OE4': 6779.708981129646, 'OE5': 6779.708981129646, 'OE6': 5463.391381136873, 'OE7': 1468.2983561362362, 'OE8': 1185.2126567326263, 'OE9': 914.7676290110271}","{'OE1': 9.438085179899442, 'OE2': 6.2819560812888025, 'OE3': 5.520619362321931, 'OE4': 4.7503926542446875, 'OE5': 4.7503926542446875, 'OE6': 0.20311773774450215, 'OE7': 6.065875820527017, 'OE8': 1.2007263459116704, 'OE9': 0.054575008283103896}","{'OE1': 49377, 'OE2': 49377, 'OE3': 44173, 'OE4': 20028, 'OE5': 20028, 'OE6': 20002, 'OE7': 5376, 'OE8': 5376, 'OE9': 5358}"
2301,1.9884790449664251,0.0016883342055862894,37821692318.81509,994.6187636351422,"{'OE1': 38069.49190420484, 'OE2': 38069.49190420484, 'OE3': 15534.66897890694, 'OE4': 7118.892573944014, 'OE5': 7118.892573944014, 'OE6': 5717.23041231159, 'OE7': 1609.7584691509423, 'OE8': 1295.6016589095661, 'OE9': 994.6187636351422}","{'OE1': 9.421282463427412, 'OE2': 6.281203668391347, 'OE3': 5.416634576491184, 'OE4': 4.700703179473981, 'OE5': 4.700703179473981, 'OE6': 0.2306263681587799, 'OE7': 6.0470689361129235, 'OE8': 1.1665031125743568, 'OE9': 0.055761432752853446}","{'OE1': 49351, 'OE2': 49351, 'OE3': 43459, 'OE4': 19915, 'OE5': 19915, 'OE6': 19880, 'OE7': 5599, 'OE8': 5599, 'OE9': 5579}"
2351,2.176843373940301,0.0016588785198664439,35538093701.35818,1004.0529019032039,"{'OE1': 37842.80056026725, 'OE2': 37842.80056026725, 'OE3': 15704.403109969347, 'OE4': 7241.053912257347, 'OE5': 7241.053912257347, 'OE6': 5800.246090762837, 'OE7': 1640.251182522467, 'OE8': 1315.8431869208675, 'OE9': 1004.0529019032039}","{'OE1': 9.415205388207248, 'OE2': 6.284989897079125, 'OE3': 5.331402740495911, 'OE4': 4.648610966852775, 'OE5': 4.648610966852775, 'OE6': 0.21484914453666049, 'OE7': 6.109347478790235, 'OE8': 1.1186761145121071, 'OE9': 0.046674643094510915}","{'OE1': 49351, 'OE2': 49351, 'OE3': 42837, 'OE4': 19751, 'OE5': 19751, 'OE6': 19731, 'OE7': 5581, 'OE8': 5581, 'OE9': 5562}"
2401,2.13576143521459,0.0016532298696972252,41053596671.36166,1037.2591273868697,"{'OE1': 37589.04631008291, 'OE2': 37589.04631008291, 'OE3': 15795.46211524528, 'OE4': 7353.81149224492, 'OE5': 7353.81149224492, 'OE6': 5864.319871879083, 'OE7': 1714.0713192695193, 'OE8': 1369.7649774613287, 'OE9': 1037.2591273868697}","{'OE1': 9.437069401709682, 'OE2': 6.269245985475747, 'OE3': 5.240537395097306, 'OE4': 4.600582012638092, 'OE5': 4.600582012638092, 'OE6': 0.22033248858612575, 'OE7': 6.138364071242616, 'OE8': 1.1320773232991341, 'OE9': 0.04863804197489656}","{'OE1': 49368, 'OE2': 49368, 'OE3': 42268, 'OE4': 19678, 'OE5': 19678, 'OE6': 19648, 'OE7': 5744, 'OE8': 5744, 'OE9': 5723}"
2451,2.1784954169165758,0.0017905079982536648,42491530057.181625,934.4507203043893,"{'OE1': 37243.014410723044, 'OE2': 37243.014410723044, 'OE3': 15724.895023902292, 'OE4': 7411.216548240738, 'OE5': 7411.216548240738, 'OE6': 5878.653279101746, 'OE7': 1569.4333858698947, 'OE8': 1247.524437568799, 'OE9': 934.4507203043893}","{'OE1': 9.40898528258987, 'OE2': 6.283153670727973, 'OE3': 5.165548820236715, 'OE4': 4.554361375168108, 'OE5': 4.554361375168108, 'OE6': 0.2126054513929475, 'OE7': 5.624362989398676, 'OE8': 1.1403195751862394, 'OE9': 0.050010880442142164}","{'OE1': 49378, 'OE2': 49378, 'OE3': 41602, 'OE4': 19607, 'OE5': 19607, 'OE6': 19577, 'OE7': 5228, 'OE8': 5228, 'OE9': 5203}"
2501,2.0227306028573366,0.0017198297873543228,43764019891.85744,974.8627110347879,"{'OE1': 36799.05651284687, 'OE2': 36799.05651284687, 'OE3': 15569.519696681007, 'OE4': 7403.904634862531, 'OE5': 7403.904634862531, 'OE6': 5838.322185767788, 'OE7': 1662.4292723956776, 'OE8': 1313.6408701487508, 'OE9': 974.8627110347879}","{'OE1': 9.454838518670979, 'OE2': 6.281442688627109, 'OE3': 5.076558300803967, 'OE4': 4.508344003508036, 'OE5': 4.508344003508036, 'OE6': 0.22742772175520676, 'OE7': 6.119622623987187, 'OE8': 1.1027757335420418, 'OE9': 0.05382856234104269}","{'OE1': 49322, 'OE2': 49322, 'OE3': 40893, 'OE4': 19446, 'OE5': 19446, 'OE6': 19418, 'OE7': 5532, 'OE8': 5532, 'OE9': 5514}"
2551,2.32419683743683,0.001858284172992789,43330908061.63865,876.3447864758144,"{'OE1': 36329.127064925124, 'OE2': 36329.12706492512, 'OE3': 15217.759967490365, 'OE4': 7321.142263387673, 'OE5': 7321.142263387673, 'OE6': 5734.798297616623, 'OE7': 1524.331831127594, 'OE8': 1196.570160502324, 'OE9': 876.3447864758144}","{'OE1': 9.411988830176305, 'OE2': 6.280373360966593, 'OE3': 5.004847654729691, 'OE4': 4.463170957802609, 'OE5': 4.463170957802609, 'OE6': 0.19964386270737672, 'OE7': 6.040782529438289, 'OE8': 1.0877517274052209, 'OE9': 0.04908967937225034}","{'OE1': 49308, 'OE2': 49308, 'OE3': 40265, 'OE4': 19371, 'OE5': 19371, 'OE6': 19345, 'OE7': 5144, 'OE8': 5144, 'OE9': 5129}"
2601,2.339507489071366,0.001911067339498759,40455531255.98345,793.3163493612898,"{'OE1': 35822.95066570945, 'OE2': 35822.95066570945, 'OE3': 14555.627557633878, 'OE4': 7039.4404316501095, 'OE5': 7039.4404316501095, 'OE6': 5471.7315143477645, 'OE7': 1414.391888995431, 'OE8': 1102.0478029993542, 'OE9': 793.3163493612898}","{'OE1': 9.458175334055467, 'OE2': 6.283073271767146, 'OE3': 4.820194346112147, 'OE4': 4.419728079325058, 'OE5': 4.419728079325058, 'OE6': 0.22183195243558756, 'OE7': 6.207989829697204, 'OE8': 1.104136346676127, 'OE9': 0.050188912721933085}","{'OE1': 49342, 'OE2': 49342, 'OE3': 39602, 'OE4': 19152, 'OE5': 19152, 'OE6': 19123, 'OE7': 4946, 'OE8': 4946, 'OE9': 4923}"
2651,2.419382908617081,0.0017886770164663175,35895365215.89445,757.8826697558952,"{'OE1': 35105.50519005195, 'OE2': 35105.50519005195, 'OE3': 13196.806068026166, 'OE4': 6465.356953497289, 'OE5': 6465.356953497289, 'OE6': 4972.433600914744, 'OE7': 1393.9235106722554, 'OE8': 1074.957404592036, 'OE9': 757.8826697558952}","{'OE1': 9.430790753357547, 'OE2': 6.144567797756385, 'OE3': 4.742431801149667, 'OE4': 4.378784866942395, 'OE5': 4.378784866942395, 'OE6': 0.2044556683176597, 'OE7': 6.039872980977442, 'OE8': 1.068472723421295, 'OE9': 0.04798877574132843}","{'OE1': 49357, 'OE2': 49357, 'OE3': 39129, 'OE4': 19170, 'OE5': 19170, 'OE6': 19139, 'OE7': 5368, 'OE8': 5368, 'OE9': 5351}"
2701,2.5192810092657965,0.001898868347474334,33617332042.19538,691.1880012664834,"{'OE1': 34167.36838660978, 'OE2': 34167.36838660978, 'OE3': 13240.874042488096, 'OE4': 6554.399881639438, 'OE5': 6554.399881639438, 'OE6': 4976.001601652007, 'OE7': 1323.551908318243, 'OE8': 1007.9901916562426, 'OE9': 691.1880012664834}","{'OE1': 9.397282600136476, 'OE2': 6.152003123898427, 'OE3': 4.676293068174132, 'OE4': 4.337260855966342, 'OE5': 4.337260855966342, 'OE6': 0.22251490003630858, 'OE7': 6.102889268900404, 'OE8': 1.058939954086889, 'OE9': 0.04882730707250607}","{'OE1': 49321, 'OE2': 49321, 'OE3': 38504, 'OE4': 19060, 'OE5': 19060, 'OE6': 19026, 'OE7': 5064, 'OE8': 5064, 'OE9': 5049}"
2751,2.6031849590572165,0.001884204376260788,29999773300.17663,647.3582735663854,"{'OE1': 33039.691191902304, 'OE2': 33039.6911919023, 'OE3': 13025.966188557608, 'OE4': 6514.4898325149825, 'OE5': 6514.4898325149825, 'OE6': 4875.281744429371, 'OE7': 1305.8306839561683, 'OE8': 980.1344870324453, 'OE9': 647.3582735663854}","{'OE1': 9.366169324930757, 'OE2': 6.008199226351847, 'OE3': 4.40380222979729, 'OE4': 4.2988354510095395, 'OE5': 4.2988354510095395, 'OE6': 0.22087188226048438, 'OE7': 6.100002998433116, 'OE8': 1.078277718910087, 'OE9': 0.0433324460294834}","{'OE1': 49308, 'OE2': 49308, 'OE3': 37967, 'OE4': 18988, 'OE5': 18988, 'OE6': 18963, 'OE7': 5083, 'OE8': 5083, 'OE9': 5068}"
2801,2.5774210860663516,0.0018951034214440513,27396117796.373886,567.8970514467492,"{'OE1': 31257.39487136358, 'OE2': 31257.39487136358, 'OE3': 12393.383457118889, 'OE4': 6261.005704204264, 'OE5': 6261.005704204264, 'OE6': 4575.635346518091, 'OE7': 1252.3127564028032, 'OE8': 918.3390233350566, 'OE9': 567.8970514467492}","{'OE1': 9.448301180827418, 'OE2': 5.884601643815149, 'OE3': 4.450487373088425, 'OE4': 4.259286702433535, 'OE5': 4.259286702433535, 'OE6': 0.19769153797542782, 'OE7': 6.1267722385407986, 'OE8': 1.0392766197584806, 'OE9': 0.04783606954719202}","{'OE1': 49348, 'OE2': 49348, 'OE3': 37385, 'OE4': 18887, 'OE5': 18887, 'OE6': 18866, 'OE7': 5166, 'OE8': 5166, 'OE9': 5153}"
2851,2.7110565324928757,0.0018343918228482885,22359674401.89327,461.5167842931145,"{'OE1': 28703.545452491937, 'OE2': 28703.545452491937, 'OE3': 11421.530798379832, 'OE4': 5827.312381081794, 'OE5': 5827.312381081794, 'OE6': 4128.025524746472, 'OE7': 1153.3249507833118, 'OE8': 820.8565624644513, 'OE9': 461.5167842931145}","{'OE1': 9.443209236027565, 'OE2': 5.879717873602424, 'OE3': 4.280733986473871, 'OE4': 4.220755907588458, 'OE5': 4.220755907588458, 'OE6': 0.2063166086530001, 'OE7': 6.177237896746062, 'OE8': 1.0315187060730049, 'OE9': 0.05646209832681959}","{'OE1': 49299, 'OE2': 49299, 'OE3': 36848, 'OE4': 18802, 'OE5': 18802, 'OE6': 18777, 'OE7': 5251, 'OE8': 5251, 'OE9': 5235}"
2901,2.7613743192378024,0.0019087777859657074,14320352763.68469,278.2722995058722,"{'OE1': 24089.611906645172, 'OE2': 24089.611906645172, 'OE3': 9573.859904575676, 'OE4': 4936.9963887217955, 'OE5': 4936.9963887217955, 'OE6': 3306.377975548771, 'OE7': 879.5480587116567, 'OE8': 593.3908611610179, 'OE9': 278.2722995058722}","{'OE1': 9.411517634533933, 'OE2': 6.011308702327431, 'OE3': 4.305050821440406, 'OE4': 4.1862894545246085, 'OE5': 4.1862894545246085, 'OE6': 0.2211743932307253, 'OE7': 6.116440927081985, 'OE8': 1.0250748654633732, 'OE9': 0.055765842605359855}","{'OE1': 49399, 'OE2': 49399, 'OE3': 36402, 'OE4': 18776, 'OE5': 18776, 'OE6': 18753, 'OE7': 4989, 'OE8': 4989, 'OE9': 4974}"
2951,2.88121248334528,0.0018550077632116986,5248296121.589825,103.0201543619109,"{'OE1': 15677.325652024716, 'OE2': 15677.325652024716, 'OE3': 6209.77602763419, 'OE4': 3226.4401122534737, 'OE5': 3226.4401122534737, 'OE6': 1890.0268428450154, 'OE7': 531.6188325137703, 'OE8': 316.1287704499466, 'OE9': 103.0201543619109}","{'OE1': 9.390684351990382, 'OE2': 6.021788411529818, 'OE3': 4.066187306957068, 'OE4': 4.150167867997779, 'OE5': 4.150167867997779, 'OE6': 0.20225984012874215, 'OE7': 6.0984371401402875, 'OE8': 1.019632693558939, 'OE9': 0.043858484692581384}","{'OE1': 49378, 'OE2': 49378, 'OE3': 35832, 'OE4': 18619, 'OE5': 18619, 'OE6': 18597, 'OE7': 5244, 'OE8': 5244, 'OE9': 5228}"
3001,2.9385165383173444,0.0019008883765839351,605270970.5417043,11.441632820800503,"{'OE1': 7634.633591046677, 'OE2': 7634.633591046677, 'OE3': 2996.307055136907, 'OE4': 1576.6343688869076, 'OE5': 1576.6343688869076, 'OE6': 547.9196591759114, 'OE7': 180.04489001471853, 'OE8': 70.2518201495377, 'OE9': 11.441632820800503}","{'OE1': 9.457996665559126, 'OE2': 5.743419051970777, 'OE3': 4.099292443731036, 'OE4': 4.11557709057846, 'OE5': 4.11557709057846, 'OE6': 0.22192704827937032, 'OE7': 6.093687822958738, 'OE8': 1.0072143654653682, 'OE9': 0.05240707462617136}","{'OE1': 49339, 'OE2': 49339, 'OE3': 35353, 'OE4': 18603, 'OE5': 18603, 'OE6': 18581, 'OE7': 5275, 'OE8': 5275, 'OE9': 5255}"
